transaction_id,date,time,payment_app,transaction_type,category,amount_inr,sender_bank,receiver_bank,device_type,network_type,city,status,failure_reason,retry_attempted,response_time_ms
UPI2025000001,2025-09-06,07:47:17,Google Pay,P2P,Peer Transfer,193.52,ICICI Bank,IDBI Bank,Android,5G,Patiala,FAILED,Insufficient Balance,Yes,4031
UPI2025000002,2025-08-22,02:12:45,Paytm,P2P,Peer Transfer,4397.79,Union Bank of India,Kotak Mahindra Bank,Android,WiFi,Ludhiana,SUCCESS,N/A,N/A,1589
UPI2025000003,2025-03-04,17:21:17,Google Pay,P2P,Peer Transfer,20.09,Bank of Baroda,HDFC Bank,Android,WiFi,Hyderabad,SUCCESS,N/A,N/A,1382
UPI2025000004,2025-10-11,13:07:59,PhonePe,P2M,Peer Transfer,159.08,Union Bank of India,Punjab National Bank,iOS,4G,Jalandhar,SUCCESS,N/A,N/A,1380
UPI2025000005,2025-01-18,17:49:18,CRED,P2P,Peer Transfer,309.81,Axis Bank,HDFC Bank,Android,WiFi,Amritsar,SUCCESS,N/A,N/A,3119
UPI2025000006,2025-03-23,17:44:59,Paytm,P2M,Education Fee,107.84,HDFC Bank,IndusInd Bank,Android,4G,Jaipur,SUCCESS,N/A,N/A,1596
UPI2025000007,2025-12-26,16:35:14,Paytm,P2M,Medical/Pharmacy,7927.32,SBI,Axis Bank,Android,4G,Kolkata,FAILED,Beneficiary Bank Server Down,No,3298
UPI2025000008,2025-09-07,13:16:08,Google Pay,P2P,Peer Transfer,345.27,Union Bank of India,Union Bank of India,Android,WiFi,Jaipur,SUCCESS,N/A,N/A,1537
UPI2025000009,2025-02-23,14:05:48,Google Pay,P2M,Utility Bill,4591.94,HDFC Bank,ICICI Bank,Android,4G,Jaipur,SUCCESS,N/A,N/A,1987
UPI2025000010,2025-07-01,15:35:55,WhatsApp Pay,P2P,Peer Transfer,1331.85,Yes Bank,IDBI Bank,iOS,WiFi,Kolkata,FAILED,Bank Server Down,Yes,580
UPI2025000011,2025-10-08,20:16:32,Paytm,P2M,Fuel,31905.5,Union Bank of India,HDFC Bank,iOS,5G,Jalandhar,FAILED,Invalid VPA / Beneficiary Not Found,Yes,4268
UPI2025000012,2025-10-30,21:58:00,PhonePe,P2P,Peer Transfer,200.45,Canara Bank,SBI,Android,3G,Ahmedabad,SUCCESS,N/A,N/A,1529
UPI2025000013,2025-04-04,20:05:05,Paytm,P2M,Recharge/Bill Payment,2942.13,HDFC Bank,Union Bank of India,Android,WiFi,Amritsar,SUCCESS,N/A,N/A,1190
UPI2025000014,2025-12-05,16:13:59,PhonePe,P2P,Peer Transfer,4169.58,IDBI Bank,IDBI Bank,Android,3G,Lucknow,SUCCESS,N/A,N/A,2350
UPI2025000015,2025-07-21,13:15:14,Google Pay,P2M,Peer Transfer,387.92,SBI,IndusInd Bank,Android,4G,Delhi,SUCCESS,N/A,N/A,2098
UPI2025000016,2025-12-18,03:21:04,PhonePe,P2P,Peer Transfer,172.14,Punjab National Bank,Yes Bank,Android,5G,Noida,SUCCESS,N/A,N/A,2677
UPI2025000017,2025-07-03,19:12:06,Google Pay,P2P,Peer Transfer,367.51,Kotak Mahindra Bank,Bank of Baroda,Android,5G,Bengaluru,FAILED,Invalid VPA / Beneficiary Not Found,No,5223
UPI2025000018,2025-02-12,10:12:34,PhonePe,P2P,Peer Transfer,382.78,Kotak Mahindra Bank,ICICI Bank,Android,WiFi,Chennai,SUCCESS,N/A,N/A,1219
UPI2025000019,2025-11-29,15:03:41,CRED,P2M,E-commerce,266.14,SBI,HDFC Bank,Android,5G,Jalandhar,SUCCESS,N/A,N/A,1878
UPI2025000020,2025-12-17,05:24:00,CRED,P2P,Peer Transfer,164.03,Punjab National Bank,Canara Bank,Android,5G,Bhopal,SUCCESS,N/A,N/A,1530
UPI2025000021,2025-07-09,08:18:13,WhatsApp Pay,P2P,Peer Transfer,211.09,IndusInd Bank,IDBI Bank,Android,4G,Noida,SUCCESS,N/A,N/A,1072
UPI2025000022,2025-11-28,15:03:32,Google Pay,P2M,Utility Bill,4136.54,ICICI Bank,HDFC Bank,iOS,4G,Pune,SUCCESS,N/A,N/A,1348
UPI2025000023,2025-01-16,16:26:42,PhonePe,P2M,E-commerce,403.8,Union Bank of India,Bank of Baroda,Android,4G,Hyderabad,SUCCESS,N/A,N/A,1168
UPI2025000024,2025-09-18,17:29:20,Amazon Pay,P2P,Peer Transfer,2421.99,HDFC Bank,SBI,iOS,3G,Mumbai,SUCCESS,N/A,N/A,1505
UPI2025000025,2025-07-16,10:59:22,Amazon Pay,P2P,Peer Transfer,13.41,Axis Bank,Bank of Baroda,Android,5G,Ahmedabad,SUCCESS,N/A,N/A,1491
UPI2025000026,2025-11-10,17:00:42,BHIM,P2P,Peer Transfer,1954.41,Punjab National Bank,Yes Bank,iOS,4G,Bengaluru,SUCCESS,N/A,N/A,1077
UPI2025000027,2025-03-02,10:38:13,Paytm,P2M,Fuel,188.18,Axis Bank,Yes Bank,Android,4G,Delhi,FAILED,Bank Server Down,Yes,662
UPI2025000028,2025-01-02,11:08:40,CRED,P2P,Peer Transfer,149.57,ICICI Bank,IDBI Bank,Android,5G,Bengaluru,FAILED,NPCI Server Error,No,4446
UPI2025000029,2025-07-31,04:23:37,PhonePe,P2P,Peer Transfer,35.22,Kotak Mahindra Bank,ICICI Bank,Android,WiFi,Delhi,SUCCESS,N/A,N/A,1768
UPI2025000030,2025-03-23,17:42:06,PhonePe,P2M,Rent,1589.25,Union Bank of India,Kotak Mahindra Bank,Android,WiFi,Amritsar,SUCCESS,N/A,N/A,748
UPI2025000031,2025-11-11,09:26:01,Google Pay,P2M,Rent,3776.97,Bank of Baroda,Kotak Mahindra Bank,Android,4G,Bengaluru,SUCCESS,N/A,N/A,2328
UPI2025000032,2025-01-16,19:14:12,BHIM,P2P,Peer Transfer,54.24,Canara Bank,Bank of Baroda,Android,4G,Ludhiana,SUCCESS,N/A,N/A,3771
UPI2025000033,2025-06-04,11:55:04,WhatsApp Pay,P2M,Travel,29.98,Punjab National Bank,Bank of Baroda,Android,WiFi,Kolkata,SUCCESS,N/A,N/A,404
UPI2025000034,2025-02-14,20:16:11,PhonePe,P2P,Peer Transfer,326.13,Punjab National Bank,SBI,Android,5G,Kolkata,SUCCESS,N/A,N/A,1861
UPI2025000035,2025-07-18,07:57:36,Google Pay,P2P,Peer Transfer,469.0,SBI,IDBI Bank,Android,WiFi,Jalandhar,SUCCESS,N/A,N/A,2532
UPI2025000036,2025-01-28,21:58:21,Paytm,P2M,Fuel,410.44,Yes Bank,HDFC Bank,Android,5G,Kolkata,SUCCESS,N/A,N/A,692
UPI2025000037,2025-04-25,15:12:26,Paytm,P2M,Recharge/Bill Payment,4537.47,Kotak Mahindra Bank,Yes Bank,Android,4G,Bhopal,SUCCESS,N/A,N/A,686
UPI2025000038,2025-04-29,11:27:50,PhonePe,P2P,Peer Transfer,4537.0,Yes Bank,Bank of Baroda,Android,4G,Noida,SUCCESS,N/A,N/A,611
UPI2025000039,2025-11-06,18:42:05,Google Pay,P2M,Food Delivery,878.63,Yes Bank,Yes Bank,Android,WiFi,Ahmedabad,SUCCESS,N/A,N/A,2063
UPI2025000040,2025-03-19,08:02:15,CRED,P2P,Peer Transfer,1223.64,IndusInd Bank,HDFC Bank,iOS,5G,Jaipur,SUCCESS,N/A,N/A,1157
UPI2025000041,2025-04-05,08:44:00,Amazon Pay,P2P,Peer Transfer,329.46,HDFC Bank,Kotak Mahindra Bank,Android,5G,Chennai,FAILED,Incorrect UPI PIN,No,6817
UPI2025000042,2025-06-27,08:29:42,PhonePe,P2P,Peer Transfer,328.32,Union Bank of India,IndusInd Bank,Android,4G,Gurugram,SUCCESS,N/A,N/A,1061
UPI2025000043,2025-12-19,15:57:10,Paytm,P2P,Peer Transfer,55.9,Canara Bank,Canara Bank,Android,5G,Gurugram,SUCCESS,N/A,N/A,1730
UPI2025000044,2025-04-03,10:04:45,Google Pay,P2P,Peer Transfer,447.1,Punjab National Bank,Bank of Baroda,Android,4G,Pune,SUCCESS,N/A,N/A,2107
UPI2025000045,2025-03-01,17:04:26,PhonePe,P2P,Peer Transfer,2716.33,Union Bank of India,Canara Bank,Android,4G,Ludhiana,SUCCESS,N/A,N/A,836
UPI2025000046,2025-10-25,15:30:00,WhatsApp Pay,P2M,Travel,470.82,Punjab National Bank,Kotak Mahindra Bank,Android,5G,Pune,SUCCESS,N/A,N/A,2234
UPI2025000047,2025-04-16,13:01:24,PhonePe,P2M,Entertainment,24268.29,Yes Bank,Kotak Mahindra Bank,iOS,3G,Bhopal,FAILED,Bank Server Down,No,2806
UPI2025000048,2025-01-11,06:27:08,BHIM,P2P,Peer Transfer,427.06,ICICI Bank,SBI,Android,5G,Kolkata,SUCCESS,N/A,N/A,436
UPI2025000049,2025-05-28,11:53:26,Google Pay,P2P,Peer Transfer,468.72,HDFC Bank,Canara Bank,Android,3G,Lucknow,SUCCESS,N/A,N/A,1852
UPI2025000050,2025-01-27,18:41:02,Paytm,P2M,Peer Transfer,3833.46,Axis Bank,Axis Bank,Android,4G,Bengaluru,SUCCESS,N/A,N/A,771
UPI2025000051,2025-03-26,13:16:49,PhonePe,P2M,Rent,1821.16,IndusInd Bank,IndusInd Bank,Android,WiFi,Ahmedabad,FAILED,Insufficient Balance,Yes,5530
UPI2025000052,2025-09-21,20:24:25,WhatsApp Pay,P2M,Utility Bill,3424.84,Axis Bank,HDFC Bank,Android,5G,Ahmedabad,SUCCESS,N/A,N/A,5267
UPI2025000053,2025-08-22,19:50:36,Paytm,P2P,Peer Transfer,446.1,Bank of Baroda,Union Bank of India,Android,5G,Kolkata,FAILED,Bank Server Down,Yes,3529
UPI2025000054,2025-06-18,22:40:57,BHIM,P2P,Peer Transfer,238.14,IDBI Bank,ICICI Bank,Android,WiFi,Hyderabad,SUCCESS,N/A,N/A,1873
UPI2025000055,2025-12-24,15:30:29,PhonePe,P2P,Peer Transfer,24.95,IDBI Bank,IndusInd Bank,iOS,WiFi,Mumbai,SUCCESS,N/A,N/A,1857
UPI2025000056,2025-06-25,10:29:36,PhonePe,P2P,Peer Transfer,387.3,Kotak Mahindra Bank,Bank of Baroda,iOS,4G,Jalandhar,SUCCESS,N/A,N/A,830
UPI2025000057,2025-04-11,12:56:38,Paytm,P2P,Peer Transfer,2891.1,Punjab National Bank,Union Bank of India,iOS,4G,Patiala,SUCCESS,N/A,N/A,200
UPI2025000058,2025-10-22,10:30:41,Paytm,P2P,Peer Transfer,399.64,Canara Bank,SBI,Android,5G,Ahmedabad,SUCCESS,N/A,N/A,1967
UPI2025000059,2025-05-24,14:33:22,PhonePe,P2P,Peer Transfer,4831.92,IDBI Bank,Union Bank of India,Android,4G,Hyderabad,SUCCESS,N/A,N/A,719
UPI2025000060,2025-10-08,09:07:47,PhonePe,P2P,Peer Transfer,1626.09,IDBI Bank,ICICI Bank,Android,4G,Gurugram,SUCCESS,N/A,N/A,1498
UPI2025000061,2025-02-09,19:18:14,PhonePe,P2M,Recharge/Bill Payment,1759.7,Punjab National Bank,SBI,Android,3G,Bhopal,SUCCESS,N/A,N/A,3709
UPI2025000062,2025-02-19,16:48:31,Google Pay,P2P,Peer Transfer,1614.79,SBI,IndusInd Bank,Android,4G,Delhi,SUCCESS,N/A,N/A,2729
UPI2025000063,2025-12-01,14:52:04,PhonePe,P2M,Grocery,17.05,HDFC Bank,IndusInd Bank,Android,WiFi,Ahmedabad,FAILED,Incorrect UPI PIN,No,5387
UPI2025000064,2025-06-11,16:50:39,Google Pay,P2P,Peer Transfer,242.35,Union Bank of India,Kotak Mahindra Bank,Android,WiFi,Patiala,SUCCESS,N/A,N/A,2497
UPI2025000065,2025-08-30,05:47:06,WhatsApp Pay,P2P,Peer Transfer,2452.33,Axis Bank,Yes Bank,Android,4G,Amritsar,SUCCESS,N/A,N/A,1403
UPI2025000066,2025-03-02,00:28:44,PhonePe,P2P,Peer Transfer,3316.37,Punjab National Bank,SBI,Android,5G,Chennai,FAILED,Incorrect UPI PIN,Yes,4761
UPI2025000067,2025-11-04,16:42:51,WhatsApp Pay,P2P,Peer Transfer,1233.2,Kotak Mahindra Bank,HDFC Bank,Android,WiFi,Chandigarh,FAILED,Insufficient Balance,Yes,4639
UPI2025000068,2025-10-18,19:58:18,PhonePe,P2P,Peer Transfer,3089.63,Canara Bank,IDBI Bank,Android,4G,Bhopal,SUCCESS,N/A,N/A,1453
UPI2025000069,2025-02-01,16:56:27,Paytm,P2P,Peer Transfer,234.54,IndusInd Bank,Punjab National Bank,Android,5G,Ludhiana,SUCCESS,N/A,N/A,2052
UPI2025000070,2025-09-19,19:36:02,Paytm,P2P,Peer Transfer,44.88,ICICI Bank,Canara Bank,Android,4G,Patiala,SUCCESS,N/A,N/A,1239
UPI2025000071,2025-07-10,22:30:22,PhonePe,P2P,Peer Transfer,1768.35,Bank of Baroda,Yes Bank,Android,4G,Noida,SUCCESS,N/A,N/A,2609
UPI2025000072,2025-06-05,19:35:02,PhonePe,P2P,Peer Transfer,370.18,Bank of Baroda,Punjab National Bank,iOS,4G,Gurugram,SUCCESS,N/A,N/A,2076
UPI2025000073,2025-01-01,17:34:29,PhonePe,P2P,Peer Transfer,377.8,Axis Bank,Union Bank of India,Android,5G,Delhi,FAILED,Transaction Timeout,No,7055
UPI2025000074,2025-06-20,20:31:07,Google Pay,P2M,Rent,176.99,Yes Bank,IndusInd Bank,Android,5G,Bhopal,SUCCESS,N/A,N/A,1267
UPI2025000075,2025-03-29,23:58:07,PhonePe,P2M,Entertainment,9640.57,HDFC Bank,Yes Bank,iOS,4G,Hyderabad,SUCCESS,N/A,N/A,2974
UPI2025000076,2025-07-07,22:15:29,PhonePe,P2M,Education Fee,166.82,Kotak Mahindra Bank,Axis Bank,Android,4G,Mumbai,SUCCESS,N/A,N/A,1818
UPI2025000077,2025-11-03,19:21:59,Paytm,P2P,Peer Transfer,19369.11,Punjab National Bank,SBI,Android,5G,Noida,SUCCESS,N/A,N/A,1887
UPI2025000078,2025-06-23,15:22:21,PhonePe,P2P,Peer Transfer,319.6,Union Bank of India,Kotak Mahindra Bank,Android,4G,Pune,SUCCESS,N/A,N/A,2335
UPI2025000079,2025-04-01,19:26:02,Google Pay,P2M,Travel,3885.69,Canara Bank,IDBI Bank,Android,5G,Chandigarh,SUCCESS,N/A,N/A,1788
UPI2025000080,2025-01-15,08:37:21,BHIM,P2P,Peer Transfer,2972.88,Canara Bank,HDFC Bank,Android,5G,Patiala,SUCCESS,N/A,N/A,992
UPI2025000081,2025-03-01,06:50:16,PhonePe,P2M,Medical/Pharmacy,1026.8,IDBI Bank,Kotak Mahindra Bank,iOS,WiFi,Jaipur,SUCCESS,N/A,N/A,1060
UPI2025000082,2025-09-01,18:48:31,Amazon Pay,P2P,Peer Transfer,3654.36,SBI,IndusInd Bank,Android,WiFi,Pune,SUCCESS,N/A,N/A,2019
UPI2025000083,2025-06-18,22:48:40,Paytm,P2P,Peer Transfer,8817.7,HDFC Bank,Canara Bank,Android,4G,Kolkata,SUCCESS,N/A,N/A,496
UPI2025000084,2025-04-24,12:27:09,Google Pay,P2M,Recharge/Bill Payment,4762.62,Kotak Mahindra Bank,IndusInd Bank,Android,4G,Jaipur,SUCCESS,N/A,N/A,533
UPI2025000085,2025-04-04,14:37:09,Google Pay,P2P,Peer Transfer,194.37,Yes Bank,Punjab National Bank,Android,WiFi,Chennai,SUCCESS,N/A,N/A,2571
UPI2025000086,2025-09-21,15:04:28,WhatsApp Pay,P2M,Travel,64.49,IndusInd Bank,Punjab National Bank,Android,5G,Ahmedabad,FAILED,Bank Server Down,Yes,4180
UPI2025000087,2025-04-03,12:22:36,Google Pay,P2P,Peer Transfer,1034.68,IDBI Bank,Punjab National Bank,iOS,4G,Ludhiana,SUCCESS,N/A,N/A,2267
UPI2025000088,2025-09-24,18:03:58,PhonePe,P2M,E-commerce,2186.92,Canara Bank,Punjab National Bank,Android,4G,Jalandhar,SUCCESS,N/A,N/A,3179
UPI2025000089,2025-09-21,18:49:42,Paytm,P2P,Peer Transfer,5546.95,ICICI Bank,Yes Bank,Android,4G,Chennai,FAILED,Bank Server Down,Yes,4948
UPI2025000090,2025-12-20,11:47:26,Google Pay,P2M,Medical/Pharmacy,46.16,ICICI Bank,Union Bank of India,Android,WiFi,Amritsar,SUCCESS,N/A,N/A,1811
UPI2025000091,2025-11-17,21:51:18,Paytm,P2P,Peer Transfer,3630.87,Bank of Baroda,HDFC Bank,Android,WiFi,Pune,SUCCESS,N/A,N/A,2585
UPI2025000092,2025-10-09,17:25:54,BHIM,P2M,Grocery,1764.33,Bank of Baroda,HDFC Bank,Android,4G,Lucknow,SUCCESS,N/A,N/A,1965
UPI2025000093,2025-09-19,10:24:52,Paytm,P2M,Entertainment,233.27,Bank of Baroda,HDFC Bank,Android,WiFi,Bhopal,SUCCESS,N/A,N/A,200
UPI2025000094,2025-08-25,09:04:40,BHIM,P2M,Food Delivery,48847.77,IDBI Bank,Punjab National Bank,Android,WiFi,Ahmedabad,SUCCESS,N/A,N/A,1326
UPI2025000095,2025-02-15,07:56:34,Google Pay,P2M,Rent,2912.43,Canara Bank,Bank of Baroda,Android,5G,Chandigarh,SUCCESS,N/A,N/A,991
UPI2025000096,2025-09-12,07:31:39,PhonePe,P2M,E-commerce,4201.42,Punjab National Bank,SBI,Android,WiFi,Lucknow,FAILED,Daily Transaction Limit Exceeded,Yes,5483
UPI2025000097,2025-09-08,12:25:17,Google Pay,P2P,Peer Transfer,2382.09,HDFC Bank,Canara Bank,Android,5G,Ludhiana,FAILED,Bank Server Down,No,6858
UPI2025000098,2025-11-02,15:04:53,Paytm,P2P,Peer Transfer,493.77,Axis Bank,IndusInd Bank,iOS,4G,Chandigarh,SUCCESS,N/A,N/A,1377
UPI2025000099,2025-08-20,00:54:09,CRED,P2M,Food Delivery,485.26,Union Bank of India,Punjab National Bank,Android,4G,Ludhiana,SUCCESS,N/A,N/A,365
UPI2025000100,2025-11-03,10:20:01,Google Pay,P2M,Education Fee,41580.55,SBI,ICICI Bank,Android,4G,Chennai,SUCCESS,N/A,N/A,1260
UPI2025000101,2025-07-19,16:28:32,Google Pay,P2M,Utility Bill,39604.43,IndusInd Bank,SBI,Android,5G,Ludhiana,FAILED,Beneficiary Bank Server Down,Yes,3599
UPI2025000102,2025-09-24,07:45:58,PhonePe,P2M,Food Delivery,1081.22,HDFC Bank,Bank of Baroda,Android,5G,Bhopal,SUCCESS,N/A,N/A,2360
UPI2025000103,2025-05-28,23:33:18,PhonePe,P2P,Peer Transfer,122.03,IndusInd Bank,Kotak Mahindra Bank,Android,WiFi,Bhopal,SUCCESS,N/A,N/A,2099
UPI2025000104,2025-03-25,13:56:14,PhonePe,P2P,Peer Transfer,3975.43,Canara Bank,Kotak Mahindra Bank,Android,4G,Hyderabad,SUCCESS,N/A,N/A,1126
UPI2025000105,2025-03-01,17:30:04,Google Pay,P2P,Peer Transfer,280.43,HDFC Bank,HDFC Bank,Android,4G,Chandigarh,SUCCESS,N/A,N/A,2380
UPI2025000106,2025-08-16,22:35:21,Paytm,P2M,Travel,355.0,Kotak Mahindra Bank,Bank of Baroda,iOS,5G,Ahmedabad,SUCCESS,N/A,N/A,3031
UPI2025000107,2025-05-17,07:32:13,Google Pay,P2M,Medical/Pharmacy,181.79,Canara Bank,Axis Bank,iOS,4G,Hyderabad,SUCCESS,N/A,N/A,1557
UPI2025000108,2025-11-10,13:35:49,BHIM,P2M,Grocery,4026.44,IndusInd Bank,Yes Bank,Android,5G,Hyderabad,FAILED,Incorrect UPI PIN,No,5935
UPI2025000109,2025-12-24,12:00:11,BHIM,P2P,Peer Transfer,11618.31,IndusInd Bank,Yes Bank,Android,5G,Ludhiana,FAILED,Beneficiary Bank Server Down,Yes,1093
UPI2025000110,2025-06-26,12:23:19,Paytm,P2P,Peer Transfer,234.98,IndusInd Bank,IndusInd Bank,Android,4G,Delhi,SUCCESS,N/A,N/A,1750
UPI2025000111,2025-04-16,13:27:31,PhonePe,P2P,Peer Transfer,320.37,Kotak Mahindra Bank,Punjab National Bank,Android,4G,Bengaluru,SUCCESS,N/A,N/A,2129
UPI2025000112,2025-09-21,16:33:42,Google Pay,P2M,Grocery,99.12,Axis Bank,Kotak Mahindra Bank,Android,4G,Jalandhar,SUCCESS,N/A,N/A,954
UPI2025000113,2025-10-24,10:20:07,Google Pay,P2P,Peer Transfer,337.1,IDBI Bank,Kotak Mahindra Bank,Android,5G,Gurugram,SUCCESS,N/A,N/A,1322
UPI2025000114,2025-09-17,19:04:25,BHIM,P2P,Peer Transfer,96.74,SBI,Kotak Mahindra Bank,iOS,WiFi,Patiala,SUCCESS,N/A,N/A,1086
UPI2025000115,2025-10-03,16:18:07,PhonePe,P2M,Peer Transfer,2139.21,Bank of Baroda,ICICI Bank,Android,5G,Lucknow,FAILED,Network Connectivity Issue,Yes,3100
UPI2025000116,2025-08-17,12:05:25,Amazon Pay,P2P,Peer Transfer,438.05,IDBI Bank,Bank of Baroda,Android,4G,Bengaluru,SUCCESS,N/A,N/A,1992
UPI2025000117,2025-03-17,20:22:22,Paytm,P2P,Peer Transfer,405.04,Yes Bank,ICICI Bank,Android,4G,Chandigarh,SUCCESS,N/A,N/A,1552
UPI2025000118,2025-09-12,06:49:40,PhonePe,P2P,Peer Transfer,2160.11,IndusInd Bank,IndusInd Bank,iOS,5G,Kolkata,SUCCESS,N/A,N/A,200
UPI2025000119,2025-09-01,11:28:04,PhonePe,P2M,Peer Transfer,1635.97,Yes Bank,Punjab National Bank,Android,5G,Ahmedabad,SUCCESS,N/A,N/A,4570
UPI2025000120,2025-01-15,05:53:18,Google Pay,P2M,Travel,62.51,HDFC Bank,IndusInd Bank,Android,5G,Delhi,SUCCESS,N/A,N/A,2807
UPI2025000121,2025-11-11,15:12:20,PhonePe,P2M,Entertainment,141.93,Union Bank of India,ICICI Bank,Android,WiFi,Kolkata,SUCCESS,N/A,N/A,1218
UPI2025000122,2025-02-02,14:11:02,Google Pay,P2P,Peer Transfer,4507.37,Canara Bank,Canara Bank,Android,4G,Ahmedabad,SUCCESS,N/A,N/A,826
UPI2025000123,2025-10-28,11:38:03,Paytm,P2P,Peer Transfer,396.69,Yes Bank,Bank of Baroda,Android,5G,Ahmedabad,SUCCESS,N/A,N/A,3170
UPI2025000124,2025-11-27,17:58:38,Amazon Pay,P2M,Recharge/Bill Payment,221.51,Bank of Baroda,HDFC Bank,iOS,4G,Jaipur,FAILED,Invalid VPA / Beneficiary Not Found,Yes,5577
UPI2025000125,2025-08-06,12:50:21,BHIM,P2M,Rent,21024.35,Yes Bank,IDBI Bank,iOS,WiFi,Mumbai,SUCCESS,N/A,N/A,541
UPI2025000126,2025-06-14,14:01:23,Google Pay,P2M,Entertainment,59.87,Axis Bank,Bank of Baroda,Android,3G,Chandigarh,FAILED,Network Connectivity Issue,Yes,5625
UPI2025000127,2025-10-27,15:47:56,PhonePe,P2M,Peer Transfer,1782.93,Yes Bank,Bank of Baroda,Android,4G,Amritsar,FAILED,Daily Transaction Limit Exceeded,No,4597
UPI2025000128,2025-12-17,08:28:02,PhonePe,P2P,Peer Transfer,211.09,Yes Bank,IDBI Bank,Android,4G,Chennai,SUCCESS,N/A,N/A,1052
UPI2025000129,2025-04-03,11:51:50,PhonePe,P2M,Peer Transfer,485.04,Axis Bank,Bank of Baroda,iOS,5G,Ahmedabad,SUCCESS,N/A,N/A,2250
UPI2025000130,2025-07-15,15:10:52,Google Pay,P2M,Grocery,465.39,IndusInd Bank,ICICI Bank,Android,WiFi,Bhopal,SUCCESS,N/A,N/A,920
UPI2025000131,2025-10-04,19:54:07,Google Pay,P2P,Peer Transfer,387.05,ICICI Bank,Punjab National Bank,Android,WiFi,Mumbai,SUCCESS,N/A,N/A,335
UPI2025000132,2025-03-28,19:56:22,WhatsApp Pay,P2P,Peer Transfer,66.27,Kotak Mahindra Bank,SBI,Android,4G,Mumbai,SUCCESS,N/A,N/A,1843
UPI2025000133,2025-01-11,11:06:53,Paytm,P2P,Peer Transfer,85.64,Bank of Baroda,ICICI Bank,Android,WiFi,Chandigarh,SUCCESS,N/A,N/A,1025
UPI2025000134,2025-07-02,13:00:57,Google Pay,P2M,Education Fee,4954.82,Punjab National Bank,Axis Bank,iOS,5G,Patiala,FAILED,Incorrect UPI PIN,Yes,3730
UPI2025000135,2025-01-19,10:40:50,Paytm,P2M,Entertainment,134.77,HDFC Bank,HDFC Bank,Android,4G,Gurugram,SUCCESS,N/A,N/A,200
UPI2025000136,2025-10-07,08:27:00,PhonePe,P2P,Peer Transfer,42377.87,Axis Bank,IndusInd Bank,Android,4G,Lucknow,FAILED,Beneficiary Bank Server Down,Yes,2906
UPI2025000137,2025-07-17,15:24:55,PhonePe,P2M,Fuel,70.91,Yes Bank,Kotak Mahindra Bank,Android,4G,Mumbai,SUCCESS,N/A,N/A,1877
UPI2025000138,2025-10-12,17:06:49,PhonePe,P2P,Peer Transfer,4288.23,Bank of Baroda,ICICI Bank,Android,WiFi,Amritsar,SUCCESS,N/A,N/A,1659
UPI2025000139,2025-09-23,13:44:30,Paytm,P2M,Entertainment,1236.45,ICICI Bank,HDFC Bank,Android,4G,Jalandhar,SUCCESS,N/A,N/A,2060
UPI2025000140,2025-05-03,21:32:25,CRED,P2P,Peer Transfer,4447.4,Union Bank of India,Canara Bank,Android,4G,Lucknow,SUCCESS,N/A,N/A,3667
UPI2025000141,2025-01-19,19:21:17,Google Pay,P2M,Rent,225.18,Bank of Baroda,Kotak Mahindra Bank,Android,WiFi,Kolkata,SUCCESS,N/A,N/A,1816
UPI2025000142,2025-07-12,17:23:59,Paytm,P2M,Food Delivery,123.78,Punjab National Bank,HDFC Bank,Android,3G,Amritsar,SUCCESS,N/A,N/A,3308
UPI2025000143,2025-05-05,07:20:42,Google Pay,P2M,Recharge/Bill Payment,10260.41,Canara Bank,IndusInd Bank,Android,4G,Delhi,SUCCESS,N/A,N/A,469
UPI2025000144,2025-12-21,12:27:17,Paytm,P2M,Travel,78.24,SBI,HDFC Bank,Android,WiFi,Amritsar,SUCCESS,N/A,N/A,2829
UPI2025000145,2025-02-25,19:43:50,PhonePe,P2P,Peer Transfer,448.01,ICICI Bank,HDFC Bank,Android,4G,Delhi,SUCCESS,N/A,N/A,2547
UPI2025000146,2025-09-21,13:23:23,PhonePe,P2P,Peer Transfer,3064.5,HDFC Bank,IndusInd Bank,Android,4G,Hyderabad,SUCCESS,N/A,N/A,1029
UPI2025000147,2025-02-14,02:11:31,PhonePe,P2P,Peer Transfer,4195.66,Union Bank of India,HDFC Bank,Android,4G,Ahmedabad,SUCCESS,N/A,N/A,1557
UPI2025000148,2025-07-10,09:08:54,Google Pay,P2P,Peer Transfer,1174.63,ICICI Bank,IDBI Bank,Android,5G,Kolkata,SUCCESS,N/A,N/A,919
UPI2025000149,2025-10-03,06:34:18,Amazon Pay,P2M,Rent,362.82,ICICI Bank,IDBI Bank,Android,WiFi,Gurugram,SUCCESS,N/A,N/A,1103
UPI2025000150,2025-03-20,18:15:50,PhonePe,P2M,Entertainment,98.98,Bank of Baroda,Union Bank of India,Android,5G,Mumbai,FAILED,Bank Server Down,No,2010
UPI2025000151,2025-07-05,14:49:26,BHIM,P2M,Utility Bill,236.38,HDFC Bank,ICICI Bank,Android,5G,Gurugram,SUCCESS,N/A,N/A,4001
UPI2025000152,2025-12-07,19:35:40,PhonePe,P2P,Peer Transfer,18.87,ICICI Bank,Kotak Mahindra Bank,iOS,WiFi,Gurugram,FAILED,Insufficient Balance,Yes,4758
UPI2025000153,2025-10-03,10:33:57,Google Pay,P2P,Peer Transfer,351.36,HDFC Bank,Punjab National Bank,iOS,4G,Ahmedabad,SUCCESS,N/A,N/A,3493
UPI2025000154,2025-02-06,14:10:37,WhatsApp Pay,P2M,Rent,47046.52,ICICI Bank,ICICI Bank,iOS,4G,Delhi,SUCCESS,N/A,N/A,3010
UPI2025000155,2025-01-12,06:41:49,PhonePe,P2M,Travel,1009.57,Yes Bank,Axis Bank,Android,4G,Bhopal,SUCCESS,N/A,N/A,1850
UPI2025000156,2025-04-28,14:51:51,Paytm,P2P,Peer Transfer,299.72,Punjab National Bank,Canara Bank,Android,4G,Noida,SUCCESS,N/A,N/A,2784
UPI2025000157,2025-05-13,16:20:55,Paytm,P2M,Recharge/Bill Payment,403.4,IDBI Bank,Bank of Baroda,Android,5G,Bengaluru,SUCCESS,N/A,N/A,2540
UPI2025000158,2025-07-01,07:28:15,Google Pay,P2M,Peer Transfer,179.71,SBI,Punjab National Bank,Android,WiFi,Amritsar,SUCCESS,N/A,N/A,1865
UPI2025000159,2025-12-29,15:20:12,Paytm,P2P,Peer Transfer,120.06,Canara Bank,Union Bank of India,iOS,5G,Mumbai,SUCCESS,N/A,N/A,200
UPI2025000160,2025-07-16,13:15:13,PhonePe,P2P,Peer Transfer,2130.77,SBI,SBI,Android,WiFi,Noida,SUCCESS,N/A,N/A,1751
UPI2025000161,2025-01-04,19:27:08,Amazon Pay,P2M,Medical/Pharmacy,13011.62,IDBI Bank,Bank of Baroda,Android,4G,Bhopal,FAILED,Transaction Timeout,Yes,3962
UPI2025000162,2025-07-15,13:35:17,BHIM,P2M,Recharge/Bill Payment,51.82,IndusInd Bank,Yes Bank,iOS,4G,Kolkata,SUCCESS,N/A,N/A,804
UPI2025000163,2025-05-22,18:12:38,PhonePe,P2P,Peer Transfer,3874.82,Union Bank of India,SBI,Android,4G,Noida,SUCCESS,N/A,N/A,1283
UPI2025000164,2025-02-27,16:32:08,PhonePe,P2P,Peer Transfer,27.91,IndusInd Bank,Bank of Baroda,iOS,5G,Ahmedabad,SUCCESS,N/A,N/A,1307
UPI2025000165,2025-07-17,19:34:31,Paytm,P2M,Medical/Pharmacy,390.01,Punjab National Bank,Canara Bank,Android,4G,Patiala,SUCCESS,N/A,N/A,2921
UPI2025000166,2025-11-06,20:55:44,Paytm,P2P,Peer Transfer,43780.35,IndusInd Bank,Canara Bank,Android,3G,Pune,SUCCESS,N/A,N/A,200
UPI2025000167,2025-08-15,14:33:40,Paytm,P2M,E-commerce,192.92,Kotak Mahindra Bank,ICICI Bank,Android,WiFi,Bengaluru,FAILED,Bank Server Down,Yes,6371
UPI2025000168,2025-06-10,17:26:32,Paytm,P2M,Rent,1498.87,Canara Bank,IDBI Bank,Android,4G,Kolkata,SUCCESS,N/A,N/A,2944
UPI2025000169,2025-07-05,14:20:11,PhonePe,P2P,Peer Transfer,19.66,Union Bank of India,Bank of Baroda,Android,WiFi,Hyderabad,SUCCESS,N/A,N/A,700
UPI2025000170,2025-03-16,22:17:35,Google Pay,P2M,Rent,1594.27,Punjab National Bank,Punjab National Bank,Android,4G,Lucknow,SUCCESS,N/A,N/A,2441
UPI2025000171,2025-12-29,19:17:18,Google Pay,P2P,Peer Transfer,416.81,Yes Bank,Union Bank of India,iOS,WiFi,Chandigarh,SUCCESS,N/A,N/A,2333
UPI2025000172,2025-04-22,21:05:22,Amazon Pay,P2M,E-commerce,16.37,Yes Bank,Punjab National Bank,Android,5G,Bhopal,SUCCESS,N/A,N/A,1521
UPI2025000173,2025-02-23,07:47:37,Google Pay,P2M,E-commerce,3123.69,SBI,Yes Bank,Android,4G,Patiala,SUCCESS,N/A,N/A,1329
UPI2025000174,2025-07-03,07:49:08,Google Pay,P2P,Peer Transfer,137.12,Union Bank of India,ICICI Bank,iOS,WiFi,Noida,SUCCESS,N/A,N/A,2744
UPI2025000175,2025-10-21,22:20:18,Paytm,P2M,Education Fee,315.83,HDFC Bank,Yes Bank,Android,WiFi,Delhi,SUCCESS,N/A,N/A,1989
UPI2025000176,2025-03-09,13:53:11,WhatsApp Pay,P2M,Recharge/Bill Payment,384.17,SBI,Kotak Mahindra Bank,iOS,WiFi,Ahmedabad,SUCCESS,N/A,N/A,1712
UPI2025000177,2025-01-04,11:38:06,Amazon Pay,P2P,Peer Transfer,448.33,Bank of Baroda,Punjab National Bank,Android,5G,Chandigarh,SUCCESS,N/A,N/A,2077
UPI2025000178,2025-07-01,10:51:07,PhonePe,P2M,Rent,1660.49,IDBI Bank,Canara Bank,Android,5G,Ahmedabad,SUCCESS,N/A,N/A,260
UPI2025000179,2025-10-22,09:39:54,Paytm,P2P,Peer Transfer,492.36,Kotak Mahindra Bank,Kotak Mahindra Bank,Android,5G,Amritsar,SUCCESS,N/A,N/A,1976
UPI2025000180,2025-07-05,11:15:00,Google Pay,P2M,Medical/Pharmacy,2993.8,Axis Bank,Canara Bank,Android,5G,Ludhiana,SUCCESS,N/A,N/A,919
UPI2025000181,2025-05-20,17:03:42,Google Pay,P2P,Peer Transfer,11159.85,Punjab National Bank,ICICI Bank,Android,WiFi,Ahmedabad,SUCCESS,N/A,N/A,2030
UPI2025000182,2025-09-06,20:18:23,PhonePe,P2P,Peer Transfer,12891.71,Axis Bank,ICICI Bank,Android,3G,Lucknow,SUCCESS,N/A,N/A,2684
UPI2025000183,2025-08-02,20:48:34,BHIM,P2M,Peer Transfer,215.2,Axis Bank,Axis Bank,iOS,4G,Chennai,SUCCESS,N/A,N/A,2265
UPI2025000184,2025-05-21,06:36:07,Google Pay,P2P,Peer Transfer,50.57,Union Bank of India,Union Bank of India,Android,4G,Gurugram,SUCCESS,N/A,N/A,1146
UPI2025000185,2025-09-22,09:37:31,Google Pay,P2M,Entertainment,151.46,Union Bank of India,Canara Bank,Android,4G,Delhi,SUCCESS,N/A,N/A,945
UPI2025000186,2025-09-19,19:46:01,PhonePe,P2P,Peer Transfer,335.2,SBI,IDBI Bank,Android,4G,Mumbai,SUCCESS,N/A,N/A,4169
UPI2025000187,2025-01-24,21:04:59,PhonePe,P2P,Peer Transfer,25.28,Punjab National Bank,Kotak Mahindra Bank,Android,5G,Patiala,SUCCESS,N/A,N/A,4104
UPI2025000188,2025-12-13,12:55:58,Amazon Pay,P2M,Utility Bill,173.78,Kotak Mahindra Bank,HDFC Bank,iOS,4G,Lucknow,FAILED,Payer Account Frozen/Inactive,Yes,4307
UPI2025000189,2025-02-19,18:14:53,Google Pay,P2P,Peer Transfer,366.81,SBI,Punjab National Bank,Android,4G,Jaipur,SUCCESS,N/A,N/A,2436
UPI2025000190,2025-04-07,13:09:17,Google Pay,P2P,Peer Transfer,401.71,IDBI Bank,HDFC Bank,Android,5G,Ludhiana,SUCCESS,N/A,N/A,1293
UPI2025000191,2025-01-27,07:02:28,PhonePe,P2P,Peer Transfer,186.88,IDBI Bank,SBI,Android,4G,Bhopal,FAILED,NPCI Server Error,Yes,4351
UPI2025000192,2025-07-15,23:14:52,Amazon Pay,P2M,Utility Bill,2938.55,IndusInd Bank,Bank of Baroda,Android,4G,Chandigarh,SUCCESS,N/A,N/A,2358
UPI2025000193,2025-07-22,09:19:17,Google Pay,P2M,Utility Bill,3464.53,IndusInd Bank,IDBI Bank,Android,5G,Delhi,SUCCESS,N/A,N/A,1736
UPI2025000194,2025-09-07,17:50:33,Google Pay,P2P,Peer Transfer,118.39,Kotak Mahindra Bank,Kotak Mahindra Bank,Android,WiFi,Noida,SUCCESS,N/A,N/A,305
UPI2025000195,2025-03-29,11:45:09,BHIM,P2P,Peer Transfer,355.73,SBI,Union Bank of India,Android,5G,Jaipur,SUCCESS,N/A,N/A,827
UPI2025000196,2025-03-20,11:05:59,PhonePe,P2P,Peer Transfer,462.95,Bank of Baroda,HDFC Bank,iOS,4G,Jaipur,SUCCESS,N/A,N/A,2747
UPI2025000197,2025-08-23,04:04:12,BHIM,P2M,E-commerce,4300.47,IndusInd Bank,IDBI Bank,Android,WiFi,Kolkata,SUCCESS,N/A,N/A,1886
UPI2025000198,2025-12-20,01:59:12,WhatsApp Pay,P2M,Entertainment,1042.55,HDFC Bank,IDBI Bank,iOS,5G,Jalandhar,SUCCESS,N/A,N/A,1383
UPI2025000199,2025-04-03,15:49:18,PhonePe,P2P,Peer Transfer,176.54,Union Bank of India,Yes Bank,Android,5G,Noida,SUCCESS,N/A,N/A,3102
UPI2025000200,2025-11-08,22:30:48,BHIM,P2P,Peer Transfer,3316.51,Axis Bank,Bank of Baroda,Android,WiFi,Chandigarh,FAILED,Transaction Timeout,No,4893
UPI2025000201,2025-10-07,13:09:12,PhonePe,P2M,Entertainment,124.15,Kotak Mahindra Bank,IndusInd Bank,Android,WiFi,Kolkata,SUCCESS,N/A,N/A,1874
UPI2025000202,2025-11-16,14:46:41,Paytm,P2M,Medical/Pharmacy,470.14,Canara Bank,ICICI Bank,Android,5G,Noida,FAILED,NPCI Server Error,No,6630
UPI2025000203,2025-01-23,14:53:54,Google Pay,P2M,Travel,2308.69,Yes Bank,SBI,Android,5G,Mumbai,SUCCESS,N/A,N/A,1399
UPI2025000204,2025-01-04,09:29:23,Google Pay,P2M,Entertainment,216.46,Yes Bank,Yes Bank,Android,4G,Bhopal,SUCCESS,N/A,N/A,3108
UPI2025000205,2025-01-05,01:46:17,PhonePe,P2P,Peer Transfer,183.76,Punjab National Bank,SBI,Android,4G,Amritsar,FAILED,Insufficient Balance,Yes,4430
UPI2025000206,2025-03-16,16:16:52,PhonePe,P2P,Peer Transfer,14821.42,Kotak Mahindra Bank,HDFC Bank,Android,5G,Pune,SUCCESS,N/A,N/A,2010
UPI2025000207,2025-11-18,19:41:54,Paytm,P2P,Peer Transfer,902.35,SBI,HDFC Bank,Android,5G,Ludhiana,SUCCESS,N/A,N/A,1755
UPI2025000208,2025-02-02,14:27:41,Paytm,P2M,Grocery,310.57,IndusInd Bank,HDFC Bank,Android,WiFi,Noida,SUCCESS,N/A,N/A,2407
UPI2025000209,2025-12-25,06:59:17,Amazon Pay,P2P,Peer Transfer,471.94,IndusInd Bank,Yes Bank,iOS,4G,Jalandhar,SUCCESS,N/A,N/A,1226
UPI2025000210,2025-10-20,19:52:25,Amazon Pay,P2M,Peer Transfer,118.04,Punjab National Bank,ICICI Bank,iOS,4G,Bhopal,SUCCESS,N/A,N/A,1322
UPI2025000211,2025-10-21,18:50:44,Paytm,P2M,Grocery,44770.36,Union Bank of India,IDBI Bank,Android,4G,Mumbai,SUCCESS,N/A,N/A,3078
UPI2025000212,2025-10-26,16:38:25,WhatsApp Pay,P2M,Entertainment,351.05,Bank of Baroda,SBI,Android,4G,Jaipur,SUCCESS,N/A,N/A,1286
UPI2025000213,2025-09-21,16:24:05,Paytm,P2M,Food Delivery,119.67,Punjab National Bank,Axis Bank,Android,4G,Chandigarh,SUCCESS,N/A,N/A,1248
UPI2025000214,2025-05-03,12:05:00,WhatsApp Pay,P2M,Food Delivery,4800.43,Canara Bank,Bank of Baroda,Android,4G,Chennai,SUCCESS,N/A,N/A,1451
UPI2025000215,2025-07-19,12:01:05,PhonePe,P2M,Medical/Pharmacy,331.07,HDFC Bank,IndusInd Bank,iOS,4G,Patiala,SUCCESS,N/A,N/A,558
UPI2025000216,2025-02-02,18:35:57,CRED,P2P,Peer Transfer,364.48,Axis Bank,IndusInd Bank,Android,4G,Hyderabad,SUCCESS,N/A,N/A,1142
UPI2025000217,2025-07-11,08:10:27,Google Pay,P2M,Medical/Pharmacy,344.8,Punjab National Bank,Canara Bank,Android,4G,Noida,SUCCESS,N/A,N/A,4074
UPI2025000218,2025-03-17,13:08:19,Google Pay,P2M,Travel,414.09,Kotak Mahindra Bank,Bank of Baroda,Android,4G,Kolkata,SUCCESS,N/A,N/A,1322
UPI2025000219,2025-11-16,19:38:08,Google Pay,P2P,Peer Transfer,4453.83,IndusInd Bank,IDBI Bank,Android,WiFi,Kolkata,SUCCESS,N/A,N/A,2538
UPI2025000220,2025-09-27,16:36:50,Google Pay,P2M,Travel,3560.63,Kotak Mahindra Bank,Punjab National Bank,Android,WiFi,Jalandhar,SUCCESS,N/A,N/A,2256
UPI2025000221,2025-07-31,09:49:35,Google Pay,P2M,E-commerce,87.72,IDBI Bank,Canara Bank,Android,4G,Mumbai,SUCCESS,N/A,N/A,1649
UPI2025000222,2025-11-06,19:43:31,Google Pay,P2P,Peer Transfer,3845.79,Punjab National Bank,Axis Bank,Android,4G,Jaipur,FAILED,Payer Account Frozen/Inactive,Yes,4793
UPI2025000223,2025-06-05,15:59:58,BHIM,P2P,Peer Transfer,417.75,Kotak Mahindra Bank,Union Bank of India,iOS,5G,Bhopal,SUCCESS,N/A,N/A,1971
UPI2025000224,2025-12-22,06:49:15,Paytm,P2M,Grocery,319.59,Bank of Baroda,ICICI Bank,Android,5G,Jaipur,SUCCESS,N/A,N/A,1841
UPI2025000225,2025-05-09,22:27:06,Google Pay,P2P,Peer Transfer,392.12,Punjab National Bank,Axis Bank,Android,5G,Pune,SUCCESS,N/A,N/A,1714
UPI2025000226,2025-06-01,13:43:37,Paytm,P2M,Entertainment,9612.94,ICICI Bank,Bank of Baroda,Android,4G,Mumbai,FAILED,PIN Retry Limit Exceeded,Yes,5058
UPI2025000227,2025-05-02,12:50:13,PhonePe,P2P,Peer Transfer,805.27,Bank of Baroda,Canara Bank,Android,5G,Mumbai,SUCCESS,N/A,N/A,1919
UPI2025000228,2025-11-11,17:01:54,PhonePe,P2M,Rent,3294.12,HDFC Bank,Yes Bank,Android,4G,Amritsar,SUCCESS,N/A,N/A,1169
UPI2025000229,2025-06-15,22:14:51,PhonePe,P2M,Travel,487.01,ICICI Bank,ICICI Bank,Android,5G,Jalandhar,SUCCESS,N/A,N/A,3208
UPI2025000230,2025-06-16,12:45:13,Google Pay,P2M,Education Fee,17313.2,IDBI Bank,HDFC Bank,Android,4G,Chennai,FAILED,Daily Transaction Limit Exceeded,Yes,4368
UPI2025000231,2025-09-06,11:24:39,PhonePe,P2P,Peer Transfer,2531.24,HDFC Bank,Bank of Baroda,Android,4G,Ahmedabad,SUCCESS,N/A,N/A,880
UPI2025000232,2025-08-18,06:08:20,Google Pay,P2P,Peer Transfer,50.37,Punjab National Bank,HDFC Bank,Android,5G,Patiala,SUCCESS,N/A,N/A,2437
UPI2025000233,2025-08-12,12:11:31,Paytm,P2M,Recharge/Bill Payment,24455.07,IDBI Bank,Yes Bank,Android,5G,Chandigarh,FAILED,Network Connectivity Issue,No,8193
UPI2025000234,2025-12-03,12:00:31,Google Pay,P2P,Peer Transfer,204.82,Kotak Mahindra Bank,Union Bank of India,Android,5G,Patiala,SUCCESS,N/A,N/A,836
UPI2025000235,2025-06-22,14:05:36,Google Pay,P2P,Peer Transfer,448.11,Axis Bank,Punjab National Bank,Android,4G,Chennai,SUCCESS,N/A,N/A,673
UPI2025000236,2025-10-28,18:35:32,Google Pay,P2M,Medical/Pharmacy,433.54,HDFC Bank,Punjab National Bank,Android,WiFi,Chennai,SUCCESS,N/A,N/A,3099
UPI2025000237,2025-06-15,07:53:41,Paytm,P2P,Peer Transfer,3994.69,Punjab National Bank,SBI,Android,WiFi,Chennai,SUCCESS,N/A,N/A,2378
UPI2025000238,2025-02-15,18:15:13,BHIM,P2P,Peer Transfer,646.37,IndusInd Bank,IDBI Bank,Android,5G,Amritsar,SUCCESS,N/A,N/A,2996
UPI2025000239,2025-11-01,09:13:51,Google Pay,P2P,Peer Transfer,400.3,Bank of Baroda,Union Bank of India,Android,4G,Ahmedabad,SUCCESS,N/A,N/A,1191
UPI2025000240,2025-04-14,21:32:57,Paytm,P2M,Travel,108.26,HDFC Bank,ICICI Bank,iOS,3G,Chandigarh,SUCCESS,N/A,N/A,3420
UPI2025000241,2025-02-21,10:45:20,BHIM,P2P,Peer Transfer,141.81,Yes Bank,Kotak Mahindra Bank,Android,4G,Patiala,SUCCESS,N/A,N/A,1392
UPI2025000242,2025-01-30,16:56:49,Google Pay,P2P,Peer Transfer,1812.48,Union Bank of India,IDBI Bank,iOS,4G,Noida,SUCCESS,N/A,N/A,200
UPI2025000243,2025-01-01,20:54:46,Google Pay,P2M,Medical/Pharmacy,392.13,Canara Bank,Yes Bank,iOS,WiFi,Jaipur,FAILED,Bank Server Down,Yes,4492
UPI2025000244,2025-04-15,11:18:21,PhonePe,P2M,Medical/Pharmacy,312.9,ICICI Bank,IndusInd Bank,iOS,WiFi,Delhi,FAILED,Network Connectivity Issue,Yes,2183
UPI2025000245,2025-02-18,21:10:28,PhonePe,P2M,Recharge/Bill Payment,169.97,Kotak Mahindra Bank,Axis Bank,iOS,4G,Hyderabad,FAILED,Bank Server Down,Yes,2496
UPI2025000246,2025-09-16,20:10:03,PhonePe,P2M,E-commerce,288.1,Punjab National Bank,IDBI Bank,Android,4G,Bengaluru,FAILED,Beneficiary Bank Server Down,Yes,3937
UPI2025000247,2025-03-29,14:28:00,Google Pay,P2M,Travel,970.56,Bank of Baroda,HDFC Bank,Android,5G,Pune,SUCCESS,N/A,N/A,1853
UPI2025000248,2025-10-11,19:06:20,PhonePe,P2P,Peer Transfer,4419.36,Punjab National Bank,ICICI Bank,Android,WiFi,Chandigarh,FAILED,Transaction Timeout,No,3206
UPI2025000249,2025-03-05,13:46:13,Paytm,P2M,Entertainment,4166.71,ICICI Bank,Kotak Mahindra Bank,iOS,4G,Bengaluru,FAILED,Insufficient Balance,No,7134
UPI2025000250,2025-05-17,22:20:50,Google Pay,P2P,Peer Transfer,3396.1,Punjab National Bank,Yes Bank,Android,5G,Ahmedabad,SUCCESS,N/A,N/A,1977
UPI2025000251,2025-09-26,03:54:42,Amazon Pay,P2M,E-commerce,50.0,Axis Bank,Union Bank of India,Android,4G,Delhi,SUCCESS,N/A,N/A,1511
UPI2025000252,2025-11-05,21:31:24,Google Pay,P2M,Education Fee,2016.03,Canara Bank,Yes Bank,iOS,4G,Lucknow,SUCCESS,N/A,N/A,2181
UPI2025000253,2025-02-21,12:53:36,PhonePe,P2P,Peer Transfer,2741.88,Union Bank of India,Yes Bank,Android,3G,Mumbai,FAILED,Insufficient Balance,Yes,4576
UPI2025000254,2025-01-16,21:50:25,PhonePe,P2P,Peer Transfer,107.78,Yes Bank,IDBI Bank,Android,5G,Mumbai,SUCCESS,N/A,N/A,1908
UPI2025000255,2025-07-28,16:17:05,Google Pay,P2M,Recharge/Bill Payment,2581.8,Union Bank of India,Axis Bank,Android,4G,Mumbai,SUCCESS,N/A,N/A,1365
UPI2025000256,2025-06-19,18:54:15,Google Pay,P2P,Peer Transfer,179.51,HDFC Bank,Kotak Mahindra Bank,Android,4G,Amritsar,FAILED,Invalid VPA / Beneficiary Not Found,No,7647
UPI2025000257,2025-03-05,14:22:33,PhonePe,P2P,Peer Transfer,3104.04,IDBI Bank,Punjab National Bank,Android,WiFi,Hyderabad,SUCCESS,N/A,N/A,2770
UPI2025000258,2025-02-15,18:01:21,BHIM,P2P,Peer Transfer,451.34,Punjab National Bank,Union Bank of India,Android,5G,Mumbai,SUCCESS,N/A,N/A,1765
UPI2025000259,2025-07-18,12:31:54,PhonePe,P2P,Peer Transfer,1447.98,Bank of Baroda,ICICI Bank,Android,5G,Bengaluru,SUCCESS,N/A,N/A,1236
UPI2025000260,2025-07-17,00:54:55,Google Pay,P2P,Peer Transfer,360.75,SBI,Canara Bank,iOS,4G,Delhi,SUCCESS,N/A,N/A,2156
UPI2025000261,2025-12-21,17:41:26,Google Pay,P2M,Medical/Pharmacy,485.98,Axis Bank,Kotak Mahindra Bank,Android,4G,Lucknow,FAILED,Daily Transaction Limit Exceeded,Yes,5587
UPI2025000262,2025-03-28,19:02:25,Google Pay,P2M,Fuel,228.2,Canara Bank,Punjab National Bank,Android,5G,Ludhiana,SUCCESS,N/A,N/A,1466
UPI2025000263,2025-04-24,15:19:47,Paytm,P2M,Entertainment,90.13,Canara Bank,Bank of Baroda,iOS,WiFi,Bhopal,SUCCESS,N/A,N/A,634
UPI2025000264,2025-04-06,08:59:26,Google Pay,P2M,Rent,389.0,Union Bank of India,Bank of Baroda,iOS,WiFi,Ludhiana,SUCCESS,N/A,N/A,2844
UPI2025000265,2025-05-27,19:46:19,Google Pay,P2P,Peer Transfer,125.66,Union Bank of India,Axis Bank,iOS,3G,Chandigarh,SUCCESS,N/A,N/A,2696
UPI2025000266,2025-02-06,04:14:57,BHIM,P2M,Entertainment,1619.21,Kotak Mahindra Bank,IDBI Bank,iOS,4G,Bengaluru,SUCCESS,N/A,N/A,1355
UPI2025000267,2025-09-05,19:04:37,PhonePe,P2M,E-commerce,1254.29,Kotak Mahindra Bank,Yes Bank,Android,WiFi,Jaipur,SUCCESS,N/A,N/A,1510
UPI2025000268,2025-10-13,11:28:17,Google Pay,P2M,Peer Transfer,4125.52,Axis Bank,ICICI Bank,Android,4G,Chennai,SUCCESS,N/A,N/A,3669
UPI2025000269,2025-06-07,07:22:49,Google Pay,P2P,Peer Transfer,110.86,Punjab National Bank,Canara Bank,Android,4G,Ahmedabad,SUCCESS,N/A,N/A,2454
UPI2025000270,2025-09-28,16:13:53,BHIM,P2M,Medical/Pharmacy,25348.96,ICICI Bank,HDFC Bank,Android,4G,Ahmedabad,SUCCESS,N/A,N/A,1846
UPI2025000271,2025-03-09,03:25:54,PhonePe,P2P,Peer Transfer,164.92,IDBI Bank,Union Bank of India,Android,WiFi,Chandigarh,FAILED,Insufficient Balance,No,6332
UPI2025000272,2025-03-28,08:52:25,PhonePe,P2P,Peer Transfer,2820.18,Yes Bank,Yes Bank,Android,WiFi,Mumbai,FAILED,Insufficient Balance,No,5192
UPI2025000273,2025-06-22,19:05:57,BHIM,P2P,Peer Transfer,634.88,Bank of Baroda,HDFC Bank,Android,4G,Patiala,SUCCESS,N/A,N/A,2351
UPI2025000274,2025-06-03,14:24:43,PhonePe,P2M,Fuel,485.26,Bank of Baroda,Axis Bank,Android,WiFi,Delhi,SUCCESS,N/A,N/A,851
UPI2025000275,2025-08-28,10:18:31,PhonePe,P2P,Peer Transfer,1297.17,Union Bank of India,Canara Bank,Android,4G,Jalandhar,SUCCESS,N/A,N/A,1935
UPI2025000276,2025-11-06,14:40:51,PhonePe,P2M,Medical/Pharmacy,253.62,SBI,Kotak Mahindra Bank,Android,WiFi,Lucknow,SUCCESS,N/A,N/A,2128
UPI2025000277,2025-07-15,11:17:11,Google Pay,P2P,Peer Transfer,4689.27,IndusInd Bank,Axis Bank,Android,4G,Noida,SUCCESS,N/A,N/A,2374
UPI2025000278,2025-10-25,16:14:10,Google Pay,P2P,Peer Transfer,3430.55,Yes Bank,Axis Bank,Android,WiFi,Delhi,SUCCESS,N/A,N/A,771
UPI2025000279,2025-03-27,15:51:24,PhonePe,P2P,Peer Transfer,499.71,ICICI Bank,ICICI Bank,Android,5G,Lucknow,SUCCESS,N/A,N/A,2089
UPI2025000280,2025-01-11,17:22:36,PhonePe,P2M,Entertainment,287.84,IndusInd Bank,Axis Bank,Android,4G,Delhi,FAILED,Incorrect UPI PIN,Yes,5343
UPI2025000281,2025-07-24,14:21:58,PhonePe,P2M,Medical/Pharmacy,3504.17,ICICI Bank,Bank of Baroda,Android,4G,Chandigarh,SUCCESS,N/A,N/A,1532
UPI2025000282,2025-11-25,14:23:04,PhonePe,P2M,Medical/Pharmacy,410.74,Yes Bank,Kotak Mahindra Bank,Android,4G,Amritsar,SUCCESS,N/A,N/A,3038
UPI2025000283,2025-06-19,18:31:41,Google Pay,P2M,Peer Transfer,2149.08,IDBI Bank,Union Bank of India,Android,4G,Amritsar,SUCCESS,N/A,N/A,907
UPI2025000284,2025-10-13,17:08:11,Paytm,P2P,Peer Transfer,126.4,IDBI Bank,IndusInd Bank,iOS,WiFi,Delhi,FAILED,Incorrect UPI PIN,No,200
UPI2025000285,2025-08-26,09:36:06,WhatsApp Pay,P2M,E-commerce,305.69,ICICI Bank,Bank of Baroda,Android,4G,Mumbai,SUCCESS,N/A,N/A,2683
UPI2025000286,2025-09-18,16:56:21,PhonePe,P2P,Peer Transfer,264.35,Punjab National Bank,Axis Bank,Android,4G,Bengaluru,SUCCESS,N/A,N/A,1507
UPI2025000287,2025-01-19,12:46:26,WhatsApp Pay,P2M,Medical/Pharmacy,196.3,Kotak Mahindra Bank,Canara Bank,Android,4G,Noida,SUCCESS,N/A,N/A,3045
UPI2025000288,2025-08-13,17:43:14,Google Pay,P2P,Peer Transfer,408.36,HDFC Bank,SBI,Android,WiFi,Mumbai,SUCCESS,N/A,N/A,2307
UPI2025000289,2025-12-11,12:46:04,PhonePe,P2M,Peer Transfer,534.03,HDFC Bank,Bank of Baroda,iOS,5G,Patiala,SUCCESS,N/A,N/A,1893
UPI2025000290,2025-03-06,16:27:10,Google Pay,P2M,Travel,39.53,Bank of Baroda,Axis Bank,Android,5G,Bhopal,SUCCESS,N/A,N/A,1743
UPI2025000291,2025-04-20,11:06:03,PhonePe,P2P,Peer Transfer,248.08,Union Bank of India,Canara Bank,Android,4G,Ahmedabad,SUCCESS,N/A,N/A,1961
UPI2025000292,2025-08-31,16:12:06,Google Pay,P2P,Peer Transfer,162.54,ICICI Bank,Yes Bank,Android,WiFi,Ahmedabad,SUCCESS,N/A,N/A,3052
UPI2025000293,2025-07-02,14:42:16,Google Pay,P2P,Peer Transfer,1048.49,Union Bank of India,Kotak Mahindra Bank,iOS,4G,Chennai,FAILED,Bank Server Down,Yes,4710
UPI2025000294,2025-11-22,10:03:09,Paytm,P2P,Peer Transfer,357.43,Yes Bank,HDFC Bank,Android,5G,Pune,SUCCESS,N/A,N/A,599
UPI2025000295,2025-11-23,12:33:26,WhatsApp Pay,P2M,E-commerce,481.83,Yes Bank,Canara Bank,Android,4G,Delhi,SUCCESS,N/A,N/A,1912
UPI2025000296,2025-12-16,14:36:43,CRED,P2M,Entertainment,3207.25,ICICI Bank,HDFC Bank,Android,3G,Jalandhar,SUCCESS,N/A,N/A,1413
UPI2025000297,2025-02-19,04:05:43,PhonePe,P2M,Fuel,121.76,Yes Bank,ICICI Bank,Android,5G,Mumbai,FAILED,Transaction Timeout,No,2012
UPI2025000298,2025-11-29,10:29:58,Amazon Pay,P2M,Travel,392.46,IDBI Bank,IndusInd Bank,Android,4G,Bengaluru,SUCCESS,N/A,N/A,1176
UPI2025000299,2025-08-07,18:50:18,BHIM,P2P,Peer Transfer,337.1,Bank of Baroda,Kotak Mahindra Bank,Android,5G,Noida,FAILED,Incorrect UPI PIN,Yes,2124
UPI2025000300,2025-08-25,17:25:02,PhonePe,P2P,Peer Transfer,371.07,Bank of Baroda,IDBI Bank,Android,WiFi,Lucknow,FAILED,Network Connectivity Issue,Yes,5119
UPI2025000301,2025-04-19,19:54:44,Paytm,P2P,Peer Transfer,21.58,Axis Bank,ICICI Bank,Android,WiFi,Kolkata,SUCCESS,N/A,N/A,1298
UPI2025000302,2025-06-11,16:05:12,PhonePe,P2P,Peer Transfer,301.29,Kotak Mahindra Bank,IDBI Bank,Android,4G,Delhi,SUCCESS,N/A,N/A,567
UPI2025000303,2025-03-03,06:45:32,PhonePe,P2P,Peer Transfer,2319.43,Union Bank of India,IndusInd Bank,Android,WiFi,Delhi,SUCCESS,N/A,N/A,2312
UPI2025000304,2025-06-27,05:23:45,Google Pay,P2P,Peer Transfer,857.39,Bank of Baroda,Canara Bank,Android,4G,Ludhiana,SUCCESS,N/A,N/A,3265
UPI2025000305,2025-07-09,16:11:55,PhonePe,P2P,Peer Transfer,104.01,Union Bank of India,Bank of Baroda,iOS,4G,Mumbai,SUCCESS,N/A,N/A,1830
UPI2025000306,2025-05-31,05:54:36,Paytm,P2M,Utility Bill,43.13,Axis Bank,Axis Bank,Android,5G,Gurugram,FAILED,Network Connectivity Issue,No,2960
UPI2025000307,2025-01-04,14:08:41,Google Pay,P2P,Peer Transfer,441.24,SBI,Axis Bank,Android,4G,Hyderabad,SUCCESS,N/A,N/A,2904
UPI2025000308,2025-05-27,19:29:16,Google Pay,P2P,Peer Transfer,3478.28,Punjab National Bank,Yes Bank,Android,5G,Ludhiana,SUCCESS,N/A,N/A,711
UPI2025000309,2025-09-15,22:53:23,PhonePe,P2P,Peer Transfer,30303.36,IndusInd Bank,IndusInd Bank,Android,5G,Kolkata,SUCCESS,N/A,N/A,2284
UPI2025000310,2025-09-06,11:17:16,Paytm,P2P,Peer Transfer,108.46,Yes Bank,Punjab National Bank,Android,4G,Delhi,SUCCESS,N/A,N/A,971
UPI2025000311,2025-11-08,19:25:42,Google Pay,P2P,Peer Transfer,2064.07,ICICI Bank,IDBI Bank,Android,4G,Patiala,SUCCESS,N/A,N/A,816
UPI2025000312,2025-10-14,03:45:36,BHIM,P2M,Utility Bill,4671.5,Bank of Baroda,IDBI Bank,Android,WiFi,Lucknow,SUCCESS,N/A,N/A,1515
UPI2025000313,2025-11-25,09:42:56,PhonePe,P2P,Peer Transfer,3306.14,Punjab National Bank,HDFC Bank,Android,5G,Bhopal,SUCCESS,N/A,N/A,1920
UPI2025000314,2025-03-13,21:57:21,Paytm,P2P,Peer Transfer,393.19,Axis Bank,Bank of Baroda,iOS,4G,Kolkata,SUCCESS,N/A,N/A,1662
UPI2025000315,2025-08-16,11:54:07,PhonePe,P2M,Peer Transfer,8943.92,Yes Bank,IndusInd Bank,Android,WiFi,Gurugram,FAILED,Daily Transaction Limit Exceeded,Yes,827
UPI2025000316,2025-06-10,05:54:09,Google Pay,P2P,Peer Transfer,204.52,Axis Bank,Bank of Baroda,Android,WiFi,Chennai,FAILED,NPCI Server Error,Yes,5515
UPI2025000317,2025-02-01,14:40:11,Google Pay,P2P,Peer Transfer,2736.34,SBI,SBI,Android,WiFi,Amritsar,SUCCESS,N/A,N/A,1873
UPI2025000318,2025-10-24,18:08:39,PhonePe,P2P,Peer Transfer,4450.88,Kotak Mahindra Bank,Kotak Mahindra Bank,Android,4G,Bhopal,FAILED,Bank Server Down,Yes,4302
UPI2025000319,2025-05-06,18:33:12,Google Pay,P2M,E-commerce,397.11,SBI,Yes Bank,Android,4G,Chandigarh,FAILED,Beneficiary Bank Server Down,Yes,5573
UPI2025000320,2025-01-26,19:19:18,PhonePe,P2P,Peer Transfer,4890.25,Union Bank of India,IndusInd Bank,Android,5G,Chandigarh,SUCCESS,N/A,N/A,991
UPI2025000321,2025-12-17,14:48:12,Google Pay,P2P,Peer Transfer,74.94,Kotak Mahindra Bank,SBI,Android,4G,Ludhiana,SUCCESS,N/A,N/A,3051
UPI2025000322,2025-03-07,07:45:41,Paytm,P2P,Peer Transfer,95.67,Kotak Mahindra Bank,Yes Bank,Android,4G,Delhi,SUCCESS,N/A,N/A,2302
UPI2025000323,2025-09-11,19:03:44,Google Pay,P2P,Peer Transfer,190.09,Canara Bank,Kotak Mahindra Bank,Android,5G,Jalandhar,SUCCESS,N/A,N/A,1850
UPI2025000324,2025-09-02,01:26:42,Google Pay,P2M,Rent,483.25,Union Bank of India,Punjab National Bank,Android,WiFi,Bengaluru,SUCCESS,N/A,N/A,2276
UPI2025000325,2025-08-28,07:07:50,Google Pay,P2P,Peer Transfer,225.36,Axis Bank,IndusInd Bank,Android,5G,Jalandhar,SUCCESS,N/A,N/A,3177
UPI2025000326,2025-06-09,11:02:35,PhonePe,P2M,Medical/Pharmacy,84.49,Axis Bank,IDBI Bank,Android,4G,Mumbai,SUCCESS,N/A,N/A,2896
UPI2025000327,2025-11-21,15:31:09,WhatsApp Pay,P2M,Food Delivery,4976.9,Union Bank of India,HDFC Bank,iOS,5G,Chennai,SUCCESS,N/A,N/A,1247
UPI2025000328,2025-04-25,10:03:06,BHIM,P2P,Peer Transfer,27924.0,SBI,Punjab National Bank,Android,4G,Bengaluru,FAILED,Invalid VPA / Beneficiary Not Found,Yes,3895
UPI2025000329,2025-11-27,08:41:10,PhonePe,P2P,Peer Transfer,3268.49,Canara Bank,IndusInd Bank,Android,4G,Kolkata,FAILED,Bank Server Down,No,200
UPI2025000330,2025-04-16,19:44:54,PhonePe,P2M,Recharge/Bill Payment,74.05,Kotak Mahindra Bank,Yes Bank,Android,5G,Delhi,SUCCESS,N/A,N/A,2640
UPI2025000331,2025-11-24,08:26:58,PhonePe,P2P,Peer Transfer,2363.58,IndusInd Bank,Yes Bank,Android,WiFi,Ludhiana,SUCCESS,N/A,N/A,1281
UPI2025000332,2025-12-08,19:57:08,PhonePe,P2M,Entertainment,19.4,Canara Bank,HDFC Bank,Android,4G,Kolkata,FAILED,NPCI Server Error,Yes,200
UPI2025000333,2025-10-16,15:36:14,CRED,P2P,Peer Transfer,272.3,Yes Bank,Bank of Baroda,Android,5G,Patiala,SUCCESS,N/A,N/A,1786
UPI2025000334,2025-04-07,14:42:43,Paytm,P2M,Peer Transfer,2965.82,ICICI Bank,Union Bank of India,Android,5G,Amritsar,SUCCESS,N/A,N/A,2321
UPI2025000335,2025-07-02,19:55:10,Google Pay,P2P,Peer Transfer,58.06,Canara Bank,Bank of Baroda,iOS,4G,Pune,SUCCESS,N/A,N/A,1644
UPI2025000336,2025-05-28,12:15:05,PhonePe,P2P,Peer Transfer,2275.14,IndusInd Bank,Canara Bank,Android,4G,Noida,SUCCESS,N/A,N/A,3340
UPI2025000337,2025-01-07,07:26:02,PhonePe,P2M,Peer Transfer,447.12,SBI,HDFC Bank,Android,WiFi,Bhopal,FAILED,Daily Transaction Limit Exceeded,No,3288
UPI2025000338,2025-05-22,19:52:14,BHIM,P2M,Peer Transfer,6729.19,Bank of Baroda,Union Bank of India,Android,5G,Chennai,FAILED,Invalid VPA / Beneficiary Not Found,Yes,8152
UPI2025000339,2025-05-13,12:40:51,Google Pay,P2M,Grocery,3367.41,Union Bank of India,Bank of Baroda,iOS,5G,Patiala,FAILED,Transaction Timeout,Yes,7103
UPI2025000340,2025-12-28,19:13:29,BHIM,P2P,Peer Transfer,2832.84,Axis Bank,IDBI Bank,Android,4G,Bengaluru,SUCCESS,N/A,N/A,3205
UPI2025000341,2025-06-24,13:37:32,Google Pay,P2P,Peer Transfer,260.99,Canara Bank,SBI,Android,WiFi,Noida,SUCCESS,N/A,N/A,1471
UPI2025000342,2025-10-31,21:11:44,PhonePe,P2P,Peer Transfer,554.49,IDBI Bank,ICICI Bank,Android,5G,Kolkata,SUCCESS,N/A,N/A,1966
UPI2025000343,2025-05-30,13:38:58,Paytm,P2P,Peer Transfer,1834.41,Axis Bank,Punjab National Bank,Android,4G,Chandigarh,FAILED,Transaction Timeout,No,2406
UPI2025000344,2025-07-18,11:44:35,BHIM,P2M,Utility Bill,942.78,IDBI Bank,IDBI Bank,Android,4G,Ahmedabad,SUCCESS,N/A,N/A,2282
UPI2025000345,2025-12-24,17:45:41,CRED,P2P,Peer Transfer,8697.73,ICICI Bank,Union Bank of India,Android,5G,Lucknow,SUCCESS,N/A,N/A,2696
UPI2025000346,2025-08-15,15:42:45,PhonePe,P2P,Peer Transfer,316.09,IDBI Bank,Union Bank of India,iOS,WiFi,Gurugram,FAILED,Bank Server Down,Yes,2986
UPI2025000347,2025-01-22,09:48:50,Google Pay,P2P,Peer Transfer,311.36,Punjab National Bank,Yes Bank,iOS,5G,Ahmedabad,FAILED,Transaction Timeout,Yes,3212
UPI2025000348,2025-06-25,07:55:43,Paytm,P2M,Travel,3208.47,Axis Bank,IDBI Bank,Android,WiFi,Ahmedabad,SUCCESS,N/A,N/A,2635
UPI2025000349,2025-01-19,21:24:26,WhatsApp Pay,P2M,Grocery,407.77,Yes Bank,Bank of Baroda,Android,4G,Chennai,SUCCESS,N/A,N/A,859
UPI2025000350,2025-12-20,16:45:41,PhonePe,P2M,E-commerce,225.31,IndusInd Bank,Union Bank of India,Android,WiFi,Ahmedabad,SUCCESS,N/A,N/A,200
UPI2025000351,2025-09-23,06:11:47,PhonePe,P2P,Peer Transfer,1388.62,Kotak Mahindra Bank,SBI,Android,4G,Hyderabad,FAILED,Beneficiary Bank Server Down,No,6220
UPI2025000352,2025-01-16,08:20:38,Google Pay,P2M,Fuel,432.07,Yes Bank,IndusInd Bank,Android,5G,Lucknow,FAILED,Invalid VPA / Beneficiary Not Found,Yes,3333
UPI2025000353,2025-03-13,14:50:32,Google Pay,P2P,Peer Transfer,2572.43,Union Bank of India,Union Bank of India,Android,WiFi,Kolkata,SUCCESS,N/A,N/A,2396
UPI2025000354,2025-04-25,09:48:39,PhonePe,P2P,Peer Transfer,49310.14,Union Bank of India,Yes Bank,Android,4G,Pune,SUCCESS,N/A,N/A,2856
UPI2025000355,2025-09-23,20:24:58,Paytm,P2P,Peer Transfer,1241.67,HDFC Bank,Kotak Mahindra Bank,Android,4G,Gurugram,SUCCESS,N/A,N/A,1324
UPI2025000356,2025-05-26,14:32:28,PhonePe,P2P,Peer Transfer,257.87,Punjab National Bank,Yes Bank,Android,WiFi,Amritsar,SUCCESS,N/A,N/A,2327
UPI2025000357,2025-10-28,15:00:40,Google Pay,P2M,Utility Bill,299.27,Yes Bank,Yes Bank,Android,4G,Bhopal,SUCCESS,N/A,N/A,2478
UPI2025000358,2025-12-08,22:49:27,Paytm,P2M,Grocery,321.78,HDFC Bank,IDBI Bank,Android,4G,Mumbai,FAILED,Insufficient Balance,Yes,5262
UPI2025000359,2025-01-28,15:14:58,Google Pay,P2M,Travel,37690.78,Kotak Mahindra Bank,Canara Bank,Android,4G,Bengaluru,SUCCESS,N/A,N/A,1611
UPI2025000360,2025-09-07,18:04:48,Paytm,P2M,Medical/Pharmacy,1418.16,SBI,IDBI Bank,iOS,4G,Ahmedabad,SUCCESS,N/A,N/A,1034
UPI2025000361,2025-04-20,18:28:24,PhonePe,P2P,Peer Transfer,1346.11,Yes Bank,SBI,Android,4G,Jaipur,SUCCESS,N/A,N/A,1679
UPI2025000362,2025-11-26,15:40:09,Google Pay,P2P,Peer Transfer,382.89,IDBI Bank,Yes Bank,iOS,5G,Bhopal,FAILED,Insufficient Balance,No,4529
UPI2025000363,2025-06-03,15:05:19,Google Pay,P2P,Peer Transfer,479.46,IDBI Bank,IDBI Bank,Android,5G,Gurugram,FAILED,Insufficient Balance,No,5944
UPI2025000364,2025-04-09,09:11:42,Paytm,P2P,Peer Transfer,2157.39,SBI,Union Bank of India,Android,4G,Mumbai,SUCCESS,N/A,N/A,1464
UPI2025000365,2025-03-18,18:31:21,PhonePe,P2P,Peer Transfer,444.24,Yes Bank,Yes Bank,Android,4G,Jalandhar,SUCCESS,N/A,N/A,426
UPI2025000366,2025-06-25,11:42:19,Paytm,P2M,Medical/Pharmacy,399.16,ICICI Bank,IndusInd Bank,iOS,4G,Kolkata,SUCCESS,N/A,N/A,2936
UPI2025000367,2025-03-28,17:41:27,Google Pay,P2M,Medical/Pharmacy,324.74,Bank of Baroda,ICICI Bank,iOS,5G,Lucknow,SUCCESS,N/A,N/A,3655
UPI2025000368,2025-07-09,15:11:41,PhonePe,P2M,E-commerce,4122.45,Punjab National Bank,ICICI Bank,Android,WiFi,Mumbai,SUCCESS,N/A,N/A,2887
UPI2025000369,2025-12-13,02:32:40,Google Pay,P2P,Peer Transfer,254.15,IndusInd Bank,IndusInd Bank,Android,WiFi,Bhopal,SUCCESS,N/A,N/A,2426
UPI2025000370,2025-12-14,23:30:41,Paytm,P2P,Peer Transfer,396.42,Bank of Baroda,Kotak Mahindra Bank,Android,5G,Ahmedabad,FAILED,Beneficiary Bank Server Down,Yes,6410
UPI2025000371,2025-05-22,14:42:15,BHIM,P2P,Peer Transfer,170.81,IndusInd Bank,Yes Bank,Android,4G,Amritsar,SUCCESS,N/A,N/A,3162
UPI2025000372,2025-08-08,17:09:47,Paytm,P2P,Peer Transfer,499.19,Bank of Baroda,SBI,Android,4G,Lucknow,SUCCESS,N/A,N/A,2367
UPI2025000373,2025-09-17,09:58:50,PhonePe,P2M,Grocery,321.73,Canara Bank,Canara Bank,iOS,4G,Gurugram,SUCCESS,N/A,N/A,1465
UPI2025000374,2025-04-17,19:16:37,PhonePe,P2M,Medical/Pharmacy,290.22,ICICI Bank,Kotak Mahindra Bank,Android,WiFi,Mumbai,SUCCESS,N/A,N/A,2779
UPI2025000375,2025-05-27,22:14:33,PhonePe,P2M,Peer Transfer,617.89,Bank of Baroda,Canara Bank,Android,WiFi,Chennai,FAILED,Insufficient Balance,No,4781
UPI2025000376,2025-03-24,08:10:23,PhonePe,P2P,Peer Transfer,156.38,HDFC Bank,Yes Bank,Android,5G,Noida,SUCCESS,N/A,N/A,208
UPI2025000377,2025-07-06,09:10:41,BHIM,P2P,Peer Transfer,4288.7,SBI,Axis Bank,Android,4G,Gurugram,FAILED,Transaction Timeout,Yes,2160
UPI2025000378,2025-04-11,21:33:25,PhonePe,P2P,Peer Transfer,75.41,IndusInd Bank,Yes Bank,Android,5G,Ahmedabad,SUCCESS,N/A,N/A,200
UPI2025000379,2025-03-26,13:30:55,PhonePe,P2M,Peer Transfer,224.06,Axis Bank,Kotak Mahindra Bank,iOS,4G,Gurugram,SUCCESS,N/A,N/A,901
UPI2025000380,2025-10-09,17:59:29,PhonePe,P2P,Peer Transfer,378.17,HDFC Bank,Axis Bank,Android,4G,Gurugram,SUCCESS,N/A,N/A,2071
UPI2025000381,2025-07-15,17:52:09,PhonePe,P2M,Peer Transfer,37.96,ICICI Bank,Canara Bank,Android,WiFi,Gurugram,SUCCESS,N/A,N/A,1596
UPI2025000382,2025-02-06,14:08:57,PhonePe,P2M,Education Fee,3917.29,SBI,Yes Bank,Android,WiFi,Gurugram,SUCCESS,N/A,N/A,2130
UPI2025000383,2025-12-31,19:50:49,PhonePe,P2M,Rent,42.03,IndusInd Bank,IDBI Bank,Android,4G,Hyderabad,SUCCESS,N/A,N/A,200
UPI2025000384,2025-04-01,20:05:18,PhonePe,P2P,Peer Transfer,4549.25,Union Bank of India,Kotak Mahindra Bank,Android,5G,Ludhiana,SUCCESS,N/A,N/A,2595
UPI2025000385,2025-02-15,14:24:41,Google Pay,P2P,Peer Transfer,482.06,Bank of Baroda,Kotak Mahindra Bank,Android,5G,Hyderabad,SUCCESS,N/A,N/A,393
UPI2025000386,2025-07-28,13:23:39,Google Pay,P2M,Travel,4915.84,Yes Bank,Kotak Mahindra Bank,Android,5G,Amritsar,SUCCESS,N/A,N/A,1323
UPI2025000387,2025-08-04,14:19:36,PhonePe,P2M,Utility Bill,25876.96,IDBI Bank,Kotak Mahindra Bank,Android,4G,Amritsar,FAILED,Beneficiary Bank Server Down,No,1269
UPI2025000388,2025-11-08,15:44:43,Paytm,P2M,Grocery,65.91,ICICI Bank,Kotak Mahindra Bank,Android,WiFi,Noida,SUCCESS,N/A,N/A,2848
UPI2025000389,2025-06-19,06:16:14,PhonePe,P2M,Travel,426.8,IndusInd Bank,SBI,Android,5G,Delhi,SUCCESS,N/A,N/A,2185
UPI2025000390,2025-11-15,09:31:28,Google Pay,P2P,Peer Transfer,43.16,Yes Bank,Union Bank of India,Android,5G,Gurugram,SUCCESS,N/A,N/A,2423
UPI2025000391,2025-08-27,08:02:23,Google Pay,P2P,Peer Transfer,12459.85,SBI,ICICI Bank,Android,4G,Jaipur,SUCCESS,N/A,N/A,2192
UPI2025000392,2025-03-19,14:47:45,Google Pay,P2P,Peer Transfer,236.52,HDFC Bank,Union Bank of India,iOS,WiFi,Lucknow,SUCCESS,N/A,N/A,2613
UPI2025000393,2025-11-13,10:38:12,PhonePe,P2P,Peer Transfer,40.51,Kotak Mahindra Bank,IndusInd Bank,Android,5G,Bhopal,FAILED,Incorrect UPI PIN,No,3208
UPI2025000394,2025-11-08,14:16:56,PhonePe,P2M,Travel,90.71,IndusInd Bank,Punjab National Bank,Android,WiFi,Kolkata,SUCCESS,N/A,N/A,1080
UPI2025000395,2025-06-28,17:57:37,BHIM,P2P,Peer Transfer,4450.24,Canara Bank,HDFC Bank,Android,WiFi,Pune,SUCCESS,N/A,N/A,1537
UPI2025000396,2025-03-31,19:26:22,PhonePe,P2M,E-commerce,492.64,SBI,IDBI Bank,Android,4G,Kolkata,FAILED,Technical Decline by Issuer,Yes,1373
UPI2025000397,2025-05-18,09:36:17,Google Pay,P2M,E-commerce,237.33,IDBI Bank,Yes Bank,Android,4G,Pune,SUCCESS,N/A,N/A,2068
UPI2025000398,2025-03-22,10:53:15,BHIM,P2M,Food Delivery,39902.53,Bank of Baroda,ICICI Bank,iOS,5G,Noida,SUCCESS,N/A,N/A,1123
UPI2025000399,2025-10-24,19:02:54,PhonePe,P2P,Peer Transfer,2854.98,IndusInd Bank,Bank of Baroda,iOS,WiFi,Hyderabad,SUCCESS,N/A,N/A,3485
UPI2025000400,2025-10-24,20:17:25,Google Pay,P2P,Peer Transfer,400.98,IndusInd Bank,ICICI Bank,Android,5G,Bhopal,FAILED,Bank Server Down,No,6660
UPI2025000401,2025-10-29,09:07:44,PhonePe,P2P,Peer Transfer,87.4,Bank of Baroda,IDBI Bank,Android,4G,Bengaluru,SUCCESS,N/A,N/A,1498
UPI2025000402,2025-08-26,19:11:35,Google Pay,P2M,Medical/Pharmacy,100.27,Punjab National Bank,Canara Bank,Android,5G,Jalandhar,SUCCESS,N/A,N/A,1436
UPI2025000403,2025-10-20,12:54:25,Google Pay,P2P,Peer Transfer,3268.84,ICICI Bank,IndusInd Bank,Android,4G,Bengaluru,SUCCESS,N/A,N/A,1821
UPI2025000404,2025-11-09,10:27:54,PhonePe,P2P,Peer Transfer,2379.92,ICICI Bank,IDBI Bank,Android,4G,Noida,FAILED,NPCI Server Error,No,7324
UPI2025000405,2025-07-27,18:50:31,Google Pay,P2P,Peer Transfer,320.99,Union Bank of India,IndusInd Bank,Android,4G,Jalandhar,SUCCESS,N/A,N/A,2868
UPI2025000406,2025-07-05,19:06:28,Paytm,P2P,Peer Transfer,4506.16,Punjab National Bank,Bank of Baroda,Android,WiFi,Lucknow,FAILED,Insufficient Balance,No,9679
UPI2025000407,2025-08-24,09:36:41,Paytm,P2P,Peer Transfer,101.83,ICICI Bank,Punjab National Bank,Android,5G,Chennai,SUCCESS,N/A,N/A,894
UPI2025000408,2025-05-28,16:29:40,WhatsApp Pay,P2M,Medical/Pharmacy,240.87,ICICI Bank,Yes Bank,Android,5G,Jaipur,SUCCESS,N/A,N/A,2825
UPI2025000409,2025-01-28,06:21:14,Google Pay,P2M,Peer Transfer,252.16,Yes Bank,Punjab National Bank,Android,4G,Chennai,SUCCESS,N/A,N/A,2556
UPI2025000410,2025-12-31,12:37:33,WhatsApp Pay,P2P,Peer Transfer,59.31,Kotak Mahindra Bank,ICICI Bank,Android,5G,Hyderabad,SUCCESS,N/A,N/A,2292
UPI2025000411,2025-09-30,18:13:10,PhonePe,P2M,Entertainment,3869.72,HDFC Bank,HDFC Bank,Android,4G,Jaipur,SUCCESS,N/A,N/A,2698
UPI2025000412,2025-02-02,07:39:09,Google Pay,P2P,Peer Transfer,240.93,Kotak Mahindra Bank,Punjab National Bank,Android,4G,Chandigarh,FAILED,Network Connectivity Issue,Yes,3636
UPI2025000413,2025-09-15,12:58:20,BHIM,P2M,Education Fee,341.33,Canara Bank,Union Bank of India,Android,WiFi,Bhopal,FAILED,Transaction Timeout,No,5066
UPI2025000414,2025-09-04,20:27:33,Paytm,P2M,Entertainment,4266.69,Union Bank of India,Punjab National Bank,Android,WiFi,Chennai,SUCCESS,N/A,N/A,1566
UPI2025000415,2025-06-10,10:19:00,Google Pay,P2P,Peer Transfer,350.13,ICICI Bank,Bank of Baroda,Android,5G,Noida,SUCCESS,N/A,N/A,2262
UPI2025000416,2025-07-05,11:49:27,Paytm,P2M,Education Fee,3947.29,IndusInd Bank,Axis Bank,Android,4G,Bhopal,SUCCESS,N/A,N/A,1961
UPI2025000417,2025-04-08,08:47:41,PhonePe,P2P,Peer Transfer,137.54,Kotak Mahindra Bank,Axis Bank,Android,4G,Hyderabad,SUCCESS,N/A,N/A,1680
UPI2025000418,2025-10-16,15:17:26,Google Pay,P2P,Peer Transfer,235.58,HDFC Bank,ICICI Bank,Android,5G,Chennai,SUCCESS,N/A,N/A,922
UPI2025000419,2025-08-30,14:20:01,Google Pay,P2P,Peer Transfer,488.63,Union Bank of India,SBI,Android,4G,Chennai,SUCCESS,N/A,N/A,2098
UPI2025000420,2025-04-01,07:00:31,Google Pay,P2M,Entertainment,18149.82,Kotak Mahindra Bank,Punjab National Bank,iOS,5G,Delhi,SUCCESS,N/A,N/A,1971
UPI2025000421,2025-11-24,18:09:03,Google Pay,P2P,Peer Transfer,5810.3,Kotak Mahindra Bank,HDFC Bank,Android,WiFi,Hyderabad,SUCCESS,N/A,N/A,958
UPI2025000422,2025-11-18,01:49:45,Google Pay,P2M,Grocery,416.4,Canara Bank,Axis Bank,Android,5G,Bengaluru,SUCCESS,N/A,N/A,2777
UPI2025000423,2025-03-22,13:43:19,WhatsApp Pay,P2M,Rent,354.81,ICICI Bank,Yes Bank,iOS,5G,Hyderabad,SUCCESS,N/A,N/A,1782
UPI2025000424,2025-04-27,09:56:03,BHIM,P2P,Peer Transfer,157.62,Axis Bank,HDFC Bank,Android,4G,Hyderabad,SUCCESS,N/A,N/A,1527
UPI2025000425,2025-06-03,18:00:02,PhonePe,P2M,Recharge/Bill Payment,716.64,IDBI Bank,Canara Bank,Android,4G,Amritsar,SUCCESS,N/A,N/A,2655
UPI2025000426,2025-09-24,16:59:48,Paytm,P2M,Rent,447.23,SBI,Bank of Baroda,Android,4G,Noida,SUCCESS,N/A,N/A,3339
UPI2025000427,2025-08-05,18:48:22,BHIM,P2P,Peer Transfer,31226.31,Canara Bank,IDBI Bank,Android,4G,Chandigarh,SUCCESS,N/A,N/A,1863
UPI2025000428,2025-01-16,14:28:35,Google Pay,P2P,Peer Transfer,41.18,IDBI Bank,Canara Bank,Android,4G,Chennai,SUCCESS,N/A,N/A,2845
UPI2025000429,2025-11-19,16:55:35,Google Pay,P2P,Peer Transfer,4593.32,Union Bank of India,ICICI Bank,Android,5G,Chennai,FAILED,Transaction Timeout,Yes,4879
UPI2025000430,2025-03-14,20:39:54,PhonePe,P2P,Peer Transfer,263.55,IndusInd Bank,Axis Bank,Android,WiFi,Jaipur,FAILED,Daily Transaction Limit Exceeded,No,6502
UPI2025000431,2025-03-01,16:20:26,Paytm,P2P,Peer Transfer,389.2,HDFC Bank,HDFC Bank,Android,WiFi,Chandigarh,FAILED,Insufficient Balance,Yes,7724
UPI2025000432,2025-03-16,07:36:41,BHIM,P2P,Peer Transfer,299.93,Yes Bank,Canara Bank,Android,4G,Lucknow,SUCCESS,N/A,N/A,2983
UPI2025000433,2025-10-06,06:59:58,Google Pay,P2P,Peer Transfer,2230.3,Canara Bank,HDFC Bank,Android,4G,Patiala,SUCCESS,N/A,N/A,1910
UPI2025000434,2025-11-05,17:52:39,Google Pay,P2P,Peer Transfer,374.36,SBI,IDBI Bank,Android,WiFi,Gurugram,FAILED,Invalid VPA / Beneficiary Not Found,Yes,5602
UPI2025000435,2025-03-15,09:42:15,PhonePe,P2M,Travel,134.65,ICICI Bank,Union Bank of India,Android,WiFi,Lucknow,SUCCESS,N/A,N/A,1413
UPI2025000436,2025-09-30,17:56:06,Google Pay,P2P,Peer Transfer,486.05,ICICI Bank,Union Bank of India,Android,4G,Chennai,SUCCESS,N/A,N/A,1176
UPI2025000437,2025-12-17,11:20:54,PhonePe,P2M,Medical/Pharmacy,309.28,Yes Bank,Kotak Mahindra Bank,Android,5G,Jalandhar,SUCCESS,N/A,N/A,1521
UPI2025000438,2025-08-02,21:16:23,WhatsApp Pay,P2P,Peer Transfer,403.27,Canara Bank,Kotak Mahindra Bank,Android,4G,Ludhiana,SUCCESS,N/A,N/A,1123
UPI2025000439,2025-12-12,11:19:14,Google Pay,P2M,Rent,2286.57,Bank of Baroda,SBI,iOS,WiFi,Gurugram,SUCCESS,N/A,N/A,1512
UPI2025000440,2025-12-26,15:06:02,PhonePe,P2P,Peer Transfer,4434.0,ICICI Bank,ICICI Bank,iOS,4G,Hyderabad,SUCCESS,N/A,N/A,1083
UPI2025000441,2025-02-05,15:36:58,Google Pay,P2P,Peer Transfer,496.48,HDFC Bank,IDBI Bank,Android,5G,Bengaluru,SUCCESS,N/A,N/A,200
UPI2025000442,2025-04-27,04:51:36,PhonePe,P2P,Peer Transfer,454.73,SBI,Bank of Baroda,Android,4G,Bengaluru,SUCCESS,N/A,N/A,374
UPI2025000443,2025-03-30,18:54:38,Amazon Pay,P2P,Peer Transfer,413.66,Yes Bank,Yes Bank,Android,4G,Bhopal,SUCCESS,N/A,N/A,1365
UPI2025000444,2025-05-07,14:14:09,Google Pay,P2M,Peer Transfer,767.86,IDBI Bank,Kotak Mahindra Bank,Android,4G,Patiala,SUCCESS,N/A,N/A,1932
UPI2025000445,2025-06-03,08:21:05,PhonePe,P2P,Peer Transfer,66.1,IDBI Bank,SBI,Android,4G,Patiala,SUCCESS,N/A,N/A,1609
UPI2025000446,2025-02-20,18:30:35,Google Pay,P2M,Education Fee,378.08,Kotak Mahindra Bank,Yes Bank,Android,5G,Pune,SUCCESS,N/A,N/A,911
UPI2025000447,2025-04-14,18:20:43,Amazon Pay,P2M,Travel,471.45,HDFC Bank,HDFC Bank,Android,4G,Lucknow,SUCCESS,N/A,N/A,1711
UPI2025000448,2025-01-10,18:10:22,PhonePe,P2P,Peer Transfer,4609.79,Canara Bank,IndusInd Bank,Android,WiFi,Jalandhar,SUCCESS,N/A,N/A,1816
UPI2025000449,2025-03-02,18:54:05,Google Pay,P2M,Recharge/Bill Payment,364.75,SBI,Axis Bank,iOS,WiFi,Ludhiana,SUCCESS,N/A,N/A,770
UPI2025000450,2025-11-09,07:28:30,Google Pay,P2P,Peer Transfer,15.74,Axis Bank,IDBI Bank,Android,5G,Hyderabad,SUCCESS,N/A,N/A,1897
UPI2025000451,2025-08-30,18:09:44,Paytm,P2M,Utility Bill,292.83,SBI,Kotak Mahindra Bank,Android,4G,Delhi,SUCCESS,N/A,N/A,2939
UPI2025000452,2025-11-03,17:17:03,PhonePe,P2P,Peer Transfer,329.62,SBI,HDFC Bank,Android,WiFi,Lucknow,SUCCESS,N/A,N/A,1020
UPI2025000453,2025-01-08,11:56:41,PhonePe,P2M,Food Delivery,1739.22,Kotak Mahindra Bank,Union Bank of India,iOS,5G,Bhopal,FAILED,Insufficient Balance,No,7284
UPI2025000454,2025-08-06,21:01:02,Google Pay,P2P,Peer Transfer,412.99,Union Bank of India,Punjab National Bank,Android,4G,Lucknow,SUCCESS,N/A,N/A,1574
UPI2025000455,2025-05-19,16:15:32,Google Pay,P2P,Peer Transfer,3119.89,SBI,Yes Bank,Android,3G,Ludhiana,SUCCESS,N/A,N/A,2729
UPI2025000456,2025-04-19,10:21:57,PhonePe,P2M,Education Fee,193.53,ICICI Bank,HDFC Bank,iOS,5G,Pune,SUCCESS,N/A,N/A,2814
UPI2025000457,2025-08-11,08:19:58,PhonePe,P2P,Peer Transfer,446.15,Canara Bank,Union Bank of India,Android,5G,Jalandhar,SUCCESS,N/A,N/A,2979
UPI2025000458,2025-05-01,17:57:33,Amazon Pay,P2M,Peer Transfer,176.9,Kotak Mahindra Bank,ICICI Bank,iOS,4G,Bhopal,SUCCESS,N/A,N/A,3056
UPI2025000459,2025-10-07,07:20:53,Amazon Pay,P2M,Travel,341.79,IDBI Bank,SBI,iOS,4G,Hyderabad,FAILED,Insufficient Balance,Yes,4447
UPI2025000460,2025-01-11,18:39:39,Google Pay,P2P,Peer Transfer,347.25,IndusInd Bank,IndusInd Bank,Android,5G,Lucknow,FAILED,Invalid VPA / Beneficiary Not Found,Yes,5060
UPI2025000461,2025-11-25,16:45:41,PhonePe,P2P,Peer Transfer,257.67,Kotak Mahindra Bank,Canara Bank,Android,4G,Patiala,SUCCESS,N/A,N/A,1720
UPI2025000462,2025-01-06,21:26:14,Paytm,P2P,Peer Transfer,88.41,Axis Bank,Axis Bank,iOS,3G,Noida,SUCCESS,N/A,N/A,1466
UPI2025000463,2025-12-03,13:15:27,PhonePe,P2M,Travel,10226.25,SBI,IndusInd Bank,Android,4G,Bhopal,SUCCESS,N/A,N/A,2427
UPI2025000464,2025-12-07,17:02:33,Google Pay,P2M,E-commerce,305.44,Canara Bank,SBI,Android,4G,Delhi,SUCCESS,N/A,N/A,1499
UPI2025000465,2025-07-20,18:03:12,Google Pay,P2M,Fuel,480.96,Kotak Mahindra Bank,Punjab National Bank,Android,4G,Delhi,SUCCESS,N/A,N/A,725
UPI2025000466,2025-12-17,08:53:41,PhonePe,P2P,Peer Transfer,2937.67,IDBI Bank,Union Bank of India,Android,WiFi,Bhopal,FAILED,Bank Server Down,Yes,4785
UPI2025000467,2025-03-11,13:57:45,Amazon Pay,P2P,Peer Transfer,225.82,Canara Bank,HDFC Bank,Android,WiFi,Amritsar,SUCCESS,N/A,N/A,1648
UPI2025000468,2025-02-17,07:45:28,Paytm,P2M,Rent,142.42,HDFC Bank,Union Bank of India,Android,5G,Amritsar,SUCCESS,N/A,N/A,1375
UPI2025000469,2025-05-28,04:10:58,PhonePe,P2P,Peer Transfer,1126.39,Yes Bank,ICICI Bank,Android,WiFi,Delhi,SUCCESS,N/A,N/A,200
UPI2025000470,2025-05-01,18:28:18,Paytm,P2M,Grocery,496.99,HDFC Bank,ICICI Bank,Android,4G,Chennai,SUCCESS,N/A,N/A,1542
UPI2025000471,2025-07-13,15:00:38,Amazon Pay,P2M,Entertainment,314.12,Axis Bank,Axis Bank,Android,4G,Ludhiana,SUCCESS,N/A,N/A,4179
UPI2025000472,2025-08-01,11:40:35,BHIM,P2P,Peer Transfer,4838.13,Axis Bank,SBI,Android,4G,Chandigarh,SUCCESS,N/A,N/A,447
UPI2025000473,2025-09-17,15:38:19,PhonePe,P2P,Peer Transfer,4414.86,HDFC Bank,SBI,iOS,4G,Ahmedabad,SUCCESS,N/A,N/A,2042
UPI2025000474,2025-09-26,17:36:50,PhonePe,P2M,Grocery,145.13,Canara Bank,IDBI Bank,Android,4G,Lucknow,SUCCESS,N/A,N/A,1491
UPI2025000475,2025-11-15,06:27:53,PhonePe,P2P,Peer Transfer,4914.44,Punjab National Bank,Canara Bank,Android,4G,Gurugram,SUCCESS,N/A,N/A,204
UPI2025000476,2025-03-23,17:39:03,Google Pay,P2P,Peer Transfer,150.03,IDBI Bank,Yes Bank,Android,5G,Ahmedabad,SUCCESS,N/A,N/A,2935
UPI2025000477,2025-11-26,11:33:36,CRED,P2M,Entertainment,2715.46,Bank of Baroda,ICICI Bank,Android,5G,Noida,SUCCESS,N/A,N/A,1750
UPI2025000478,2025-12-10,16:45:18,CRED,P2P,Peer Transfer,30808.8,SBI,HDFC Bank,Android,4G,Jalandhar,SUCCESS,N/A,N/A,2056
UPI2025000479,2025-06-11,13:21:22,PhonePe,P2P,Peer Transfer,108.23,Yes Bank,Axis Bank,Android,4G,Mumbai,SUCCESS,N/A,N/A,2334
UPI2025000480,2025-07-16,15:49:00,Google Pay,P2P,Peer Transfer,317.03,Bank of Baroda,Bank of Baroda,Android,WiFi,Amritsar,FAILED,Network Connectivity Issue,No,200
UPI2025000481,2025-07-06,20:51:02,Paytm,P2M,Education Fee,346.98,Canara Bank,ICICI Bank,iOS,5G,Patiala,SUCCESS,N/A,N/A,925
UPI2025000482,2025-01-22,19:19:36,Paytm,P2P,Peer Transfer,14481.72,Bank of Baroda,Union Bank of India,Android,5G,Lucknow,FAILED,Insufficient Balance,No,1740
UPI2025000483,2025-05-12,23:40:34,BHIM,P2P,Peer Transfer,4990.19,IndusInd Bank,IndusInd Bank,Android,WiFi,Ahmedabad,SUCCESS,N/A,N/A,2452
UPI2025000484,2025-05-03,17:17:26,Google Pay,P2P,Peer Transfer,1142.83,Axis Bank,Bank of Baroda,iOS,4G,Ahmedabad,FAILED,Bank Server Down,Yes,5532
UPI2025000485,2025-03-20,20:28:32,Google Pay,P2P,Peer Transfer,3947.52,Canara Bank,Union Bank of India,Android,5G,Gurugram,SUCCESS,N/A,N/A,1776
UPI2025000486,2025-05-08,08:55:06,BHIM,P2M,E-commerce,48.05,Union Bank of India,Yes Bank,Android,5G,Gurugram,FAILED,Incorrect UPI PIN,Yes,2736
UPI2025000487,2025-11-26,16:05:21,PhonePe,P2P,Peer Transfer,41370.58,SBI,HDFC Bank,Android,4G,Ahmedabad,SUCCESS,N/A,N/A,200
UPI2025000488,2025-03-23,11:12:18,Google Pay,P2M,Fuel,2752.81,Bank of Baroda,Canara Bank,Android,4G,Ludhiana,SUCCESS,N/A,N/A,1991
UPI2025000489,2025-08-06,14:13:34,PhonePe,P2P,Peer Transfer,34.61,Bank of Baroda,Punjab National Bank,Android,4G,Pune,FAILED,Incorrect UPI PIN,No,2961
UPI2025000490,2025-07-29,13:08:01,PhonePe,P2P,Peer Transfer,23229.62,Yes Bank,SBI,Android,4G,Amritsar,SUCCESS,N/A,N/A,954
UPI2025000491,2025-12-13,16:53:44,Paytm,P2P,Peer Transfer,2643.97,IndusInd Bank,Bank of Baroda,Android,5G,Bhopal,FAILED,Technical Decline by Issuer,No,4619
UPI2025000492,2025-08-09,08:52:51,Amazon Pay,P2P,Peer Transfer,3415.18,Canara Bank,HDFC Bank,Android,5G,Chennai,SUCCESS,N/A,N/A,2049
UPI2025000493,2025-03-28,08:57:39,Google Pay,P2P,Peer Transfer,2522.07,Bank of Baroda,Kotak Mahindra Bank,iOS,4G,Kolkata,SUCCESS,N/A,N/A,1988
UPI2025000494,2025-01-12,06:07:22,PhonePe,P2M,Peer Transfer,3712.79,ICICI Bank,Punjab National Bank,Android,5G,Jaipur,SUCCESS,N/A,N/A,1357
UPI2025000495,2025-11-06,07:35:41,Google Pay,P2P,Peer Transfer,2840.76,Punjab National Bank,Union Bank of India,Android,4G,Pune,SUCCESS,N/A,N/A,1776
UPI2025000496,2025-07-07,12:21:13,BHIM,P2M,Travel,149.29,IndusInd Bank,Kotak Mahindra Bank,Android,4G,Pune,FAILED,Daily Transaction Limit Exceeded,No,961
UPI2025000497,2025-10-04,15:31:07,PhonePe,P2M,Entertainment,376.84,Canara Bank,Bank of Baroda,Android,WiFi,Mumbai,SUCCESS,N/A,N/A,1504
UPI2025000498,2025-09-24,19:49:52,PhonePe,P2M,Food Delivery,517.19,Canara Bank,Yes Bank,Android,4G,Ludhiana,SUCCESS,N/A,N/A,1939
UPI2025000499,2025-09-14,08:34:18,PhonePe,P2P,Peer Transfer,164.97,IndusInd Bank,Canara Bank,Android,4G,Ahmedabad,SUCCESS,N/A,N/A,1371
UPI2025000500,2025-12-30,13:58:22,CRED,P2M,Education Fee,24521.78,IndusInd Bank,SBI,Android,4G,Ahmedabad,FAILED,Technical Decline by Issuer,No,6248
UPI2025000501,2025-01-01,17:52:22,Google Pay,P2P,Peer Transfer,4838.35,Punjab National Bank,SBI,Android,4G,Kolkata,SUCCESS,N/A,N/A,200
UPI2025000502,2025-06-07,12:34:13,Paytm,P2P,Peer Transfer,320.03,Canara Bank,ICICI Bank,Android,WiFi,Patiala,FAILED,Payer Account Frozen/Inactive,No,4231
UPI2025000503,2025-02-22,01:41:01,Google Pay,P2P,Peer Transfer,3498.73,Canara Bank,Yes Bank,iOS,4G,Patiala,SUCCESS,N/A,N/A,1879
UPI2025000504,2025-12-14,18:38:59,PhonePe,P2P,Peer Transfer,974.14,ICICI Bank,Canara Bank,Android,5G,Lucknow,SUCCESS,N/A,N/A,1977
UPI2025000505,2025-06-14,16:36:31,BHIM,P2P,Peer Transfer,33.61,Axis Bank,IDBI Bank,Android,5G,Lucknow,FAILED,Insufficient Balance,Yes,1612
UPI2025000506,2025-05-24,07:30:44,Google Pay,P2P,Peer Transfer,112.35,IDBI Bank,IDBI Bank,iOS,WiFi,Hyderabad,SUCCESS,N/A,N/A,200
UPI2025000507,2025-01-31,14:39:05,Google Pay,P2M,Utility Bill,2374.27,Yes Bank,IDBI Bank,Android,5G,Ahmedabad,SUCCESS,N/A,N/A,2359
UPI2025000508,2025-12-17,12:49:00,PhonePe,P2M,Medical/Pharmacy,4460.71,Union Bank of India,Canara Bank,Android,WiFi,Ahmedabad,SUCCESS,N/A,N/A,775
UPI2025000509,2025-01-14,17:38:47,Google Pay,P2P,Peer Transfer,1828.86,IndusInd Bank,Punjab National Bank,Android,4G,Delhi,SUCCESS,N/A,N/A,1017
UPI2025000510,2025-04-24,19:39:01,Google Pay,P2P,Peer Transfer,325.97,HDFC Bank,ICICI Bank,iOS,4G,Chandigarh,SUCCESS,N/A,N/A,2812
UPI2025000511,2025-04-17,19:00:47,Google Pay,P2M,Utility Bill,446.21,ICICI Bank,IndusInd Bank,Android,WiFi,Hyderabad,SUCCESS,N/A,N/A,1836
UPI2025000512,2025-04-02,14:51:33,BHIM,P2M,Peer Transfer,141.12,Bank of Baroda,HDFC Bank,iOS,4G,Noida,SUCCESS,N/A,N/A,898
UPI2025000513,2025-06-10,18:15:42,PhonePe,P2P,Peer Transfer,175.3,Yes Bank,ICICI Bank,Android,4G,Hyderabad,SUCCESS,N/A,N/A,200
UPI2025000514,2025-02-15,05:29:25,PhonePe,P2M,Education Fee,270.16,Canara Bank,IDBI Bank,Android,5G,Jaipur,SUCCESS,N/A,N/A,1628
UPI2025000515,2025-02-26,15:27:00,Google Pay,P2M,Education Fee,482.11,Canara Bank,Kotak Mahindra Bank,Android,4G,Bhopal,SUCCESS,N/A,N/A,2443
UPI2025000516,2025-11-24,13:58:41,BHIM,P2P,Peer Transfer,265.44,Bank of Baroda,Punjab National Bank,Android,5G,Jaipur,SUCCESS,N/A,N/A,2446
UPI2025000517,2025-09-20,18:46:43,PhonePe,P2P,Peer Transfer,387.38,Axis Bank,Union Bank of India,Android,4G,Bhopal,FAILED,Insufficient Balance,Yes,4703
UPI2025000518,2025-06-09,07:06:43,PhonePe,P2P,Peer Transfer,180.57,Axis Bank,IDBI Bank,Android,4G,Mumbai,FAILED,Transaction Timeout,No,7598
UPI2025000519,2025-03-26,21:40:07,Paytm,P2M,Recharge/Bill Payment,326.76,HDFC Bank,HDFC Bank,Android,WiFi,Amritsar,SUCCESS,N/A,N/A,1956
UPI2025000520,2025-09-28,09:18:29,Paytm,P2P,Peer Transfer,392.38,HDFC Bank,Yes Bank,iOS,WiFi,Kolkata,SUCCESS,N/A,N/A,2019
UPI2025000521,2025-10-31,06:49:03,PhonePe,P2P,Peer Transfer,42.19,Bank of Baroda,SBI,Android,4G,Mumbai,SUCCESS,N/A,N/A,1641
UPI2025000522,2025-12-27,09:25:11,Paytm,P2P,Peer Transfer,4810.05,HDFC Bank,ICICI Bank,Android,5G,Bengaluru,SUCCESS,N/A,N/A,3295
UPI2025000523,2025-10-05,10:02:04,Google Pay,P2M,Grocery,495.75,IDBI Bank,Punjab National Bank,iOS,4G,Ludhiana,SUCCESS,N/A,N/A,665
UPI2025000524,2025-09-16,12:09:44,PhonePe,P2P,Peer Transfer,1133.61,Kotak Mahindra Bank,IndusInd Bank,Android,WiFi,Noida,SUCCESS,N/A,N/A,1245
UPI2025000525,2025-11-24,18:51:50,Google Pay,P2P,Peer Transfer,1161.33,Axis Bank,SBI,Android,WiFi,Bengaluru,SUCCESS,N/A,N/A,3222
UPI2025000526,2025-12-30,23:21:43,Google Pay,P2M,Utility Bill,137.35,SBI,Yes Bank,Android,5G,Kolkata,FAILED,Beneficiary Bank Server Down,No,2469
UPI2025000527,2025-09-09,09:35:02,WhatsApp Pay,P2P,Peer Transfer,240.29,Yes Bank,Axis Bank,Android,4G,Lucknow,SUCCESS,N/A,N/A,1048
UPI2025000528,2025-12-10,16:47:12,Google Pay,P2M,Peer Transfer,75.79,Axis Bank,SBI,Android,4G,Bhopal,SUCCESS,N/A,N/A,3680
UPI2025000529,2025-07-14,15:53:51,PhonePe,P2P,Peer Transfer,255.3,SBI,SBI,Android,5G,Jaipur,FAILED,Network Connectivity Issue,No,4139
UPI2025000530,2025-06-28,21:55:55,PhonePe,P2P,Peer Transfer,277.82,IDBI Bank,IndusInd Bank,Android,5G,Noida,SUCCESS,N/A,N/A,3035
UPI2025000531,2025-07-03,20:39:02,Google Pay,P2P,Peer Transfer,1441.33,Yes Bank,ICICI Bank,Android,WiFi,Bengaluru,SUCCESS,N/A,N/A,1413
UPI2025000532,2025-03-08,19:04:52,BHIM,P2M,Peer Transfer,47814.34,HDFC Bank,Canara Bank,Android,WiFi,Patiala,SUCCESS,N/A,N/A,2329
UPI2025000533,2025-11-21,23:43:25,PhonePe,P2P,Peer Transfer,358.74,Yes Bank,IndusInd Bank,Android,WiFi,Jalandhar,SUCCESS,N/A,N/A,3621
UPI2025000534,2025-08-19,09:04:07,Google Pay,P2M,Education Fee,45.81,Kotak Mahindra Bank,ICICI Bank,Android,4G,Delhi,FAILED,Network Connectivity Issue,No,1773
UPI2025000535,2025-05-27,18:01:56,PhonePe,P2P,Peer Transfer,47466.57,SBI,SBI,Android,5G,Ahmedabad,SUCCESS,N/A,N/A,2183
UPI2025000536,2025-11-10,18:30:44,Google Pay,P2P,Peer Transfer,1227.52,ICICI Bank,Yes Bank,Android,4G,Amritsar,SUCCESS,N/A,N/A,1817
UPI2025000537,2025-01-15,16:45:31,PhonePe,P2M,Fuel,131.2,HDFC Bank,Yes Bank,Android,4G,Pune,FAILED,Suspected Fraud - Blocked by Bank,No,7468
UPI2025000538,2025-08-29,12:48:34,PhonePe,P2M,Fuel,254.46,Canara Bank,Yes Bank,Android,4G,Chandigarh,SUCCESS,N/A,N/A,2120
UPI2025000539,2025-12-20,14:11:10,Paytm,P2M,Fuel,463.84,SBI,SBI,Android,4G,Chennai,FAILED,Invalid VPA / Beneficiary Not Found,No,6264
UPI2025000540,2025-03-10,08:01:31,PhonePe,P2M,Peer Transfer,367.14,HDFC Bank,Axis Bank,Android,4G,Kolkata,SUCCESS,N/A,N/A,1393
UPI2025000541,2025-02-12,11:06:15,Paytm,P2M,Food Delivery,245.64,Axis Bank,Kotak Mahindra Bank,Android,5G,Patiala,FAILED,Technical Decline by Issuer,Yes,5988
UPI2025000542,2025-05-31,12:29:46,Google Pay,P2P,Peer Transfer,496.69,Bank of Baroda,Punjab National Bank,Android,5G,Delhi,SUCCESS,N/A,N/A,1636
UPI2025000543,2025-02-13,19:29:26,Google Pay,P2M,Peer Transfer,46329.19,Bank of Baroda,Axis Bank,Android,WiFi,Amritsar,SUCCESS,N/A,N/A,200
UPI2025000544,2025-08-03,19:05:26,BHIM,P2M,Entertainment,395.9,Canara Bank,Axis Bank,Android,5G,Pune,SUCCESS,N/A,N/A,2706
UPI2025000545,2025-06-18,15:57:59,PhonePe,P2M,Travel,13621.68,ICICI Bank,IndusInd Bank,iOS,4G,Noida,SUCCESS,N/A,N/A,1812
UPI2025000546,2025-07-15,03:33:25,PhonePe,P2P,Peer Transfer,118.22,IDBI Bank,HDFC Bank,Android,5G,Ludhiana,SUCCESS,N/A,N/A,941
UPI2025000547,2025-06-07,21:08:22,Google Pay,P2P,Peer Transfer,434.72,Yes Bank,HDFC Bank,Android,4G,Chennai,SUCCESS,N/A,N/A,3578
UPI2025000548,2025-10-18,16:29:29,Paytm,P2P,Peer Transfer,263.18,IDBI Bank,Kotak Mahindra Bank,iOS,5G,Ludhiana,SUCCESS,N/A,N/A,392
UPI2025000549,2025-01-28,12:44:21,PhonePe,P2M,Rent,448.11,Punjab National Bank,Kotak Mahindra Bank,iOS,5G,Jalandhar,SUCCESS,N/A,N/A,1685
UPI2025000550,2025-02-01,16:21:47,WhatsApp Pay,P2P,Peer Transfer,253.79,Union Bank of India,Yes Bank,Android,4G,Chennai,SUCCESS,N/A,N/A,3160
UPI2025000551,2025-05-22,12:41:35,Paytm,P2M,Recharge/Bill Payment,172.47,Union Bank of India,IDBI Bank,iOS,4G,Bengaluru,SUCCESS,N/A,N/A,200
UPI2025000552,2025-10-14,21:37:55,WhatsApp Pay,P2M,Medical/Pharmacy,4261.22,Axis Bank,IDBI Bank,Android,4G,Patiala,SUCCESS,N/A,N/A,1979
UPI2025000553,2025-01-25,12:28:31,PhonePe,P2M,Utility Bill,3445.93,HDFC Bank,Canara Bank,iOS,WiFi,Chennai,SUCCESS,N/A,N/A,200
UPI2025000554,2025-11-07,17:44:51,CRED,P2M,Entertainment,669.07,HDFC Bank,Axis Bank,Android,4G,Amritsar,SUCCESS,N/A,N/A,2087
UPI2025000555,2025-01-30,07:17:07,Paytm,P2M,Education Fee,10.01,Canara Bank,ICICI Bank,iOS,4G,Patiala,SUCCESS,N/A,N/A,821
UPI2025000556,2025-07-30,21:30:22,PhonePe,P2P,Peer Transfer,37820.52,IDBI Bank,Yes Bank,Android,4G,Pune,SUCCESS,N/A,N/A,822
UPI2025000557,2025-07-21,17:26:37,PhonePe,P2P,Peer Transfer,3483.71,Yes Bank,Bank of Baroda,Android,5G,Bhopal,SUCCESS,N/A,N/A,246
UPI2025000558,2025-04-29,15:57:50,Google Pay,P2P,Peer Transfer,169.39,Punjab National Bank,Axis Bank,iOS,WiFi,Delhi,FAILED,Incorrect UPI PIN,No,3144
UPI2025000559,2025-08-29,21:45:34,Google Pay,P2M,Utility Bill,41301.21,ICICI Bank,IDBI Bank,Android,4G,Bengaluru,FAILED,Incorrect UPI PIN,Yes,3304
UPI2025000560,2025-04-12,12:13:35,Paytm,P2M,Recharge/Bill Payment,299.41,Yes Bank,Bank of Baroda,Android,5G,Amritsar,SUCCESS,N/A,N/A,3080
UPI2025000561,2025-02-17,21:25:59,PhonePe,P2M,Recharge/Bill Payment,357.57,ICICI Bank,Canara Bank,Android,5G,Gurugram,SUCCESS,N/A,N/A,2385
UPI2025000562,2025-10-01,11:57:18,WhatsApp Pay,P2P,Peer Transfer,155.31,IndusInd Bank,Yes Bank,Android,WiFi,Chennai,SUCCESS,N/A,N/A,447
UPI2025000563,2025-02-13,18:57:02,Google Pay,P2P,Peer Transfer,21617.63,Union Bank of India,HDFC Bank,Android,WiFi,Chennai,SUCCESS,N/A,N/A,2281
UPI2025000564,2025-05-07,05:41:12,PhonePe,P2P,Peer Transfer,2577.72,Axis Bank,Punjab National Bank,Android,WiFi,Mumbai,SUCCESS,N/A,N/A,2598
UPI2025000565,2025-06-03,09:20:38,PhonePe,P2P,Peer Transfer,4377.61,SBI,Yes Bank,Android,WiFi,Lucknow,SUCCESS,N/A,N/A,1297
UPI2025000566,2025-01-05,11:22:19,CRED,P2P,Peer Transfer,4903.36,Union Bank of India,HDFC Bank,iOS,5G,Patiala,SUCCESS,N/A,N/A,809
UPI2025000567,2025-04-23,08:46:57,PhonePe,P2M,Peer Transfer,366.26,Kotak Mahindra Bank,ICICI Bank,Android,4G,Noida,SUCCESS,N/A,N/A,817
UPI2025000568,2025-07-24,23:04:59,WhatsApp Pay,P2P,Peer Transfer,395.24,Kotak Mahindra Bank,HDFC Bank,Android,4G,Amritsar,SUCCESS,N/A,N/A,1451
UPI2025000569,2025-10-03,15:58:08,Google Pay,P2M,Grocery,36666.49,Kotak Mahindra Bank,Punjab National Bank,iOS,4G,Ahmedabad,SUCCESS,N/A,N/A,433
UPI2025000570,2025-10-15,13:01:50,Google Pay,P2M,Utility Bill,29589.36,Punjab National Bank,Punjab National Bank,Android,5G,Ahmedabad,SUCCESS,N/A,N/A,1478
UPI2025000571,2025-07-11,20:41:15,Google Pay,P2M,Food Delivery,2771.58,Punjab National Bank,Canara Bank,Android,4G,Noida,SUCCESS,N/A,N/A,2242
UPI2025000572,2025-12-04,10:43:30,CRED,P2P,Peer Transfer,2284.49,HDFC Bank,Bank of Baroda,Android,WiFi,Amritsar,SUCCESS,N/A,N/A,1326
UPI2025000573,2025-02-26,11:56:44,Google Pay,P2P,Peer Transfer,1894.05,ICICI Bank,SBI,Android,WiFi,Lucknow,FAILED,Incorrect UPI PIN,No,6619
UPI2025000574,2025-01-30,14:49:40,Google Pay,P2M,Education Fee,3311.93,HDFC Bank,IndusInd Bank,Android,4G,Ahmedabad,SUCCESS,N/A,N/A,2355
UPI2025000575,2025-09-29,17:06:34,PhonePe,P2P,Peer Transfer,453.98,ICICI Bank,SBI,Android,WiFi,Patiala,SUCCESS,N/A,N/A,201
UPI2025000576,2025-12-20,08:13:09,PhonePe,P2M,Education Fee,160.32,Axis Bank,Union Bank of India,iOS,5G,Bengaluru,SUCCESS,N/A,N/A,2167
UPI2025000577,2025-12-22,06:52:08,Amazon Pay,P2P,Peer Transfer,2320.37,Canara Bank,Bank of Baroda,Android,WiFi,Gurugram,SUCCESS,N/A,N/A,1317
UPI2025000578,2025-05-13,09:19:01,Paytm,P2P,Peer Transfer,345.87,HDFC Bank,Axis Bank,Android,5G,Ahmedabad,FAILED,Insufficient Balance,Yes,1085
UPI2025000579,2025-09-26,18:07:04,Google Pay,P2P,Peer Transfer,3387.8,Canara Bank,Kotak Mahindra Bank,Android,WiFi,Gurugram,SUCCESS,N/A,N/A,1476
UPI2025000580,2025-07-02,07:16:02,Google Pay,P2M,Food Delivery,377.96,Yes Bank,SBI,iOS,4G,Jalandhar,FAILED,Bank Server Down,Yes,1847
UPI2025000581,2025-11-25,18:17:37,PhonePe,P2M,Peer Transfer,221.69,ICICI Bank,Union Bank of India,Android,5G,Bengaluru,SUCCESS,N/A,N/A,1592
UPI2025000582,2025-10-24,01:13:45,Google Pay,P2M,Education Fee,371.56,Punjab National Bank,ICICI Bank,Android,5G,Jalandhar,SUCCESS,N/A,N/A,968
UPI2025000583,2025-11-27,17:23:44,PhonePe,P2M,Recharge/Bill Payment,204.83,Canara Bank,Yes Bank,iOS,3G,Patiala,FAILED,Incorrect UPI PIN,Yes,2656
UPI2025000584,2025-05-03,07:07:33,Google Pay,P2P,Peer Transfer,331.81,Bank of Baroda,IDBI Bank,Android,4G,Noida,FAILED,Incorrect UPI PIN,No,2492
UPI2025000585,2025-05-02,17:53:28,Google Pay,P2M,Travel,47.04,Kotak Mahindra Bank,Punjab National Bank,Android,4G,Noida,SUCCESS,N/A,N/A,3306
UPI2025000586,2025-05-23,09:43:31,Paytm,P2P,Peer Transfer,5679.98,Kotak Mahindra Bank,Canara Bank,Android,4G,Jaipur,SUCCESS,N/A,N/A,3006
UPI2025000587,2025-08-18,22:47:59,Amazon Pay,P2P,Peer Transfer,3542.12,ICICI Bank,HDFC Bank,Android,4G,Jaipur,FAILED,Network Connectivity Issue,No,2254
UPI2025000588,2025-04-19,18:49:37,PhonePe,P2P,Peer Transfer,302.86,Yes Bank,Kotak Mahindra Bank,Android,WiFi,Noida,SUCCESS,N/A,N/A,974
UPI2025000589,2025-02-27,18:06:07,Google Pay,P2M,Recharge/Bill Payment,4751.31,Canara Bank,Axis Bank,Android,5G,Mumbai,SUCCESS,N/A,N/A,2151
UPI2025000590,2025-01-11,22:24:38,Paytm,P2M,Food Delivery,353.56,ICICI Bank,Punjab National Bank,Android,5G,Gurugram,SUCCESS,N/A,N/A,606
UPI2025000591,2025-11-04,13:18:42,PhonePe,P2P,Peer Transfer,25261.44,Union Bank of India,Punjab National Bank,Android,5G,Ludhiana,SUCCESS,N/A,N/A,2811
UPI2025000592,2025-01-13,23:56:58,Google Pay,P2M,Entertainment,102.38,Canara Bank,Bank of Baroda,Android,4G,Bhopal,SUCCESS,N/A,N/A,1499
UPI2025000593,2025-10-30,11:45:10,PhonePe,P2M,Entertainment,2451.12,ICICI Bank,Punjab National Bank,Android,5G,Noida,SUCCESS,N/A,N/A,1681
UPI2025000594,2025-09-24,15:30:30,PhonePe,P2P,Peer Transfer,136.77,ICICI Bank,Union Bank of India,Android,5G,Jaipur,SUCCESS,N/A,N/A,2543
UPI2025000595,2025-05-17,18:18:20,Google Pay,P2P,Peer Transfer,298.83,IndusInd Bank,SBI,Android,WiFi,Ludhiana,SUCCESS,N/A,N/A,1347
UPI2025000596,2025-08-31,12:06:27,PhonePe,P2P,Peer Transfer,107.64,Bank of Baroda,Kotak Mahindra Bank,Android,4G,Ahmedabad,SUCCESS,N/A,N/A,2037
UPI2025000597,2025-12-20,17:55:19,Google Pay,P2P,Peer Transfer,131.7,ICICI Bank,SBI,Android,5G,Patiala,SUCCESS,N/A,N/A,1739
UPI2025000598,2025-12-17,13:01:44,PhonePe,P2P,Peer Transfer,369.04,SBI,Bank of Baroda,Android,5G,Noida,FAILED,Daily Transaction Limit Exceeded,Yes,3068
UPI2025000599,2025-07-15,19:42:21,Google Pay,P2M,E-commerce,4273.21,Punjab National Bank,Bank of Baroda,Android,WiFi,Mumbai,SUCCESS,N/A,N/A,1868
UPI2025000600,2025-07-28,09:16:03,Google Pay,P2M,Peer Transfer,3275.53,IndusInd Bank,Kotak Mahindra Bank,Android,4G,Bengaluru,SUCCESS,N/A,N/A,2468
UPI2025000601,2025-04-17,06:51:33,PhonePe,P2M,Utility Bill,21700.08,Axis Bank,Bank of Baroda,iOS,5G,Ahmedabad,SUCCESS,N/A,N/A,2765
UPI2025000602,2025-07-29,11:26:25,Google Pay,P2M,Education Fee,2158.02,Union Bank of India,Canara Bank,Android,4G,Gurugram,SUCCESS,N/A,N/A,3927
UPI2025000603,2025-08-13,14:42:52,Paytm,P2M,Education Fee,395.82,Canara Bank,Punjab National Bank,Android,WiFi,Patiala,SUCCESS,N/A,N/A,1254
UPI2025000604,2025-10-10,16:33:12,PhonePe,P2P,Peer Transfer,226.85,ICICI Bank,Axis Bank,Android,4G,Patiala,SUCCESS,N/A,N/A,3347
UPI2025000605,2025-12-01,19:04:40,Google Pay,P2M,Utility Bill,414.12,Kotak Mahindra Bank,Punjab National Bank,Android,5G,Pune,SUCCESS,N/A,N/A,1822
UPI2025000606,2025-02-14,08:01:15,Paytm,P2P,Peer Transfer,37.53,Punjab National Bank,Canara Bank,iOS,4G,Delhi,FAILED,Incorrect UPI PIN,Yes,660
UPI2025000607,2025-11-03,19:42:35,Google Pay,P2P,Peer Transfer,384.58,SBI,IDBI Bank,Android,WiFi,Mumbai,SUCCESS,N/A,N/A,1548
UPI2025000608,2025-04-26,20:57:26,Amazon Pay,P2M,Travel,1335.41,Yes Bank,Yes Bank,iOS,5G,Chandigarh,SUCCESS,N/A,N/A,1548
UPI2025000609,2025-08-10,18:59:07,PhonePe,P2P,Peer Transfer,408.92,IndusInd Bank,Union Bank of India,iOS,4G,Bengaluru,SUCCESS,N/A,N/A,823
UPI2025000610,2025-05-02,11:37:47,PhonePe,P2P,Peer Transfer,262.35,IDBI Bank,IDBI Bank,Android,4G,Amritsar,FAILED,Incorrect UPI PIN,Yes,2849
UPI2025000611,2025-12-02,16:31:34,PhonePe,P2P,Peer Transfer,18850.81,HDFC Bank,Bank of Baroda,Android,4G,Hyderabad,SUCCESS,N/A,N/A,1687
UPI2025000612,2025-12-30,08:30:45,PhonePe,P2M,Peer Transfer,2775.35,Punjab National Bank,SBI,Android,5G,Delhi,SUCCESS,N/A,N/A,2095
UPI2025000613,2025-11-03,17:16:35,PhonePe,P2P,Peer Transfer,60.26,Yes Bank,IDBI Bank,Android,4G,Pune,SUCCESS,N/A,N/A,2130
UPI2025000614,2025-05-31,00:25:59,CRED,P2P,Peer Transfer,4270.59,Punjab National Bank,Punjab National Bank,iOS,4G,Jalandhar,SUCCESS,N/A,N/A,1517
UPI2025000615,2025-03-04,20:40:20,Amazon Pay,P2M,Fuel,3247.46,Yes Bank,Kotak Mahindra Bank,iOS,WiFi,Noida,SUCCESS,N/A,N/A,2299
UPI2025000616,2025-06-10,21:21:45,PhonePe,P2M,Education Fee,122.5,HDFC Bank,ICICI Bank,Android,4G,Bhopal,SUCCESS,N/A,N/A,973
UPI2025000617,2025-06-26,17:48:03,Paytm,P2P,Peer Transfer,362.18,ICICI Bank,Yes Bank,Android,4G,Jalandhar,SUCCESS,N/A,N/A,1161
UPI2025000618,2025-05-02,15:07:10,Google Pay,P2M,Peer Transfer,1500.63,IDBI Bank,Yes Bank,Android,WiFi,Kolkata,SUCCESS,N/A,N/A,667
UPI2025000619,2025-12-06,18:16:11,Paytm,P2P,Peer Transfer,130.22,Bank of Baroda,Punjab National Bank,Android,4G,Jaipur,SUCCESS,N/A,N/A,2719
UPI2025000620,2025-12-10,15:01:01,Amazon Pay,P2M,Food Delivery,2430.25,Yes Bank,IndusInd Bank,iOS,4G,Amritsar,FAILED,Transaction Timeout,No,8676
UPI2025000621,2025-02-27,06:23:10,WhatsApp Pay,P2M,Travel,354.05,HDFC Bank,SBI,Android,WiFi,Noida,FAILED,Invalid VPA / Beneficiary Not Found,Yes,5155
UPI2025000622,2025-12-01,19:17:18,Paytm,P2P,Peer Transfer,270.93,Kotak Mahindra Bank,ICICI Bank,Android,4G,Ahmedabad,SUCCESS,N/A,N/A,2631
UPI2025000623,2025-03-15,13:26:50,Google Pay,P2P,Peer Transfer,175.23,Punjab National Bank,Punjab National Bank,Android,4G,Chennai,FAILED,Beneficiary Bank Server Down,No,6216
UPI2025000624,2025-09-27,12:13:45,PhonePe,P2M,Food Delivery,110.12,Kotak Mahindra Bank,IDBI Bank,Android,4G,Kolkata,SUCCESS,N/A,N/A,1588
UPI2025000625,2025-07-02,20:38:42,WhatsApp Pay,P2M,Grocery,398.45,IndusInd Bank,IDBI Bank,Android,5G,Jaipur,SUCCESS,N/A,N/A,3117
UPI2025000626,2025-06-03,17:08:57,PhonePe,P2P,Peer Transfer,134.1,IndusInd Bank,ICICI Bank,Android,WiFi,Chennai,FAILED,Incorrect UPI PIN,Yes,6493
UPI2025000627,2025-02-25,10:20:02,CRED,P2M,Travel,419.7,Canara Bank,Punjab National Bank,Android,WiFi,Hyderabad,SUCCESS,N/A,N/A,2786
UPI2025000628,2025-06-19,20:20:47,CRED,P2M,Utility Bill,1325.49,ICICI Bank,Union Bank of India,Android,4G,Jalandhar,FAILED,Incorrect UPI PIN,Yes,3248
UPI2025000629,2025-04-12,08:29:27,Google Pay,P2P,Peer Transfer,840.65,Canara Bank,SBI,iOS,5G,Chennai,SUCCESS,N/A,N/A,1761
UPI2025000630,2025-11-25,18:09:07,PhonePe,P2P,Peer Transfer,42.82,Axis Bank,Punjab National Bank,Android,5G,Hyderabad,SUCCESS,N/A,N/A,1852
UPI2025000631,2025-09-15,16:37:00,PhonePe,P2P,Peer Transfer,484.35,IndusInd Bank,ICICI Bank,Android,WiFi,Bengaluru,SUCCESS,N/A,N/A,2880
UPI2025000632,2025-01-11,11:43:07,PhonePe,P2M,Recharge/Bill Payment,222.4,IndusInd Bank,HDFC Bank,Android,5G,Noida,SUCCESS,N/A,N/A,1357
UPI2025000633,2025-04-15,16:00:21,WhatsApp Pay,P2M,Medical/Pharmacy,117.85,Yes Bank,IndusInd Bank,iOS,3G,Chandigarh,FAILED,Insufficient Balance,No,3290
UPI2025000634,2025-05-06,19:47:04,PhonePe,P2P,Peer Transfer,364.14,IndusInd Bank,Kotak Mahindra Bank,Android,4G,Jaipur,FAILED,NPCI Server Error,Yes,200
UPI2025000635,2025-10-30,12:41:48,WhatsApp Pay,P2P,Peer Transfer,116.66,ICICI Bank,HDFC Bank,Android,5G,Ahmedabad,SUCCESS,N/A,N/A,2338
UPI2025000636,2025-08-23,08:42:06,BHIM,P2P,Peer Transfer,278.73,Union Bank of India,Axis Bank,iOS,5G,Patiala,FAILED,Bank Server Down,Yes,5836
UPI2025000637,2025-03-14,13:27:05,Google Pay,P2M,Utility Bill,393.16,Bank of Baroda,Canara Bank,Android,4G,Noida,SUCCESS,N/A,N/A,2168
UPI2025000638,2025-09-09,14:18:29,PhonePe,P2P,Peer Transfer,314.03,Canara Bank,Punjab National Bank,Android,WiFi,Pune,SUCCESS,N/A,N/A,1025
UPI2025000639,2025-04-25,15:35:04,Amazon Pay,P2P,Peer Transfer,3874.9,Union Bank of India,HDFC Bank,Android,5G,Hyderabad,SUCCESS,N/A,N/A,3329
UPI2025000640,2025-08-16,06:32:01,Google Pay,P2P,Peer Transfer,445.67,Yes Bank,Canara Bank,Android,4G,Mumbai,SUCCESS,N/A,N/A,2764
UPI2025000641,2025-10-01,11:37:46,PhonePe,P2M,Fuel,242.22,Yes Bank,Canara Bank,Android,WiFi,Amritsar,FAILED,Insufficient Balance,No,2320
UPI2025000642,2025-04-11,20:06:27,PhonePe,P2P,Peer Transfer,115.31,SBI,Kotak Mahindra Bank,Android,5G,Jaipur,SUCCESS,N/A,N/A,1093
UPI2025000643,2025-10-17,16:31:19,PhonePe,P2M,Rent,102.08,IndusInd Bank,Bank of Baroda,Android,WiFi,Mumbai,FAILED,Insufficient Balance,Yes,5521
UPI2025000644,2025-01-07,17:12:54,Google Pay,P2P,Peer Transfer,400.16,Canara Bank,Yes Bank,Android,WiFi,Bhopal,FAILED,Incorrect UPI PIN,Yes,6561
UPI2025000645,2025-07-04,13:07:10,Amazon Pay,P2P,Peer Transfer,470.14,IDBI Bank,IDBI Bank,Android,4G,Chennai,SUCCESS,N/A,N/A,2337
UPI2025000646,2025-03-20,11:53:53,PhonePe,P2P,Peer Transfer,3178.86,Bank of Baroda,SBI,iOS,4G,Patiala,SUCCESS,N/A,N/A,946
UPI2025000647,2025-10-14,15:46:35,CRED,P2P,Peer Transfer,409.32,SBI,Canara Bank,Android,5G,Noida,SUCCESS,N/A,N/A,2034
UPI2025000648,2025-01-24,15:27:36,Google Pay,P2M,Travel,190.49,HDFC Bank,Punjab National Bank,iOS,4G,Lucknow,SUCCESS,N/A,N/A,1315
UPI2025000649,2025-06-19,02:18:46,Google Pay,P2P,Peer Transfer,26.5,Bank of Baroda,Canara Bank,Android,WiFi,Kolkata,SUCCESS,N/A,N/A,1885
UPI2025000650,2025-11-28,19:42:29,Google Pay,P2M,Travel,168.28,Punjab National Bank,IDBI Bank,iOS,5G,Lucknow,SUCCESS,N/A,N/A,1562
UPI2025000651,2025-11-07,22:10:39,Google Pay,P2P,Peer Transfer,4982.71,IDBI Bank,IDBI Bank,Android,4G,Amritsar,SUCCESS,N/A,N/A,2222
UPI2025000652,2025-02-09,18:31:19,Google Pay,P2M,Medical/Pharmacy,42.96,Union Bank of India,SBI,iOS,4G,Amritsar,FAILED,NPCI Server Error,Yes,1428
UPI2025000653,2025-11-10,06:27:07,PhonePe,P2P,Peer Transfer,43611.05,HDFC Bank,Union Bank of India,Android,4G,Lucknow,SUCCESS,N/A,N/A,884
UPI2025000654,2025-10-27,20:17:57,Google Pay,P2M,Food Delivery,20.99,IDBI Bank,Union Bank of India,Android,WiFi,Chennai,SUCCESS,N/A,N/A,1580
UPI2025000655,2025-11-23,18:06:50,PhonePe,P2P,Peer Transfer,163.26,HDFC Bank,Union Bank of India,Android,5G,Jalandhar,SUCCESS,N/A,N/A,2359
UPI2025000656,2025-03-02,18:45:28,Paytm,P2M,Recharge/Bill Payment,675.22,Canara Bank,IDBI Bank,Android,4G,Chandigarh,FAILED,Incorrect UPI PIN,No,7157
UPI2025000657,2025-10-26,18:15:53,BHIM,P2P,Peer Transfer,286.06,Bank of Baroda,Punjab National Bank,Android,4G,Patiala,SUCCESS,N/A,N/A,1930
UPI2025000658,2025-09-16,10:48:48,PhonePe,P2M,Travel,380.8,Axis Bank,ICICI Bank,iOS,WiFi,Gurugram,SUCCESS,N/A,N/A,1821
UPI2025000659,2025-05-21,21:28:09,Paytm,P2M,Food Delivery,46768.19,IDBI Bank,Union Bank of India,Android,4G,Amritsar,SUCCESS,N/A,N/A,2130
UPI2025000660,2025-06-02,18:42:59,Paytm,P2M,Rent,4980.34,IndusInd Bank,SBI,Android,WiFi,Ahmedabad,SUCCESS,N/A,N/A,200
UPI2025000661,2025-12-11,17:35:55,Google Pay,P2M,Grocery,404.16,IDBI Bank,Bank of Baroda,iOS,WiFi,Chandigarh,SUCCESS,N/A,N/A,3558
UPI2025000662,2025-06-23,17:56:34,Paytm,P2P,Peer Transfer,341.99,IndusInd Bank,Yes Bank,Android,WiFi,Jaipur,SUCCESS,N/A,N/A,1344
UPI2025000663,2025-12-09,11:02:34,PhonePe,P2M,Recharge/Bill Payment,3608.98,IDBI Bank,IDBI Bank,Android,5G,Jalandhar,FAILED,Transaction Timeout,Yes,3015
UPI2025000664,2025-10-22,16:01:01,Amazon Pay,P2P,Peer Transfer,3196.86,Union Bank of India,IndusInd Bank,iOS,4G,Patiala,SUCCESS,N/A,N/A,1363
UPI2025000665,2025-02-12,18:53:23,Google Pay,P2P,Peer Transfer,233.03,Union Bank of India,Bank of Baroda,Android,WiFi,Chennai,SUCCESS,N/A,N/A,3198
UPI2025000666,2025-10-14,00:21:15,BHIM,P2M,Utility Bill,420.7,IndusInd Bank,IndusInd Bank,Android,WiFi,Pune,SUCCESS,N/A,N/A,2568
UPI2025000667,2025-04-21,17:52:45,PhonePe,P2P,Peer Transfer,249.36,ICICI Bank,IDBI Bank,Android,4G,Gurugram,SUCCESS,N/A,N/A,2147
UPI2025000668,2025-11-16,18:29:06,Google Pay,P2P,Peer Transfer,295.76,Kotak Mahindra Bank,Kotak Mahindra Bank,Android,WiFi,Noida,FAILED,Insufficient Balance,No,4091
UPI2025000669,2025-06-06,16:33:49,PhonePe,P2P,Peer Transfer,2405.01,Punjab National Bank,IndusInd Bank,Android,4G,Noida,SUCCESS,N/A,N/A,782
UPI2025000670,2025-06-11,19:09:32,Google Pay,P2P,Peer Transfer,4487.42,IDBI Bank,Canara Bank,Android,WiFi,Bengaluru,SUCCESS,N/A,N/A,2360
UPI2025000671,2025-06-26,14:47:10,WhatsApp Pay,P2M,Travel,150.39,Bank of Baroda,HDFC Bank,Android,4G,Ahmedabad,FAILED,Insufficient Balance,Yes,5006
UPI2025000672,2025-05-26,11:31:01,Paytm,P2P,Peer Transfer,486.96,ICICI Bank,IndusInd Bank,iOS,4G,Ahmedabad,FAILED,Network Connectivity Issue,Yes,6140
UPI2025000673,2025-02-17,15:04:55,Google Pay,P2P,Peer Transfer,801.57,Canara Bank,IndusInd Bank,Android,4G,Jaipur,SUCCESS,N/A,N/A,1614
UPI2025000674,2025-10-07,19:08:48,Google Pay,P2M,Utility Bill,44.81,Yes Bank,Canara Bank,Android,WiFi,Kolkata,FAILED,Transaction Timeout,No,3006
UPI2025000675,2025-05-31,10:25:21,PhonePe,P2M,Utility Bill,141.6,Yes Bank,Canara Bank,Android,4G,Ludhiana,SUCCESS,N/A,N/A,1744
UPI2025000676,2025-11-06,18:19:35,Paytm,P2P,Peer Transfer,146.4,Yes Bank,Union Bank of India,iOS,5G,Delhi,SUCCESS,N/A,N/A,2231
UPI2025000677,2025-07-22,09:30:32,Amazon Pay,P2M,Recharge/Bill Payment,123.93,HDFC Bank,Yes Bank,iOS,4G,Jalandhar,SUCCESS,N/A,N/A,1389
UPI2025000678,2025-10-02,19:37:28,Google Pay,P2P,Peer Transfer,113.15,Union Bank of India,IndusInd Bank,Android,5G,Ludhiana,SUCCESS,N/A,N/A,1963
UPI2025000679,2025-03-12,13:55:33,Google Pay,P2P,Peer Transfer,433.68,Punjab National Bank,HDFC Bank,Android,4G,Chandigarh,FAILED,Invalid VPA / Beneficiary Not Found,Yes,5646
UPI2025000680,2025-06-08,17:03:39,WhatsApp Pay,P2M,Fuel,403.86,ICICI Bank,SBI,Android,4G,Patiala,SUCCESS,N/A,N/A,200
UPI2025000681,2025-04-11,12:52:57,Google Pay,P2M,Peer Transfer,80.6,Axis Bank,Axis Bank,Android,5G,Gurugram,SUCCESS,N/A,N/A,1727
UPI2025000682,2025-02-14,10:20:29,PhonePe,P2P,Peer Transfer,160.17,HDFC Bank,Canara Bank,Android,WiFi,Ludhiana,SUCCESS,N/A,N/A,1050
UPI2025000683,2025-08-16,17:15:48,PhonePe,P2M,Entertainment,3762.53,ICICI Bank,Punjab National Bank,Android,5G,Jalandhar,SUCCESS,N/A,N/A,2233
UPI2025000684,2025-02-25,12:10:50,Google Pay,P2P,Peer Transfer,42804.86,Kotak Mahindra Bank,Union Bank of India,Android,5G,Ahmedabad,SUCCESS,N/A,N/A,2131
UPI2025000685,2025-03-07,00:59:58,PhonePe,P2M,Travel,445.86,IndusInd Bank,Punjab National Bank,iOS,WiFi,Jalandhar,SUCCESS,N/A,N/A,1752
UPI2025000686,2025-07-18,11:10:47,PhonePe,P2P,Peer Transfer,4272.04,HDFC Bank,Punjab National Bank,Android,WiFi,Bhopal,SUCCESS,N/A,N/A,3333
UPI2025000687,2025-12-08,13:39:32,WhatsApp Pay,P2M,Utility Bill,1977.05,Bank of Baroda,Yes Bank,Android,WiFi,Chennai,SUCCESS,N/A,N/A,1580
UPI2025000688,2025-09-15,23:21:13,PhonePe,P2P,Peer Transfer,476.21,IndusInd Bank,Bank of Baroda,Android,5G,Ludhiana,SUCCESS,N/A,N/A,1530
UPI2025000689,2025-01-02,20:43:11,PhonePe,P2P,Peer Transfer,249.92,IDBI Bank,IDBI Bank,Android,4G,Mumbai,SUCCESS,N/A,N/A,3129
UPI2025000690,2025-12-13,19:42:28,Paytm,P2M,Medical/Pharmacy,79.2,Bank of Baroda,Kotak Mahindra Bank,Android,WiFi,Ludhiana,FAILED,Bank Server Down,Yes,2164
UPI2025000691,2025-01-04,09:01:48,Google Pay,P2P,Peer Transfer,117.17,IDBI Bank,Bank of Baroda,Android,5G,Pune,SUCCESS,N/A,N/A,805
UPI2025000692,2025-07-11,22:02:17,PhonePe,P2M,Grocery,193.53,IDBI Bank,IDBI Bank,Android,WiFi,Jaipur,FAILED,Incorrect UPI PIN,Yes,4941
UPI2025000693,2025-03-08,15:42:47,PhonePe,P2M,Food Delivery,282.82,Yes Bank,IndusInd Bank,Android,5G,Chandigarh,SUCCESS,N/A,N/A,807
UPI2025000694,2025-08-10,19:56:33,Paytm,P2M,Grocery,116.92,Punjab National Bank,Axis Bank,iOS,5G,Bhopal,SUCCESS,N/A,N/A,2413
UPI2025000695,2025-09-22,15:29:00,WhatsApp Pay,P2M,Grocery,4418.01,Yes Bank,Yes Bank,iOS,4G,Patiala,SUCCESS,N/A,N/A,1226
UPI2025000696,2025-09-22,14:31:23,PhonePe,P2P,Peer Transfer,234.58,SBI,IDBI Bank,Android,4G,Chennai,SUCCESS,N/A,N/A,2212
UPI2025000697,2025-06-02,09:05:56,PhonePe,P2P,Peer Transfer,461.16,SBI,IDBI Bank,Android,WiFi,Pune,FAILED,Bank Server Down,Yes,5084
UPI2025000698,2025-08-31,07:30:27,BHIM,P2M,Fuel,239.35,IndusInd Bank,Yes Bank,Android,5G,Kolkata,SUCCESS,N/A,N/A,1631
UPI2025000699,2025-11-16,11:50:15,WhatsApp Pay,P2P,Peer Transfer,31860.98,IndusInd Bank,IndusInd Bank,Android,4G,Bengaluru,FAILED,Insufficient Balance,Yes,3447
UPI2025000700,2025-05-02,20:44:04,Paytm,P2P,Peer Transfer,415.5,SBI,Canara Bank,Android,4G,Bengaluru,SUCCESS,N/A,N/A,3049
UPI2025000701,2025-08-06,05:54:24,PhonePe,P2P,Peer Transfer,32680.81,IndusInd Bank,Kotak Mahindra Bank,Android,5G,Ludhiana,SUCCESS,N/A,N/A,2257
UPI2025000702,2025-06-30,19:56:39,PhonePe,P2M,Grocery,34.62,Bank of Baroda,Yes Bank,Android,4G,Jalandhar,FAILED,Insufficient Balance,No,12352
UPI2025000703,2025-08-19,18:12:57,PhonePe,P2P,Peer Transfer,421.2,Yes Bank,Union Bank of India,Android,5G,Chennai,FAILED,Insufficient Balance,Yes,3360
UPI2025000704,2025-02-19,11:27:32,WhatsApp Pay,P2M,Education Fee,308.08,Bank of Baroda,Punjab National Bank,Android,4G,Ahmedabad,SUCCESS,N/A,N/A,2096
UPI2025000705,2025-04-24,12:00:33,PhonePe,P2P,Peer Transfer,402.71,Yes Bank,ICICI Bank,Android,WiFi,Delhi,SUCCESS,N/A,N/A,1142
UPI2025000706,2025-03-17,22:40:58,Google Pay,P2P,Peer Transfer,341.92,HDFC Bank,Bank of Baroda,Android,5G,Chennai,SUCCESS,N/A,N/A,2482
UPI2025000707,2025-05-09,19:36:21,PhonePe,P2P,Peer Transfer,42.42,Kotak Mahindra Bank,Bank of Baroda,Android,WiFi,Delhi,SUCCESS,N/A,N/A,1153
UPI2025000708,2025-12-24,00:14:44,Google Pay,P2P,Peer Transfer,635.47,IndusInd Bank,Axis Bank,Android,WiFi,Kolkata,SUCCESS,N/A,N/A,2470
UPI2025000709,2025-05-26,09:11:52,CRED,P2P,Peer Transfer,1694.73,Bank of Baroda,SBI,Android,4G,Ahmedabad,SUCCESS,N/A,N/A,2582
UPI2025000710,2025-09-03,16:48:23,Google Pay,P2P,Peer Transfer,474.11,SBI,Axis Bank,Android,WiFi,Amritsar,SUCCESS,N/A,N/A,1390
UPI2025000711,2025-08-04,10:12:01,Google Pay,P2P,Peer Transfer,4835.12,Punjab National Bank,HDFC Bank,Android,4G,Bengaluru,SUCCESS,N/A,N/A,2588
UPI2025000712,2025-03-23,11:15:23,BHIM,P2M,Peer Transfer,495.15,Yes Bank,ICICI Bank,iOS,WiFi,Mumbai,FAILED,NPCI Server Error,Yes,7445
UPI2025000713,2025-03-15,09:24:44,PhonePe,P2M,E-commerce,1674.72,IndusInd Bank,Kotak Mahindra Bank,iOS,WiFi,Jalandhar,SUCCESS,N/A,N/A,2376
UPI2025000714,2025-04-25,18:20:15,Google Pay,P2M,Peer Transfer,40.29,Punjab National Bank,ICICI Bank,iOS,4G,Mumbai,SUCCESS,N/A,N/A,1628
UPI2025000715,2025-11-04,17:04:10,PhonePe,P2P,Peer Transfer,83.73,Yes Bank,Union Bank of India,Android,4G,Lucknow,SUCCESS,N/A,N/A,1631
UPI2025000716,2025-07-07,18:31:30,Google Pay,P2M,Peer Transfer,334.34,Kotak Mahindra Bank,Yes Bank,Android,4G,Jalandhar,SUCCESS,N/A,N/A,332
UPI2025000717,2025-04-02,12:19:27,Amazon Pay,P2M,Medical/Pharmacy,453.14,IndusInd Bank,ICICI Bank,Android,4G,Mumbai,SUCCESS,N/A,N/A,945
UPI2025000718,2025-07-21,12:37:02,PhonePe,P2P,Peer Transfer,45300.33,IndusInd Bank,Bank of Baroda,Android,4G,Noida,SUCCESS,N/A,N/A,3372
UPI2025000719,2025-05-29,02:28:14,Google Pay,P2M,Fuel,163.8,HDFC Bank,Bank of Baroda,iOS,5G,Mumbai,SUCCESS,N/A,N/A,1323
UPI2025000720,2025-12-26,10:07:04,PhonePe,P2P,Peer Transfer,4239.27,Union Bank of India,Axis Bank,Android,4G,Hyderabad,FAILED,Transaction Timeout,Yes,2386
UPI2025000721,2025-11-29,18:47:34,Amazon Pay,P2P,Peer Transfer,270.41,SBI,Punjab National Bank,Android,3G,Jaipur,SUCCESS,N/A,N/A,568
UPI2025000722,2025-10-22,17:30:41,PhonePe,P2P,Peer Transfer,29601.31,ICICI Bank,Kotak Mahindra Bank,Android,4G,Pune,SUCCESS,N/A,N/A,3588
UPI2025000723,2025-11-02,15:29:46,BHIM,P2P,Peer Transfer,34639.76,Bank of Baroda,HDFC Bank,Android,WiFi,Patiala,FAILED,Bank Server Down,No,5028
UPI2025000724,2025-05-26,08:55:08,Google Pay,P2P,Peer Transfer,331.94,IDBI Bank,SBI,Android,4G,Pune,SUCCESS,N/A,N/A,2945
UPI2025000725,2025-09-24,18:48:49,Paytm,P2M,Peer Transfer,15.3,Punjab National Bank,Bank of Baroda,Android,WiFi,Chandigarh,SUCCESS,N/A,N/A,782
UPI2025000726,2025-05-09,15:51:38,Amazon Pay,P2M,E-commerce,68.17,IndusInd Bank,Kotak Mahindra Bank,iOS,4G,Jaipur,FAILED,Insufficient Balance,No,9323
UPI2025000727,2025-06-25,16:19:05,Google Pay,P2P,Peer Transfer,3824.9,Yes Bank,Union Bank of India,iOS,5G,Ludhiana,FAILED,Insufficient Balance,No,2596
UPI2025000728,2025-04-21,09:18:42,PhonePe,P2P,Peer Transfer,18336.09,Canara Bank,SBI,Android,4G,Patiala,SUCCESS,N/A,N/A,1869
UPI2025000729,2025-02-13,08:26:30,Paytm,P2P,Peer Transfer,16685.19,Kotak Mahindra Bank,Axis Bank,Android,4G,Noida,FAILED,Transaction Timeout,Yes,684
UPI2025000730,2025-03-20,14:43:29,Google Pay,P2P,Peer Transfer,34.67,SBI,ICICI Bank,iOS,5G,Pune,SUCCESS,N/A,N/A,1025
UPI2025000731,2025-12-20,15:31:29,PhonePe,P2P,Peer Transfer,121.0,SBI,IDBI Bank,Android,WiFi,Lucknow,SUCCESS,N/A,N/A,2774
UPI2025000732,2025-10-04,18:25:39,BHIM,P2P,Peer Transfer,412.14,ICICI Bank,Kotak Mahindra Bank,iOS,5G,Chennai,SUCCESS,N/A,N/A,1375
UPI2025000733,2025-09-13,09:36:06,PhonePe,P2M,Recharge/Bill Payment,404.8,SBI,Axis Bank,Android,5G,Ahmedabad,SUCCESS,N/A,N/A,432
UPI2025000734,2025-01-26,17:46:57,Google Pay,P2M,Education Fee,1495.57,Canara Bank,Kotak Mahindra Bank,Android,4G,Bengaluru,SUCCESS,N/A,N/A,200
UPI2025000735,2025-10-30,11:28:10,Google Pay,P2P,Peer Transfer,413.58,Union Bank of India,SBI,Android,5G,Chennai,SUCCESS,N/A,N/A,1971
UPI2025000736,2025-10-17,12:12:25,Google Pay,P2M,Recharge/Bill Payment,270.47,Punjab National Bank,HDFC Bank,Android,5G,Noida,SUCCESS,N/A,N/A,2204
UPI2025000737,2025-02-02,15:15:45,WhatsApp Pay,P2M,Recharge/Bill Payment,89.0,ICICI Bank,Canara Bank,Android,4G,Bengaluru,FAILED,Insufficient Balance,No,3814
UPI2025000738,2025-03-07,06:48:00,Paytm,P2P,Peer Transfer,32575.81,ICICI Bank,Canara Bank,Android,4G,Bhopal,FAILED,Daily Transaction Limit Exceeded,No,4840
UPI2025000739,2025-11-12,14:42:45,Paytm,P2M,Entertainment,334.27,HDFC Bank,Kotak Mahindra Bank,Android,4G,Jaipur,SUCCESS,N/A,N/A,2843
UPI2025000740,2025-12-27,10:58:15,Google Pay,P2P,Peer Transfer,409.19,SBI,Kotak Mahindra Bank,Android,WiFi,Mumbai,SUCCESS,N/A,N/A,1497
UPI2025000741,2025-12-09,07:53:53,Paytm,P2P,Peer Transfer,2097.04,IDBI Bank,ICICI Bank,Android,WiFi,Kolkata,SUCCESS,N/A,N/A,1300
UPI2025000742,2025-03-15,16:59:34,PhonePe,P2P,Peer Transfer,1318.0,Kotak Mahindra Bank,HDFC Bank,Android,4G,Ludhiana,SUCCESS,N/A,N/A,1983
UPI2025000743,2025-05-03,01:13:29,Google Pay,P2M,Medical/Pharmacy,2386.32,Yes Bank,Punjab National Bank,Android,WiFi,Patiala,SUCCESS,N/A,N/A,436
UPI2025000744,2025-08-21,14:06:45,PhonePe,P2P,Peer Transfer,256.19,IndusInd Bank,ICICI Bank,Android,4G,Jaipur,SUCCESS,N/A,N/A,2089
UPI2025000745,2025-10-27,17:21:11,Paytm,P2M,Utility Bill,4704.37,IDBI Bank,Bank of Baroda,Android,4G,Chennai,SUCCESS,N/A,N/A,657
UPI2025000746,2025-09-06,18:32:37,Paytm,P2P,Peer Transfer,378.67,SBI,Axis Bank,Android,4G,Pune,SUCCESS,N/A,N/A,3332
UPI2025000747,2025-10-22,10:05:03,Google Pay,P2P,Peer Transfer,4210.12,Canara Bank,Punjab National Bank,Android,5G,Pune,SUCCESS,N/A,N/A,2880
UPI2025000748,2025-08-21,23:28:47,Amazon Pay,P2P,Peer Transfer,221.34,ICICI Bank,Punjab National Bank,Android,4G,Patiala,SUCCESS,N/A,N/A,1926
UPI2025000749,2025-04-23,18:14:54,Paytm,P2P,Peer Transfer,423.66,Bank of Baroda,Axis Bank,Android,WiFi,Pune,SUCCESS,N/A,N/A,200
UPI2025000750,2025-09-28,18:38:55,PhonePe,P2P,Peer Transfer,5287.06,Bank of Baroda,ICICI Bank,Android,WiFi,Mumbai,SUCCESS,N/A,N/A,2483
UPI2025000751,2025-01-21,16:09:13,Google Pay,P2P,Peer Transfer,483.22,ICICI Bank,IndusInd Bank,Android,4G,Gurugram,FAILED,Invalid VPA / Beneficiary Not Found,Yes,6583
UPI2025000752,2025-10-08,09:27:11,PhonePe,P2M,Utility Bill,473.91,Punjab National Bank,Punjab National Bank,Android,WiFi,Noida,FAILED,Duplicate Transaction Blocked,Yes,5667
UPI2025000753,2025-03-07,13:27:32,PhonePe,P2M,Entertainment,615.96,Kotak Mahindra Bank,ICICI Bank,Android,4G,Mumbai,SUCCESS,N/A,N/A,1143
UPI2025000754,2025-12-24,11:34:09,PhonePe,P2P,Peer Transfer,469.88,ICICI Bank,Punjab National Bank,Android,4G,Bhopal,SUCCESS,N/A,N/A,2125
UPI2025000755,2025-01-28,11:45:30,Google Pay,P2P,Peer Transfer,160.54,Axis Bank,SBI,Android,5G,Noida,SUCCESS,N/A,N/A,1529
UPI2025000756,2025-06-11,21:47:23,PhonePe,P2M,Food Delivery,381.07,Punjab National Bank,Yes Bank,Android,4G,Bengaluru,SUCCESS,N/A,N/A,711
UPI2025000757,2025-08-08,08:48:27,WhatsApp Pay,P2P,Peer Transfer,574.67,IDBI Bank,Bank of Baroda,Android,5G,Delhi,SUCCESS,N/A,N/A,1364
UPI2025000758,2025-12-26,13:15:15,PhonePe,P2M,Grocery,21.62,Bank of Baroda,Yes Bank,Android,5G,Hyderabad,SUCCESS,N/A,N/A,1249
UPI2025000759,2025-09-22,08:15:38,PhonePe,P2P,Peer Transfer,123.42,Yes Bank,ICICI Bank,Android,5G,Jaipur,SUCCESS,N/A,N/A,200
UPI2025000760,2025-08-16,22:05:33,Amazon Pay,P2M,Fuel,3124.64,Kotak Mahindra Bank,ICICI Bank,Android,5G,Bhopal,SUCCESS,N/A,N/A,2986
UPI2025000761,2025-05-29,16:46:26,Paytm,P2P,Peer Transfer,160.15,IDBI Bank,HDFC Bank,Android,WiFi,Chandigarh,SUCCESS,N/A,N/A,1837
UPI2025000762,2025-03-23,21:25:44,Google Pay,P2P,Peer Transfer,17217.14,ICICI Bank,Canara Bank,Android,5G,Gurugram,SUCCESS,N/A,N/A,2198
UPI2025000763,2025-04-22,18:10:11,PhonePe,P2P,Peer Transfer,193.61,IDBI Bank,ICICI Bank,Android,WiFi,Chennai,SUCCESS,N/A,N/A,2189
UPI2025000764,2025-03-24,09:03:47,Google Pay,P2M,Travel,41778.74,Axis Bank,Punjab National Bank,Android,WiFi,Bengaluru,SUCCESS,N/A,N/A,2223
UPI2025000765,2025-03-06,06:05:24,Google Pay,P2P,Peer Transfer,2525.26,HDFC Bank,Bank of Baroda,Android,5G,Bengaluru,FAILED,Incorrect UPI PIN,No,200
UPI2025000766,2025-09-16,16:02:06,Google Pay,P2M,Fuel,173.86,SBI,Kotak Mahindra Bank,iOS,5G,Kolkata,SUCCESS,N/A,N/A,1462
UPI2025000767,2025-05-11,12:56:21,CRED,P2M,Travel,290.28,Axis Bank,Bank of Baroda,Android,3G,Kolkata,SUCCESS,N/A,N/A,1386
UPI2025000768,2025-01-02,13:44:25,Paytm,P2M,Education Fee,186.93,ICICI Bank,SBI,Android,5G,Pune,SUCCESS,N/A,N/A,1174
UPI2025000769,2025-08-29,17:55:30,PhonePe,P2P,Peer Transfer,26.99,Yes Bank,Axis Bank,Android,WiFi,Kolkata,FAILED,Bank Server Down,Yes,1865
UPI2025000770,2025-11-10,18:43:28,Google Pay,P2M,Food Delivery,444.18,Canara Bank,Kotak Mahindra Bank,Android,WiFi,Noida,SUCCESS,N/A,N/A,2498
UPI2025000771,2025-11-29,17:06:46,PhonePe,P2M,Education Fee,1582.39,IndusInd Bank,Axis Bank,iOS,WiFi,Gurugram,FAILED,Beneficiary Bank Server Down,Yes,6456
UPI2025000772,2025-11-20,17:35:55,PhonePe,P2P,Peer Transfer,204.53,Canara Bank,HDFC Bank,Android,4G,Amritsar,SUCCESS,N/A,N/A,2269
UPI2025000773,2025-09-14,17:06:27,CRED,P2M,Medical/Pharmacy,8655.33,SBI,ICICI Bank,iOS,WiFi,Pune,SUCCESS,N/A,N/A,2603
UPI2025000774,2025-09-16,14:57:42,Google Pay,P2M,Entertainment,1802.48,ICICI Bank,Union Bank of India,Android,5G,Pune,SUCCESS,N/A,N/A,3446
UPI2025000775,2025-10-25,21:04:41,PhonePe,P2M,Travel,211.48,IDBI Bank,IDBI Bank,Android,WiFi,Patiala,SUCCESS,N/A,N/A,1464
UPI2025000776,2025-03-28,10:18:05,Google Pay,P2M,E-commerce,467.87,Bank of Baroda,IDBI Bank,Android,4G,Lucknow,FAILED,Incorrect UPI PIN,Yes,5374
UPI2025000777,2025-10-14,00:03:37,PhonePe,P2P,Peer Transfer,391.96,Kotak Mahindra Bank,Kotak Mahindra Bank,Android,5G,Chandigarh,SUCCESS,N/A,N/A,942
UPI2025000778,2025-08-22,16:06:25,Google Pay,P2P,Peer Transfer,385.03,Canara Bank,Bank of Baroda,iOS,WiFi,Noida,SUCCESS,N/A,N/A,1190
UPI2025000779,2025-02-27,16:09:47,Paytm,P2M,Fuel,4906.18,IDBI Bank,SBI,Android,5G,Hyderabad,SUCCESS,N/A,N/A,2865
UPI2025000780,2025-10-02,15:40:53,Google Pay,P2M,Grocery,301.18,Punjab National Bank,IDBI Bank,iOS,4G,Jalandhar,SUCCESS,N/A,N/A,739
UPI2025000781,2025-12-29,19:44:47,Google Pay,P2M,Fuel,220.24,ICICI Bank,Canara Bank,iOS,5G,Amritsar,SUCCESS,N/A,N/A,854
UPI2025000782,2025-08-01,12:27:43,PhonePe,P2P,Peer Transfer,316.41,Bank of Baroda,Kotak Mahindra Bank,Android,4G,Jalandhar,SUCCESS,N/A,N/A,2481
UPI2025000783,2025-08-01,12:08:20,Paytm,P2M,Rent,74.18,IndusInd Bank,SBI,Android,5G,Chandigarh,SUCCESS,N/A,N/A,1037
UPI2025000784,2025-07-07,11:09:13,Google Pay,P2M,Grocery,244.48,IDBI Bank,Axis Bank,Android,WiFi,Bengaluru,SUCCESS,N/A,N/A,2924
UPI2025000785,2025-11-30,08:27:43,BHIM,P2P,Peer Transfer,16.7,SBI,HDFC Bank,Android,WiFi,Bengaluru,SUCCESS,N/A,N/A,836
UPI2025000786,2025-09-10,11:27:09,Paytm,P2P,Peer Transfer,1285.91,Kotak Mahindra Bank,Axis Bank,Android,5G,Amritsar,SUCCESS,N/A,N/A,3520
UPI2025000787,2025-05-26,18:50:42,Paytm,P2P,Peer Transfer,483.0,Canara Bank,Yes Bank,Android,4G,Ludhiana,FAILED,Insufficient Balance,Yes,4524
UPI2025000788,2025-09-17,20:14:01,PhonePe,P2P,Peer Transfer,44.0,IndusInd Bank,Canara Bank,Android,WiFi,Amritsar,SUCCESS,N/A,N/A,4381
UPI2025000789,2025-09-08,17:19:36,Google Pay,P2M,Education Fee,2329.66,Bank of Baroda,HDFC Bank,Android,WiFi,Ludhiana,SUCCESS,N/A,N/A,2006
UPI2025000790,2025-11-14,15:51:33,PhonePe,P2P,Peer Transfer,4551.19,Union Bank of India,IndusInd Bank,Android,5G,Jalandhar,SUCCESS,N/A,N/A,200
UPI2025000791,2025-12-15,07:55:38,Paytm,P2P,Peer Transfer,343.02,SBI,Union Bank of India,Android,4G,Jalandhar,SUCCESS,N/A,N/A,1007
UPI2025000792,2025-02-04,15:54:48,Google Pay,P2P,Peer Transfer,334.3,HDFC Bank,Union Bank of India,iOS,4G,Ludhiana,SUCCESS,N/A,N/A,1159
UPI2025000793,2025-01-18,21:33:57,Paytm,P2P,Peer Transfer,367.1,Yes Bank,Union Bank of India,Android,5G,Gurugram,SUCCESS,N/A,N/A,1009
UPI2025000794,2025-05-17,16:32:13,Paytm,P2P,Peer Transfer,4241.83,Yes Bank,SBI,Android,4G,Jalandhar,SUCCESS,N/A,N/A,1459
UPI2025000795,2025-08-22,15:37:22,Google Pay,P2P,Peer Transfer,2309.12,IDBI Bank,IndusInd Bank,Android,4G,Amritsar,SUCCESS,N/A,N/A,975
UPI2025000796,2025-02-02,21:43:27,WhatsApp Pay,P2P,Peer Transfer,558.04,ICICI Bank,Union Bank of India,Android,4G,Jalandhar,SUCCESS,N/A,N/A,3019
UPI2025000797,2025-08-07,17:52:32,PhonePe,P2P,Peer Transfer,479.24,Kotak Mahindra Bank,ICICI Bank,Android,4G,Pune,FAILED,Insufficient Balance,Yes,200
UPI2025000798,2025-08-01,12:21:40,Google Pay,P2P,Peer Transfer,307.5,Bank of Baroda,Punjab National Bank,Android,4G,Bengaluru,SUCCESS,N/A,N/A,2588
UPI2025000799,2025-03-28,12:06:50,Amazon Pay,P2M,Fuel,12960.36,ICICI Bank,Union Bank of India,Android,WiFi,Bengaluru,SUCCESS,N/A,N/A,3076
UPI2025000800,2025-09-30,15:18:35,Google Pay,P2P,Peer Transfer,4980.06,HDFC Bank,SBI,iOS,4G,Lucknow,SUCCESS,N/A,N/A,200
UPI2025000801,2025-09-21,22:34:35,PhonePe,P2M,Fuel,1875.85,Kotak Mahindra Bank,Canara Bank,Android,5G,Chandigarh,SUCCESS,N/A,N/A,761
UPI2025000802,2025-02-25,12:47:17,Google Pay,P2M,Rent,75.27,IDBI Bank,Yes Bank,Android,5G,Patiala,SUCCESS,N/A,N/A,2823
UPI2025000803,2025-03-13,13:22:51,PhonePe,P2M,Education Fee,3652.75,Punjab National Bank,Punjab National Bank,iOS,WiFi,Pune,SUCCESS,N/A,N/A,3385
UPI2025000804,2025-11-30,06:19:26,Paytm,P2P,Peer Transfer,313.39,HDFC Bank,Yes Bank,Android,WiFi,Amritsar,SUCCESS,N/A,N/A,1799
UPI2025000805,2025-02-02,18:35:59,PhonePe,P2M,Rent,227.09,SBI,Kotak Mahindra Bank,Android,5G,Bhopal,SUCCESS,N/A,N/A,1751
UPI2025000806,2025-06-07,01:12:58,BHIM,P2P,Peer Transfer,296.93,SBI,IDBI Bank,Android,4G,Gurugram,SUCCESS,N/A,N/A,915
UPI2025000807,2025-01-17,16:10:43,WhatsApp Pay,P2P,Peer Transfer,61.69,Union Bank of India,Axis Bank,Android,4G,Lucknow,SUCCESS,N/A,N/A,2793
UPI2025000808,2025-06-14,14:10:23,WhatsApp Pay,P2P,Peer Transfer,30.37,Bank of Baroda,Yes Bank,Android,WiFi,Bengaluru,SUCCESS,N/A,N/A,2227
UPI2025000809,2025-07-07,11:13:00,Paytm,P2P,Peer Transfer,3261.37,IndusInd Bank,Kotak Mahindra Bank,Android,WiFi,Gurugram,SUCCESS,N/A,N/A,3230
UPI2025000810,2025-01-14,21:57:39,BHIM,P2P,Peer Transfer,188.76,SBI,Bank of Baroda,Android,4G,Bengaluru,FAILED,NPCI Server Error,Yes,5648
UPI2025000811,2025-05-18,00:27:31,Google Pay,P2M,Travel,21137.97,Union Bank of India,Union Bank of India,Android,5G,Chandigarh,SUCCESS,N/A,N/A,876
UPI2025000812,2025-04-08,10:25:23,Google Pay,P2P,Peer Transfer,341.07,Kotak Mahindra Bank,ICICI Bank,Android,3G,Chennai,FAILED,Bank Server Down,Yes,6960
UPI2025000813,2025-05-20,20:45:12,Google Pay,P2P,Peer Transfer,212.02,Punjab National Bank,SBI,Android,4G,Delhi,FAILED,Insufficient Balance,Yes,5356
UPI2025000814,2025-09-16,23:07:26,PhonePe,P2M,Medical/Pharmacy,195.14,Canara Bank,Yes Bank,Android,WiFi,Jaipur,SUCCESS,N/A,N/A,1869
UPI2025000815,2025-12-25,18:52:24,Google Pay,P2P,Peer Transfer,89.34,HDFC Bank,SBI,Android,4G,Pune,FAILED,Network Connectivity Issue,Yes,2193
UPI2025000816,2025-08-20,18:27:30,Google Pay,P2M,E-commerce,66.42,Canara Bank,HDFC Bank,Android,5G,Amritsar,SUCCESS,N/A,N/A,281
UPI2025000817,2025-10-25,07:16:44,Google Pay,P2P,Peer Transfer,333.25,Kotak Mahindra Bank,Axis Bank,Android,4G,Gurugram,SUCCESS,N/A,N/A,2160
UPI2025000818,2025-03-15,23:37:40,Paytm,P2P,Peer Transfer,84.2,Axis Bank,HDFC Bank,Android,3G,Chandigarh,SUCCESS,N/A,N/A,1917
UPI2025000819,2025-08-28,09:55:03,PhonePe,P2M,E-commerce,206.72,Union Bank of India,Punjab National Bank,Android,4G,Delhi,SUCCESS,N/A,N/A,2255
UPI2025000820,2025-09-08,05:07:17,PhonePe,P2P,Peer Transfer,112.33,Bank of Baroda,IDBI Bank,Android,4G,Delhi,FAILED,Daily Transaction Limit Exceeded,Yes,3043
UPI2025000821,2025-04-21,13:58:38,Google Pay,P2M,Medical/Pharmacy,3096.42,ICICI Bank,Punjab National Bank,Android,4G,Ludhiana,SUCCESS,N/A,N/A,1065
UPI2025000822,2025-10-27,19:21:23,Paytm,P2M,Education Fee,287.27,Bank of Baroda,IDBI Bank,Android,4G,Hyderabad,FAILED,Bank Server Down,No,4656
UPI2025000823,2025-02-20,16:38:07,Google Pay,P2P,Peer Transfer,80.3,Yes Bank,Axis Bank,Android,4G,Bhopal,SUCCESS,N/A,N/A,2255
UPI2025000824,2025-04-28,18:48:12,PhonePe,P2P,Peer Transfer,860.84,ICICI Bank,SBI,Android,5G,Bhopal,SUCCESS,N/A,N/A,3140
UPI2025000825,2025-12-14,12:40:45,Google Pay,P2P,Peer Transfer,17468.12,Kotak Mahindra Bank,HDFC Bank,Android,WiFi,Ludhiana,FAILED,Incorrect UPI PIN,No,5371
UPI2025000826,2025-04-23,05:36:03,Paytm,P2M,Travel,294.52,IDBI Bank,Axis Bank,Android,5G,Gurugram,SUCCESS,N/A,N/A,200
UPI2025000827,2025-03-06,13:32:24,PhonePe,P2M,E-commerce,5992.98,Kotak Mahindra Bank,Kotak Mahindra Bank,Android,4G,Jalandhar,SUCCESS,N/A,N/A,1192
UPI2025000828,2025-01-04,20:50:32,PhonePe,P2P,Peer Transfer,225.53,IDBI Bank,IDBI Bank,Android,4G,Hyderabad,SUCCESS,N/A,N/A,1437
UPI2025000829,2025-03-08,10:34:15,Google Pay,P2M,Fuel,303.74,Yes Bank,ICICI Bank,iOS,4G,Delhi,SUCCESS,N/A,N/A,1253
UPI2025000830,2025-04-07,23:13:34,Google Pay,P2M,Medical/Pharmacy,412.04,Yes Bank,Bank of Baroda,Android,WiFi,Bhopal,SUCCESS,N/A,N/A,1730
UPI2025000831,2025-02-21,12:39:18,PhonePe,P2M,Medical/Pharmacy,2996.09,SBI,Yes Bank,Android,WiFi,Amritsar,SUCCESS,N/A,N/A,2219
UPI2025000832,2025-01-07,15:55:49,WhatsApp Pay,P2M,Rent,4810.76,IndusInd Bank,HDFC Bank,Android,5G,Bhopal,FAILED,Bank Server Down,Yes,7192
UPI2025000833,2025-03-21,16:51:54,Paytm,P2P,Peer Transfer,118.04,ICICI Bank,Canara Bank,Android,4G,Noida,FAILED,Insufficient Balance,Yes,4791
UPI2025000834,2025-12-01,09:36:31,WhatsApp Pay,P2P,Peer Transfer,2855.31,ICICI Bank,Yes Bank,Android,WiFi,Jaipur,SUCCESS,N/A,N/A,1247
UPI2025000835,2025-03-14,06:04:27,Google Pay,P2P,Peer Transfer,49.25,Yes Bank,Kotak Mahindra Bank,Android,5G,Ludhiana,SUCCESS,N/A,N/A,1370
UPI2025000836,2025-05-27,12:07:52,Google Pay,P2P,Peer Transfer,35.06,Yes Bank,SBI,Android,4G,Ludhiana,SUCCESS,N/A,N/A,670
UPI2025000837,2025-01-04,22:06:34,Paytm,P2P,Peer Transfer,197.56,Bank of Baroda,IDBI Bank,Android,WiFi,Chennai,SUCCESS,N/A,N/A,3326
UPI2025000838,2025-04-30,11:09:15,Google Pay,P2M,Food Delivery,440.24,IDBI Bank,Punjab National Bank,Android,4G,Bhopal,SUCCESS,N/A,N/A,3507
UPI2025000839,2025-07-18,20:26:09,Google Pay,P2P,Peer Transfer,58.02,Axis Bank,SBI,Android,4G,Ahmedabad,SUCCESS,N/A,N/A,1429
UPI2025000840,2025-12-08,17:43:56,Paytm,P2P,Peer Transfer,473.53,HDFC Bank,Canara Bank,Android,4G,Ahmedabad,SUCCESS,N/A,N/A,1918
UPI2025000841,2025-08-28,11:23:59,Amazon Pay,P2M,Recharge/Bill Payment,93.24,HDFC Bank,SBI,Android,4G,Amritsar,SUCCESS,N/A,N/A,1154
UPI2025000842,2025-02-28,20:43:19,Paytm,P2M,Fuel,494.86,Punjab National Bank,Bank of Baroda,iOS,5G,Hyderabad,SUCCESS,N/A,N/A,643
UPI2025000843,2025-10-04,19:50:00,BHIM,P2P,Peer Transfer,197.25,ICICI Bank,Yes Bank,Android,4G,Noida,SUCCESS,N/A,N/A,2838
UPI2025000844,2025-02-13,15:46:17,Google Pay,P2P,Peer Transfer,211.29,Bank of Baroda,ICICI Bank,Android,4G,Patiala,SUCCESS,N/A,N/A,3047
UPI2025000845,2025-06-10,16:40:21,Google Pay,P2P,Peer Transfer,9429.09,Yes Bank,Axis Bank,Android,5G,Noida,SUCCESS,N/A,N/A,3177
UPI2025000846,2025-11-16,10:05:37,Paytm,P2M,Rent,164.53,Union Bank of India,IndusInd Bank,Android,4G,Lucknow,FAILED,Payer Account Frozen/Inactive,Yes,5829
UPI2025000847,2025-08-05,14:08:58,Google Pay,P2M,Recharge/Bill Payment,97.73,Bank of Baroda,Bank of Baroda,Android,4G,Bhopal,SUCCESS,N/A,N/A,2533
UPI2025000848,2025-12-21,13:13:52,Google Pay,P2P,Peer Transfer,1762.7,IDBI Bank,ICICI Bank,Android,4G,Ludhiana,SUCCESS,N/A,N/A,1756
UPI2025000849,2025-06-14,12:44:06,Paytm,P2M,Recharge/Bill Payment,1583.02,HDFC Bank,Canara Bank,Android,4G,Mumbai,SUCCESS,N/A,N/A,1348
UPI2025000850,2025-01-05,15:52:26,Google Pay,P2M,Rent,4901.99,ICICI Bank,Canara Bank,Android,WiFi,Noida,SUCCESS,N/A,N/A,564
UPI2025000851,2025-05-12,13:41:44,Google Pay,P2P,Peer Transfer,173.75,HDFC Bank,ICICI Bank,Android,5G,Amritsar,SUCCESS,N/A,N/A,2191
UPI2025000852,2025-01-05,12:27:43,WhatsApp Pay,P2M,Fuel,434.55,Canara Bank,Union Bank of India,iOS,5G,Pune,SUCCESS,N/A,N/A,2227
UPI2025000853,2025-03-02,10:05:33,PhonePe,P2P,Peer Transfer,213.75,ICICI Bank,IDBI Bank,Android,4G,Amritsar,SUCCESS,N/A,N/A,930
UPI2025000854,2025-08-06,16:04:52,Paytm,P2M,Travel,1214.32,Canara Bank,Bank of Baroda,iOS,4G,Lucknow,SUCCESS,N/A,N/A,3266
UPI2025000855,2025-03-17,10:06:04,PhonePe,P2P,Peer Transfer,454.45,Bank of Baroda,SBI,Android,4G,Jalandhar,SUCCESS,N/A,N/A,1621
UPI2025000856,2025-10-21,20:12:35,Google Pay,P2P,Peer Transfer,215.01,SBI,Axis Bank,iOS,5G,Noida,FAILED,Incorrect UPI PIN,No,8635
UPI2025000857,2025-01-04,22:48:18,WhatsApp Pay,P2P,Peer Transfer,89.11,Union Bank of India,Axis Bank,Android,4G,Chandigarh,SUCCESS,N/A,N/A,2411
UPI2025000858,2025-02-07,11:57:47,PhonePe,P2P,Peer Transfer,22.35,Union Bank of India,ICICI Bank,Android,5G,Delhi,SUCCESS,N/A,N/A,1068
UPI2025000859,2025-02-28,17:05:56,Paytm,P2M,Utility Bill,3627.29,IDBI Bank,Axis Bank,Android,WiFi,Amritsar,SUCCESS,N/A,N/A,2418
UPI2025000860,2025-07-14,14:46:38,Paytm,P2M,Medical/Pharmacy,249.21,Bank of Baroda,Canara Bank,Android,5G,Patiala,FAILED,Invalid VPA / Beneficiary Not Found,No,7433
UPI2025000861,2025-04-03,09:39:38,Google Pay,P2M,Entertainment,303.66,ICICI Bank,IndusInd Bank,Android,4G,Ahmedabad,SUCCESS,N/A,N/A,200
UPI2025000862,2025-11-06,18:05:31,Google Pay,P2M,Recharge/Bill Payment,31317.25,Bank of Baroda,ICICI Bank,Android,5G,Lucknow,FAILED,Insufficient Balance,No,4435
UPI2025000863,2025-04-11,23:16:48,Amazon Pay,P2M,Peer Transfer,2622.42,Yes Bank,ICICI Bank,Android,4G,Ahmedabad,SUCCESS,N/A,N/A,200
UPI2025000864,2025-11-29,16:43:08,PhonePe,P2M,Medical/Pharmacy,265.47,Union Bank of India,IndusInd Bank,Android,4G,Chennai,SUCCESS,N/A,N/A,2875
UPI2025000865,2025-12-07,23:02:39,CRED,P2M,Rent,432.22,SBI,IDBI Bank,iOS,4G,Bengaluru,SUCCESS,N/A,N/A,1532
UPI2025000866,2025-03-03,15:54:04,Google Pay,P2P,Peer Transfer,377.43,Canara Bank,Yes Bank,Android,5G,Chennai,FAILED,Insufficient Balance,Yes,7123
UPI2025000867,2025-12-25,12:27:12,PhonePe,P2P,Peer Transfer,141.71,HDFC Bank,Bank of Baroda,Android,4G,Noida,FAILED,Beneficiary Bank Server Down,Yes,8749
UPI2025000868,2025-07-02,08:13:20,PhonePe,P2P,Peer Transfer,218.98,IndusInd Bank,Kotak Mahindra Bank,Android,WiFi,Noida,FAILED,Incorrect UPI PIN,Yes,7162
UPI2025000869,2025-10-22,17:17:16,Paytm,P2P,Peer Transfer,94.2,HDFC Bank,ICICI Bank,Android,4G,Chennai,SUCCESS,N/A,N/A,2915
UPI2025000870,2025-07-23,09:57:16,Google Pay,P2M,Travel,3422.2,SBI,HDFC Bank,Android,WiFi,Amritsar,FAILED,PIN Retry Limit Exceeded,Yes,3707
UPI2025000871,2025-07-27,17:10:44,PhonePe,P2P,Peer Transfer,590.62,IDBI Bank,IndusInd Bank,Android,WiFi,Jalandhar,FAILED,Daily Transaction Limit Exceeded,No,9107
UPI2025000872,2025-05-06,17:52:46,Paytm,P2P,Peer Transfer,46928.32,IDBI Bank,IDBI Bank,Android,5G,Chandigarh,SUCCESS,N/A,N/A,468
UPI2025000873,2025-05-03,07:43:26,Google Pay,P2M,Recharge/Bill Payment,362.88,IDBI Bank,SBI,Android,5G,Bengaluru,FAILED,Invalid VPA / Beneficiary Not Found,Yes,5172
UPI2025000874,2025-09-28,15:10:38,PhonePe,P2M,Utility Bill,1492.93,Bank of Baroda,Axis Bank,Android,4G,Lucknow,FAILED,NPCI Server Error,Yes,4045
UPI2025000875,2025-12-04,07:31:41,CRED,P2P,Peer Transfer,3537.02,Kotak Mahindra Bank,Kotak Mahindra Bank,iOS,4G,Kolkata,FAILED,Insufficient Balance,Yes,2940
UPI2025000876,2025-03-10,15:10:34,PhonePe,P2M,Travel,1443.61,Punjab National Bank,Yes Bank,Android,5G,Bengaluru,SUCCESS,N/A,N/A,2773
UPI2025000877,2025-11-09,19:05:41,Google Pay,P2P,Peer Transfer,1865.23,Kotak Mahindra Bank,HDFC Bank,Android,WiFi,Bengaluru,SUCCESS,N/A,N/A,912
UPI2025000878,2025-07-15,16:02:42,Google Pay,P2P,Peer Transfer,339.14,Kotak Mahindra Bank,Axis Bank,Android,4G,Jalandhar,SUCCESS,N/A,N/A,1544
UPI2025000879,2025-02-18,12:50:58,PhonePe,P2M,Travel,1904.85,Yes Bank,IDBI Bank,Android,4G,Pune,SUCCESS,N/A,N/A,1049
UPI2025000880,2025-04-14,20:16:19,BHIM,P2P,Peer Transfer,1711.23,Kotak Mahindra Bank,Yes Bank,iOS,4G,Ludhiana,FAILED,Network Connectivity Issue,No,6028
UPI2025000881,2025-07-21,19:38:20,PhonePe,P2P,Peer Transfer,2166.04,IndusInd Bank,Kotak Mahindra Bank,iOS,4G,Jaipur,SUCCESS,N/A,N/A,1494
UPI2025000882,2025-11-08,21:27:08,WhatsApp Pay,P2P,Peer Transfer,478.58,Kotak Mahindra Bank,IDBI Bank,iOS,5G,Patiala,SUCCESS,N/A,N/A,2133
UPI2025000883,2025-10-03,19:32:07,Paytm,P2M,Education Fee,248.23,Kotak Mahindra Bank,Yes Bank,Android,4G,Mumbai,FAILED,Bank Server Down,No,5017
UPI2025000884,2025-08-19,08:39:45,PhonePe,P2P,Peer Transfer,4364.14,HDFC Bank,IndusInd Bank,Android,4G,Chennai,SUCCESS,N/A,N/A,1991
UPI2025000885,2025-10-29,12:15:41,Amazon Pay,P2P,Peer Transfer,3606.45,Punjab National Bank,Axis Bank,Android,WiFi,Jaipur,SUCCESS,N/A,N/A,1806
UPI2025000886,2025-09-14,05:05:59,Google Pay,P2M,Food Delivery,326.41,SBI,Yes Bank,Android,WiFi,Bengaluru,FAILED,Incorrect UPI PIN,No,327
UPI2025000887,2025-02-06,06:54:23,Amazon Pay,P2P,Peer Transfer,11178.5,Axis Bank,Kotak Mahindra Bank,Android,4G,Noida,SUCCESS,N/A,N/A,2873
UPI2025000888,2025-01-30,09:26:24,Amazon Pay,P2M,Recharge/Bill Payment,378.39,Yes Bank,Canara Bank,Android,WiFi,Delhi,FAILED,Bank Server Down,Yes,1984
UPI2025000889,2025-08-27,16:00:10,PhonePe,P2P,Peer Transfer,1092.59,Punjab National Bank,HDFC Bank,Android,4G,Gurugram,SUCCESS,N/A,N/A,771
UPI2025000890,2025-03-26,20:07:57,Google Pay,P2P,Peer Transfer,1259.86,Bank of Baroda,ICICI Bank,Android,WiFi,Hyderabad,SUCCESS,N/A,N/A,2538
UPI2025000891,2025-03-19,21:22:45,PhonePe,P2M,Entertainment,242.98,Punjab National Bank,Canara Bank,Android,WiFi,Jalandhar,SUCCESS,N/A,N/A,1960
UPI2025000892,2025-03-18,17:56:45,Google Pay,P2M,Peer Transfer,3741.73,Kotak Mahindra Bank,HDFC Bank,Android,WiFi,Noida,SUCCESS,N/A,N/A,2906
UPI2025000893,2025-06-23,13:47:17,BHIM,P2M,Travel,4229.19,IndusInd Bank,HDFC Bank,Android,4G,Mumbai,SUCCESS,N/A,N/A,2896
UPI2025000894,2025-12-12,03:32:16,PhonePe,P2M,Utility Bill,187.86,Punjab National Bank,IndusInd Bank,iOS,5G,Jaipur,FAILED,Insufficient Balance,Yes,6614
UPI2025000895,2025-11-04,09:15:04,Google Pay,P2P,Peer Transfer,7123.85,Bank of Baroda,Bank of Baroda,Android,4G,Ludhiana,SUCCESS,N/A,N/A,2758
UPI2025000896,2025-03-25,13:50:20,Amazon Pay,P2P,Peer Transfer,142.57,Union Bank of India,HDFC Bank,Android,5G,Bengaluru,SUCCESS,N/A,N/A,3107
UPI2025000897,2025-10-06,16:56:51,BHIM,P2M,Travel,390.0,HDFC Bank,IndusInd Bank,Android,4G,Kolkata,FAILED,Insufficient Balance,Yes,5348
UPI2025000898,2025-01-19,23:26:07,Google Pay,P2P,Peer Transfer,190.88,ICICI Bank,IndusInd Bank,Android,5G,Ahmedabad,FAILED,Network Connectivity Issue,No,4578
UPI2025000899,2025-01-02,20:18:08,BHIM,P2M,Education Fee,225.93,Kotak Mahindra Bank,SBI,Android,5G,Mumbai,SUCCESS,N/A,N/A,1636
UPI2025000900,2025-11-19,19:46:19,Google Pay,P2P,Peer Transfer,334.94,Bank of Baroda,Kotak Mahindra Bank,Android,5G,Delhi,SUCCESS,N/A,N/A,1704
UPI2025000901,2025-09-28,23:31:54,Paytm,P2M,Food Delivery,1380.71,HDFC Bank,Bank of Baroda,Android,4G,Ludhiana,FAILED,Payer Account Frozen/Inactive,No,2100
UPI2025000902,2025-10-09,13:10:05,Google Pay,P2M,Rent,135.76,Bank of Baroda,Union Bank of India,iOS,4G,Delhi,FAILED,PIN Retry Limit Exceeded,Yes,200
UPI2025000903,2025-05-08,17:50:51,PhonePe,P2M,Peer Transfer,24586.8,IDBI Bank,ICICI Bank,Android,4G,Chandigarh,SUCCESS,N/A,N/A,1387
UPI2025000904,2025-12-11,19:57:26,Paytm,P2P,Peer Transfer,110.08,Yes Bank,HDFC Bank,Android,5G,Noida,SUCCESS,N/A,N/A,1656
UPI2025000905,2025-05-06,18:30:14,Google Pay,P2P,Peer Transfer,458.35,Punjab National Bank,IDBI Bank,Android,WiFi,Jalandhar,SUCCESS,N/A,N/A,2089
UPI2025000906,2025-01-30,22:03:13,Google Pay,P2M,E-commerce,220.96,Axis Bank,Canara Bank,Android,4G,Gurugram,SUCCESS,N/A,N/A,1951
UPI2025000907,2025-05-02,18:19:45,PhonePe,P2P,Peer Transfer,193.66,ICICI Bank,Union Bank of India,Android,WiFi,Jaipur,SUCCESS,N/A,N/A,2927
UPI2025000908,2025-12-04,16:12:49,PhonePe,P2P,Peer Transfer,177.21,HDFC Bank,Punjab National Bank,Android,WiFi,Bengaluru,FAILED,NPCI Server Error,No,3603
UPI2025000909,2025-04-04,01:29:11,Google Pay,P2P,Peer Transfer,4397.16,Canara Bank,Yes Bank,Android,4G,Bhopal,FAILED,Bank Server Down,Yes,5054
UPI2025000910,2025-07-15,13:21:03,PhonePe,P2P,Peer Transfer,246.78,Bank of Baroda,HDFC Bank,Android,WiFi,Jalandhar,SUCCESS,N/A,N/A,1779
UPI2025000911,2025-06-06,09:17:33,PhonePe,P2P,Peer Transfer,273.81,Union Bank of India,Kotak Mahindra Bank,Android,4G,Bengaluru,FAILED,Insufficient Balance,Yes,2549
UPI2025000912,2025-04-14,10:34:06,Google Pay,P2M,Travel,2315.66,IndusInd Bank,IDBI Bank,Android,4G,Hyderabad,SUCCESS,N/A,N/A,2973
UPI2025000913,2025-03-08,18:22:40,Google Pay,P2M,Food Delivery,175.29,IndusInd Bank,Punjab National Bank,Android,WiFi,Noida,SUCCESS,N/A,N/A,1096
UPI2025000914,2025-11-28,20:15:10,Google Pay,P2P,Peer Transfer,43.41,HDFC Bank,ICICI Bank,iOS,4G,Ludhiana,SUCCESS,N/A,N/A,1116
UPI2025000915,2025-06-16,11:11:16,Amazon Pay,P2M,Grocery,44415.72,ICICI Bank,Yes Bank,Android,WiFi,Ludhiana,SUCCESS,N/A,N/A,200
UPI2025000916,2025-04-07,13:02:52,Google Pay,P2M,Education Fee,62.33,Yes Bank,Punjab National Bank,Android,WiFi,Bengaluru,FAILED,Network Connectivity Issue,Yes,4327
UPI2025000917,2025-07-10,18:34:16,Paytm,P2P,Peer Transfer,1941.81,Punjab National Bank,Bank of Baroda,iOS,4G,Kolkata,SUCCESS,N/A,N/A,2084
UPI2025000918,2025-10-28,17:55:57,BHIM,P2P,Peer Transfer,70.68,Canara Bank,HDFC Bank,Android,5G,Chandigarh,SUCCESS,N/A,N/A,1003
UPI2025000919,2025-11-29,09:09:22,PhonePe,P2M,Travel,8503.54,Axis Bank,IndusInd Bank,Android,5G,Jalandhar,SUCCESS,N/A,N/A,2327
UPI2025000920,2025-05-27,16:17:56,Paytm,P2M,Education Fee,92.72,Union Bank of India,Canara Bank,Android,WiFi,Lucknow,SUCCESS,N/A,N/A,1428
UPI2025000921,2025-06-01,16:17:19,Google Pay,P2M,Peer Transfer,4706.58,IndusInd Bank,Union Bank of India,Android,WiFi,Lucknow,SUCCESS,N/A,N/A,1652
UPI2025000922,2025-01-04,14:43:09,PhonePe,P2M,Peer Transfer,149.25,ICICI Bank,Union Bank of India,Android,4G,Noida,SUCCESS,N/A,N/A,1990
UPI2025000923,2025-11-07,11:29:02,Google Pay,P2P,Peer Transfer,276.83,IndusInd Bank,HDFC Bank,Android,4G,Ludhiana,FAILED,Insufficient Balance,No,4569
UPI2025000924,2025-11-01,19:42:49,PhonePe,P2P,Peer Transfer,400.26,HDFC Bank,IDBI Bank,iOS,4G,Mumbai,SUCCESS,N/A,N/A,200
UPI2025000925,2025-01-13,13:22:15,BHIM,P2P,Peer Transfer,278.05,Yes Bank,Kotak Mahindra Bank,iOS,4G,Hyderabad,SUCCESS,N/A,N/A,1455
UPI2025000926,2025-08-20,11:36:27,Paytm,P2P,Peer Transfer,97.76,Bank of Baroda,IndusInd Bank,Android,4G,Patiala,SUCCESS,N/A,N/A,1688
UPI2025000927,2025-04-27,11:19:36,Amazon Pay,P2P,Peer Transfer,384.12,Canara Bank,Union Bank of India,Android,WiFi,Bengaluru,FAILED,Bank Server Down,Yes,3159
UPI2025000928,2025-12-30,17:22:29,PhonePe,P2M,Entertainment,11570.95,Canara Bank,Kotak Mahindra Bank,Android,5G,Patiala,FAILED,Insufficient Balance,No,6843
UPI2025000929,2025-11-02,10:32:23,Google Pay,P2M,Grocery,4493.61,Union Bank of India,IndusInd Bank,Android,4G,Jaipur,SUCCESS,N/A,N/A,1617
UPI2025000930,2025-06-29,19:55:33,PhonePe,P2P,Peer Transfer,163.71,SBI,HDFC Bank,iOS,5G,Kolkata,SUCCESS,N/A,N/A,1324
UPI2025000931,2025-11-16,11:30:44,PhonePe,P2M,Utility Bill,302.27,SBI,HDFC Bank,Android,5G,Jalandhar,SUCCESS,N/A,N/A,1247
UPI2025000932,2025-08-07,18:31:08,Google Pay,P2M,Fuel,3392.58,Yes Bank,Yes Bank,Android,5G,Ludhiana,SUCCESS,N/A,N/A,1161
UPI2025000933,2025-08-31,17:07:04,Google Pay,P2P,Peer Transfer,187.63,IndusInd Bank,HDFC Bank,Android,4G,Ludhiana,SUCCESS,N/A,N/A,1327
UPI2025000934,2025-06-22,12:59:07,Google Pay,P2M,Education Fee,4476.58,Canara Bank,ICICI Bank,Android,5G,Chennai,SUCCESS,N/A,N/A,2244
UPI2025000935,2025-08-28,07:09:40,Google Pay,P2M,Recharge/Bill Payment,22.42,ICICI Bank,IDBI Bank,Android,5G,Jalandhar,SUCCESS,N/A,N/A,543
UPI2025000936,2025-04-23,11:06:37,PhonePe,P2P,Peer Transfer,199.54,Yes Bank,Punjab National Bank,Android,4G,Patiala,SUCCESS,N/A,N/A,2332
UPI2025000937,2025-02-27,03:29:07,PhonePe,P2P,Peer Transfer,53.98,SBI,IndusInd Bank,Android,WiFi,Chennai,FAILED,Technical Decline by Issuer,No,3756
UPI2025000938,2025-07-01,20:29:17,Google Pay,P2P,Peer Transfer,463.77,ICICI Bank,Bank of Baroda,iOS,4G,Gurugram,SUCCESS,N/A,N/A,1144
UPI2025000939,2025-01-25,09:09:22,Paytm,P2P,Peer Transfer,373.37,IndusInd Bank,Bank of Baroda,iOS,4G,Ahmedabad,SUCCESS,N/A,N/A,548
UPI2025000940,2025-01-27,20:41:30,PhonePe,P2M,Peer Transfer,91.45,Canara Bank,IndusInd Bank,Android,5G,Gurugram,SUCCESS,N/A,N/A,1941
UPI2025000941,2025-09-28,11:37:22,PhonePe,P2P,Peer Transfer,2024.71,Kotak Mahindra Bank,HDFC Bank,iOS,4G,Bengaluru,SUCCESS,N/A,N/A,2655
UPI2025000942,2025-07-13,21:30:20,Paytm,P2P,Peer Transfer,34.31,IDBI Bank,Axis Bank,iOS,5G,Jaipur,SUCCESS,N/A,N/A,2018
UPI2025000943,2025-06-13,21:03:39,Google Pay,P2P,Peer Transfer,374.51,SBI,IDBI Bank,Android,5G,Ludhiana,SUCCESS,N/A,N/A,1742
UPI2025000944,2025-05-05,07:28:24,Google Pay,P2M,E-commerce,249.63,Yes Bank,IndusInd Bank,Android,4G,Ahmedabad,SUCCESS,N/A,N/A,2282
UPI2025000945,2025-10-16,08:52:33,BHIM,P2M,Utility Bill,383.47,Axis Bank,HDFC Bank,iOS,4G,Delhi,SUCCESS,N/A,N/A,1446
UPI2025000946,2025-12-13,00:49:26,PhonePe,P2P,Peer Transfer,4734.47,HDFC Bank,Bank of Baroda,Android,WiFi,Gurugram,SUCCESS,N/A,N/A,2701
UPI2025000947,2025-11-20,09:52:30,PhonePe,P2M,Recharge/Bill Payment,404.5,Bank of Baroda,IndusInd Bank,Android,4G,Jaipur,SUCCESS,N/A,N/A,3302
UPI2025000948,2025-08-10,06:50:33,Google Pay,P2P,Peer Transfer,3870.33,HDFC Bank,Canara Bank,Android,4G,Pune,SUCCESS,N/A,N/A,951
UPI2025000949,2025-04-23,21:16:24,Paytm,P2M,Food Delivery,101.35,HDFC Bank,ICICI Bank,Android,4G,Gurugram,SUCCESS,N/A,N/A,2708
UPI2025000950,2025-07-14,11:39:03,PhonePe,P2P,Peer Transfer,1472.14,HDFC Bank,IndusInd Bank,iOS,4G,Ludhiana,FAILED,Bank Server Down,Yes,2810
UPI2025000951,2025-12-11,18:08:13,PhonePe,P2M,Utility Bill,2421.97,IDBI Bank,Bank of Baroda,iOS,4G,Noida,FAILED,PIN Retry Limit Exceeded,No,8211
UPI2025000952,2025-10-01,19:51:02,PhonePe,P2M,Peer Transfer,133.56,HDFC Bank,Kotak Mahindra Bank,iOS,WiFi,Noida,SUCCESS,N/A,N/A,2001
UPI2025000953,2025-04-16,18:06:02,PhonePe,P2P,Peer Transfer,10.46,Axis Bank,Yes Bank,Android,WiFi,Pune,FAILED,Insufficient Balance,No,6420
UPI2025000954,2025-11-12,09:38:55,PhonePe,P2P,Peer Transfer,1189.15,Yes Bank,IDBI Bank,Android,4G,Jaipur,SUCCESS,N/A,N/A,2216
UPI2025000955,2025-06-16,17:35:08,Google Pay,P2M,Medical/Pharmacy,368.31,HDFC Bank,IndusInd Bank,Android,4G,Delhi,SUCCESS,N/A,N/A,2924
UPI2025000956,2025-02-05,16:14:26,Paytm,P2P,Peer Transfer,43.54,Union Bank of India,IndusInd Bank,Android,WiFi,Pune,SUCCESS,N/A,N/A,600
UPI2025000957,2025-01-30,05:28:11,Google Pay,P2M,E-commerce,409.72,Bank of Baroda,Bank of Baroda,iOS,4G,Jaipur,SUCCESS,N/A,N/A,1429
UPI2025000958,2025-02-17,17:04:16,WhatsApp Pay,P2M,Medical/Pharmacy,896.6,Axis Bank,Canara Bank,iOS,WiFi,Chennai,SUCCESS,N/A,N/A,2622
UPI2025000959,2025-05-23,18:18:55,Paytm,P2P,Peer Transfer,2436.56,Union Bank of India,Punjab National Bank,Android,4G,Lucknow,SUCCESS,N/A,N/A,3765
UPI2025000960,2025-10-01,21:31:17,Google Pay,P2P,Peer Transfer,106.28,ICICI Bank,Union Bank of India,Android,4G,Lucknow,SUCCESS,N/A,N/A,2313
UPI2025000961,2025-11-03,08:15:44,PhonePe,P2P,Peer Transfer,284.27,Canara Bank,HDFC Bank,iOS,4G,Jaipur,SUCCESS,N/A,N/A,1844
UPI2025000962,2025-02-02,05:54:39,PhonePe,P2P,Peer Transfer,136.86,SBI,Kotak Mahindra Bank,Android,4G,Amritsar,SUCCESS,N/A,N/A,2491
UPI2025000963,2025-07-26,05:19:02,PhonePe,P2M,Medical/Pharmacy,2896.12,Bank of Baroda,SBI,iOS,WiFi,Jalandhar,SUCCESS,N/A,N/A,1442
UPI2025000964,2025-05-13,18:39:27,BHIM,P2M,Food Delivery,37743.4,IDBI Bank,IDBI Bank,Android,WiFi,Ahmedabad,SUCCESS,N/A,N/A,807
UPI2025000965,2025-12-31,15:27:36,Paytm,P2P,Peer Transfer,3162.73,Union Bank of India,Punjab National Bank,Android,5G,Pune,FAILED,Insufficient Balance,No,7225
UPI2025000966,2025-04-17,06:15:49,PhonePe,P2P,Peer Transfer,250.0,Bank of Baroda,IndusInd Bank,Android,4G,Hyderabad,SUCCESS,N/A,N/A,3276
UPI2025000967,2025-11-11,18:00:07,Google Pay,P2M,Recharge/Bill Payment,106.8,Yes Bank,Bank of Baroda,Android,4G,Ludhiana,SUCCESS,N/A,N/A,3531
UPI2025000968,2025-05-20,14:54:35,Google Pay,P2M,Fuel,224.48,SBI,IndusInd Bank,iOS,5G,Mumbai,SUCCESS,N/A,N/A,1102
UPI2025000969,2025-04-11,18:17:16,BHIM,P2M,Recharge/Bill Payment,467.11,ICICI Bank,Axis Bank,iOS,5G,Pune,FAILED,Insufficient Balance,No,344
UPI2025000970,2025-12-01,13:20:02,PhonePe,P2M,Fuel,554.01,Axis Bank,SBI,iOS,4G,Lucknow,SUCCESS,N/A,N/A,1511
UPI2025000971,2025-01-18,16:22:06,Google Pay,P2P,Peer Transfer,247.66,Canara Bank,HDFC Bank,Android,4G,Lucknow,SUCCESS,N/A,N/A,569
UPI2025000972,2025-09-22,13:41:27,Amazon Pay,P2P,Peer Transfer,246.91,ICICI Bank,SBI,Android,4G,Patiala,SUCCESS,N/A,N/A,2333
UPI2025000973,2025-05-26,13:18:39,Google Pay,P2P,Peer Transfer,420.36,Bank of Baroda,SBI,Android,5G,Bengaluru,SUCCESS,N/A,N/A,913
UPI2025000974,2025-11-10,11:45:49,Paytm,P2P,Peer Transfer,27.87,IndusInd Bank,IDBI Bank,Android,WiFi,Delhi,SUCCESS,N/A,N/A,1978
UPI2025000975,2025-02-28,12:41:05,WhatsApp Pay,P2P,Peer Transfer,32.12,Axis Bank,IndusInd Bank,Android,5G,Patiala,SUCCESS,N/A,N/A,1334
UPI2025000976,2025-02-17,19:33:51,Google Pay,P2P,Peer Transfer,230.05,Canara Bank,Yes Bank,Android,4G,Ahmedabad,SUCCESS,N/A,N/A,1720
UPI2025000977,2025-05-08,10:49:23,Google Pay,P2M,Rent,164.61,Bank of Baroda,IDBI Bank,Android,5G,Patiala,SUCCESS,N/A,N/A,3238
UPI2025000978,2025-05-17,15:04:58,PhonePe,P2P,Peer Transfer,149.75,Canara Bank,IndusInd Bank,Android,4G,Chandigarh,SUCCESS,N/A,N/A,2521
UPI2025000979,2025-04-06,18:26:43,PhonePe,P2P,Peer Transfer,19311.78,ICICI Bank,IndusInd Bank,Android,4G,Mumbai,SUCCESS,N/A,N/A,1779
UPI2025000980,2025-07-16,23:36:31,Paytm,P2M,Grocery,457.27,Axis Bank,ICICI Bank,Android,4G,Bhopal,SUCCESS,N/A,N/A,1180
UPI2025000981,2025-07-02,18:08:55,Google Pay,P2M,Food Delivery,178.2,Kotak Mahindra Bank,SBI,Android,WiFi,Jaipur,SUCCESS,N/A,N/A,1706
UPI2025000982,2025-05-18,08:44:35,Google Pay,P2P,Peer Transfer,35740.14,Punjab National Bank,HDFC Bank,iOS,4G,Bengaluru,SUCCESS,N/A,N/A,2153
UPI2025000983,2025-01-18,06:58:22,WhatsApp Pay,P2P,Peer Transfer,1067.52,Kotak Mahindra Bank,Yes Bank,iOS,4G,Noida,SUCCESS,N/A,N/A,2665
UPI2025000984,2025-10-12,09:49:37,Amazon Pay,P2P,Peer Transfer,327.85,Union Bank of India,HDFC Bank,Android,5G,Chennai,SUCCESS,N/A,N/A,1586
UPI2025000985,2025-06-20,09:46:37,Google Pay,P2P,Peer Transfer,1408.08,HDFC Bank,Axis Bank,Android,5G,Gurugram,SUCCESS,N/A,N/A,729
UPI2025000986,2025-11-24,21:18:20,PhonePe,P2P,Peer Transfer,100.18,ICICI Bank,ICICI Bank,iOS,WiFi,Jalandhar,SUCCESS,N/A,N/A,2748
UPI2025000987,2025-04-19,15:39:20,Google Pay,P2P,Peer Transfer,312.14,Punjab National Bank,ICICI Bank,Android,4G,Amritsar,SUCCESS,N/A,N/A,1450
UPI2025000988,2025-12-23,10:38:48,Google Pay,P2P,Peer Transfer,109.73,Axis Bank,Yes Bank,Android,5G,Gurugram,SUCCESS,N/A,N/A,1524
UPI2025000989,2025-01-11,16:02:57,PhonePe,P2P,Peer Transfer,654.94,Axis Bank,SBI,iOS,4G,Ahmedabad,SUCCESS,N/A,N/A,2573
UPI2025000990,2025-08-10,13:28:33,Google Pay,P2M,Rent,11016.3,Canara Bank,Punjab National Bank,Android,WiFi,Chennai,SUCCESS,N/A,N/A,1871
UPI2025000991,2025-07-11,10:55:08,CRED,P2P,Peer Transfer,378.2,IDBI Bank,Yes Bank,Android,4G,Pune,SUCCESS,N/A,N/A,1697
UPI2025000992,2025-05-08,08:21:17,PhonePe,P2M,Food Delivery,39439.23,IDBI Bank,Union Bank of India,Android,4G,Delhi,SUCCESS,N/A,N/A,1999
UPI2025000993,2025-12-29,17:33:20,Google Pay,P2M,Utility Bill,110.35,Union Bank of India,Yes Bank,Android,5G,Ludhiana,SUCCESS,N/A,N/A,449
UPI2025000994,2025-08-16,12:14:43,Google Pay,P2P,Peer Transfer,4923.26,Canara Bank,ICICI Bank,Android,5G,Chandigarh,FAILED,NPCI Server Error,No,2942
UPI2025000995,2025-11-29,18:13:00,PhonePe,P2M,Rent,488.54,Canara Bank,Union Bank of India,Android,4G,Hyderabad,SUCCESS,N/A,N/A,1619
UPI2025000996,2025-09-03,16:40:22,PhonePe,P2M,E-commerce,1484.47,Yes Bank,ICICI Bank,iOS,5G,Noida,SUCCESS,N/A,N/A,2008
UPI2025000997,2025-06-02,16:34:30,Google Pay,P2M,Fuel,3236.95,Axis Bank,HDFC Bank,Android,4G,Pune,SUCCESS,N/A,N/A,1581
UPI2025000998,2025-02-14,09:20:42,Google Pay,P2M,Entertainment,92.33,IDBI Bank,Kotak Mahindra Bank,iOS,WiFi,Patiala,SUCCESS,N/A,N/A,200
UPI2025000999,2025-01-12,11:32:13,Amazon Pay,P2M,Medical/Pharmacy,295.82,Kotak Mahindra Bank,SBI,Android,4G,Jaipur,SUCCESS,N/A,N/A,1007
UPI2025001000,2025-06-15,12:58:03,Google Pay,P2P,Peer Transfer,353.54,IDBI Bank,Axis Bank,Android,4G,Patiala,SUCCESS,N/A,N/A,3418
UPI2025001001,2025-12-07,08:13:49,Paytm,P2P,Peer Transfer,348.94,IndusInd Bank,IndusInd Bank,Android,4G,Ludhiana,SUCCESS,N/A,N/A,1749
UPI2025001002,2025-02-05,18:21:58,PhonePe,P2M,Education Fee,255.95,Union Bank of India,HDFC Bank,Android,5G,Amritsar,SUCCESS,N/A,N/A,2104
UPI2025001003,2025-06-03,19:14:18,BHIM,P2P,Peer Transfer,400.92,Bank of Baroda,Bank of Baroda,Android,4G,Ludhiana,FAILED,Insufficient Balance,No,5276
UPI2025001004,2025-02-09,14:50:31,Google Pay,P2P,Peer Transfer,351.61,Punjab National Bank,Punjab National Bank,Android,5G,Delhi,SUCCESS,N/A,N/A,1714
UPI2025001005,2025-02-18,19:24:41,PhonePe,P2M,Food Delivery,2973.73,IDBI Bank,Punjab National Bank,Android,5G,Patiala,FAILED,Invalid VPA / Beneficiary Not Found,Yes,5553
UPI2025001006,2025-12-23,08:47:37,Paytm,P2M,Medical/Pharmacy,283.27,Axis Bank,IndusInd Bank,Android,5G,Ahmedabad,SUCCESS,N/A,N/A,1370
UPI2025001007,2025-03-20,07:41:36,PhonePe,P2P,Peer Transfer,152.53,Punjab National Bank,Kotak Mahindra Bank,iOS,5G,Noida,SUCCESS,N/A,N/A,1532
UPI2025001008,2025-09-30,15:15:24,Google Pay,P2P,Peer Transfer,155.95,Canara Bank,IDBI Bank,Android,5G,Bengaluru,SUCCESS,N/A,N/A,1578
UPI2025001009,2025-08-13,22:25:49,Google Pay,P2M,Utility Bill,91.43,Bank of Baroda,Canara Bank,Android,4G,Mumbai,FAILED,Insufficient Balance,No,4481
UPI2025001010,2025-07-10,16:05:09,PhonePe,P2M,Peer Transfer,4510.13,Canara Bank,Union Bank of India,Android,4G,Noida,SUCCESS,N/A,N/A,2076
UPI2025001011,2025-05-01,18:53:09,Google Pay,P2M,Grocery,725.79,IDBI Bank,IndusInd Bank,Android,4G,Bhopal,SUCCESS,N/A,N/A,1038
UPI2025001012,2025-07-31,14:41:15,PhonePe,P2P,Peer Transfer,29.29,IDBI Bank,Canara Bank,iOS,3G,Mumbai,SUCCESS,N/A,N/A,1273
UPI2025001013,2025-06-15,17:24:08,Paytm,P2M,Recharge/Bill Payment,239.18,ICICI Bank,Union Bank of India,Android,WiFi,Bengaluru,FAILED,Bank Server Down,Yes,5291
UPI2025001014,2025-11-08,14:08:47,Amazon Pay,P2P,Peer Transfer,222.09,Kotak Mahindra Bank,Kotak Mahindra Bank,Android,3G,Hyderabad,SUCCESS,N/A,N/A,2037
UPI2025001015,2025-08-27,20:36:41,Google Pay,P2M,Peer Transfer,4522.7,Punjab National Bank,Union Bank of India,iOS,4G,Hyderabad,SUCCESS,N/A,N/A,200
UPI2025001016,2025-03-23,21:59:47,Paytm,P2P,Peer Transfer,146.56,ICICI Bank,ICICI Bank,iOS,4G,Patiala,FAILED,Beneficiary Bank Server Down,No,5642
UPI2025001017,2025-01-03,11:12:12,Paytm,P2P,Peer Transfer,23223.59,Union Bank of India,Canara Bank,Android,5G,Amritsar,FAILED,Transaction Timeout,No,4721
UPI2025001018,2025-05-14,16:59:12,Google Pay,P2M,Medical/Pharmacy,50.46,Kotak Mahindra Bank,IndusInd Bank,Android,4G,Hyderabad,SUCCESS,N/A,N/A,1236
UPI2025001019,2025-09-07,17:04:37,Google Pay,P2P,Peer Transfer,136.81,IDBI Bank,Axis Bank,Android,4G,Gurugram,SUCCESS,N/A,N/A,2518
UPI2025001020,2025-10-25,12:36:49,BHIM,P2M,Rent,41480.76,IndusInd Bank,Punjab National Bank,iOS,5G,Noida,FAILED,Insufficient Balance,Yes,781
UPI2025001021,2025-03-26,07:51:39,Google Pay,P2M,Medical/Pharmacy,54.75,ICICI Bank,Canara Bank,Android,WiFi,Chandigarh,SUCCESS,N/A,N/A,3470
UPI2025001022,2025-06-20,13:30:20,Google Pay,P2M,Travel,369.25,HDFC Bank,Axis Bank,Android,5G,Lucknow,SUCCESS,N/A,N/A,1366
UPI2025001023,2025-07-22,11:05:56,PhonePe,P2M,Fuel,12612.29,Axis Bank,ICICI Bank,Android,WiFi,Bhopal,SUCCESS,N/A,N/A,1794
UPI2025001024,2025-09-27,18:43:07,PhonePe,P2P,Peer Transfer,1522.67,Kotak Mahindra Bank,Yes Bank,Android,4G,Chennai,SUCCESS,N/A,N/A,2860
UPI2025001025,2025-05-15,18:13:39,PhonePe,P2P,Peer Transfer,262.43,Axis Bank,Kotak Mahindra Bank,iOS,3G,Jalandhar,SUCCESS,N/A,N/A,1250
UPI2025001026,2025-07-24,09:37:19,PhonePe,P2P,Peer Transfer,2061.32,Bank of Baroda,Punjab National Bank,Android,4G,Hyderabad,SUCCESS,N/A,N/A,2254
UPI2025001027,2025-06-04,04:44:45,Google Pay,P2M,Grocery,247.24,Yes Bank,SBI,iOS,WiFi,Chennai,SUCCESS,N/A,N/A,1269
UPI2025001028,2025-07-03,18:41:48,PhonePe,P2P,Peer Transfer,119.95,HDFC Bank,SBI,Android,5G,Amritsar,SUCCESS,N/A,N/A,2428
UPI2025001029,2025-02-21,06:53:54,Google Pay,P2M,Medical/Pharmacy,25048.3,Canara Bank,Yes Bank,Android,5G,Jalandhar,SUCCESS,N/A,N/A,2767
UPI2025001030,2025-10-14,01:53:43,BHIM,P2P,Peer Transfer,78.33,Bank of Baroda,IDBI Bank,iOS,5G,Lucknow,SUCCESS,N/A,N/A,1989
UPI2025001031,2025-09-16,12:53:42,Paytm,P2M,Education Fee,361.83,HDFC Bank,Axis Bank,Android,4G,Amritsar,SUCCESS,N/A,N/A,2697
UPI2025001032,2025-04-18,16:44:32,PhonePe,P2M,Grocery,129.56,Yes Bank,IDBI Bank,Android,5G,Bengaluru,SUCCESS,N/A,N/A,1541
UPI2025001033,2025-08-09,19:05:36,WhatsApp Pay,P2M,Recharge/Bill Payment,180.55,HDFC Bank,HDFC Bank,Android,4G,Ludhiana,SUCCESS,N/A,N/A,2061
UPI2025001034,2025-11-03,01:40:23,PhonePe,P2P,Peer Transfer,347.01,IDBI Bank,Axis Bank,Android,WiFi,Jalandhar,SUCCESS,N/A,N/A,200
UPI2025001035,2025-10-14,08:03:24,Paytm,P2P,Peer Transfer,34.15,ICICI Bank,Punjab National Bank,Android,4G,Jalandhar,SUCCESS,N/A,N/A,200
UPI2025001036,2025-03-19,09:18:16,Paytm,P2P,Peer Transfer,104.21,Punjab National Bank,HDFC Bank,Android,4G,Gurugram,SUCCESS,N/A,N/A,1708
UPI2025001037,2025-09-03,17:10:02,WhatsApp Pay,P2P,Peer Transfer,227.91,IndusInd Bank,Kotak Mahindra Bank,Android,3G,Patiala,SUCCESS,N/A,N/A,2843
UPI2025001038,2025-11-11,17:18:13,PhonePe,P2M,Fuel,307.59,Union Bank of India,Union Bank of India,Android,WiFi,Hyderabad,FAILED,Incorrect UPI PIN,No,6446
UPI2025001039,2025-07-20,17:11:30,Google Pay,P2P,Peer Transfer,3828.12,IndusInd Bank,Bank of Baroda,Android,5G,Delhi,SUCCESS,N/A,N/A,464
UPI2025001040,2025-02-10,16:55:57,Google Pay,P2P,Peer Transfer,75.55,Kotak Mahindra Bank,Canara Bank,Android,4G,Lucknow,SUCCESS,N/A,N/A,1612
UPI2025001041,2025-07-01,15:48:01,PhonePe,P2M,Rent,180.43,IndusInd Bank,Canara Bank,Android,4G,Pune,SUCCESS,N/A,N/A,913
UPI2025001042,2025-05-25,16:30:43,PhonePe,P2M,Education Fee,114.64,SBI,Axis Bank,Android,4G,Hyderabad,SUCCESS,N/A,N/A,1086
UPI2025001043,2025-06-05,16:10:32,Google Pay,P2M,Education Fee,48940.54,Punjab National Bank,IndusInd Bank,Android,3G,Chandigarh,FAILED,Bank Server Down,No,3239
UPI2025001044,2025-02-05,11:49:09,BHIM,P2P,Peer Transfer,43.34,Canara Bank,Kotak Mahindra Bank,Android,4G,Amritsar,SUCCESS,N/A,N/A,2458
UPI2025001045,2025-02-01,09:54:13,PhonePe,P2P,Peer Transfer,391.09,IDBI Bank,Axis Bank,Android,WiFi,Ludhiana,SUCCESS,N/A,N/A,785
UPI2025001046,2025-05-14,07:35:43,PhonePe,P2M,Entertainment,39.84,Axis Bank,Canara Bank,Android,WiFi,Bengaluru,SUCCESS,N/A,N/A,2815
UPI2025001047,2025-05-04,18:08:25,Paytm,P2M,Travel,171.4,Punjab National Bank,Yes Bank,Android,5G,Lucknow,SUCCESS,N/A,N/A,1264
UPI2025001048,2025-10-15,22:01:14,Amazon Pay,P2P,Peer Transfer,36181.41,ICICI Bank,Axis Bank,Android,WiFi,Jaipur,SUCCESS,N/A,N/A,2610
UPI2025001049,2025-09-08,10:31:12,Google Pay,P2P,Peer Transfer,32435.69,Punjab National Bank,Kotak Mahindra Bank,Android,4G,Chandigarh,SUCCESS,N/A,N/A,2225
UPI2025001050,2025-05-31,17:30:02,Google Pay,P2P,Peer Transfer,288.45,Kotak Mahindra Bank,ICICI Bank,Android,WiFi,Chennai,SUCCESS,N/A,N/A,1218
UPI2025001051,2025-05-15,17:06:41,BHIM,P2P,Peer Transfer,4500.5,SBI,ICICI Bank,Android,4G,Chennai,FAILED,Daily Transaction Limit Exceeded,No,3192
UPI2025001052,2025-06-14,18:19:27,Google Pay,P2M,Entertainment,124.1,Yes Bank,HDFC Bank,Android,WiFi,Kolkata,SUCCESS,N/A,N/A,1824
UPI2025001053,2025-05-22,07:11:27,PhonePe,P2P,Peer Transfer,257.03,Kotak Mahindra Bank,Yes Bank,Android,WiFi,Hyderabad,FAILED,Network Connectivity Issue,No,5308
UPI2025001054,2025-06-26,13:29:18,Google Pay,P2P,Peer Transfer,3991.45,Canara Bank,Canara Bank,iOS,5G,Hyderabad,SUCCESS,N/A,N/A,2444
UPI2025001055,2025-09-20,11:52:01,PhonePe,P2P,Peer Transfer,65.84,ICICI Bank,Punjab National Bank,Android,4G,Delhi,SUCCESS,N/A,N/A,1263
UPI2025001056,2025-05-19,18:34:47,PhonePe,P2P,Peer Transfer,269.07,ICICI Bank,HDFC Bank,Android,4G,Noida,SUCCESS,N/A,N/A,3688
UPI2025001057,2025-04-17,12:29:44,PhonePe,P2M,Grocery,223.16,IDBI Bank,Union Bank of India,Android,4G,Chandigarh,SUCCESS,N/A,N/A,2695
UPI2025001058,2025-10-09,16:56:06,PhonePe,P2P,Peer Transfer,969.41,IDBI Bank,HDFC Bank,Android,4G,Jaipur,FAILED,PIN Retry Limit Exceeded,Yes,5792
UPI2025001059,2025-09-11,18:05:53,Amazon Pay,P2M,Fuel,2602.67,HDFC Bank,Axis Bank,Android,5G,Pune,SUCCESS,N/A,N/A,1941
UPI2025001060,2025-01-19,12:30:13,Paytm,P2M,Recharge/Bill Payment,316.77,Kotak Mahindra Bank,Punjab National Bank,Android,5G,Jaipur,SUCCESS,N/A,N/A,1958
UPI2025001061,2025-09-21,11:00:26,Google Pay,P2P,Peer Transfer,136.16,Kotak Mahindra Bank,Yes Bank,Android,5G,Kolkata,FAILED,Incorrect UPI PIN,No,4791
UPI2025001062,2025-03-27,06:18:46,Paytm,P2P,Peer Transfer,3696.58,Canara Bank,IndusInd Bank,Android,5G,Noida,SUCCESS,N/A,N/A,2326
UPI2025001063,2025-01-05,12:20:22,BHIM,P2M,Entertainment,20343.29,ICICI Bank,Canara Bank,Android,5G,Jaipur,SUCCESS,N/A,N/A,989
UPI2025001064,2025-01-13,17:36:05,Paytm,P2P,Peer Transfer,610.9,Union Bank of India,Bank of Baroda,Android,5G,Ahmedabad,SUCCESS,N/A,N/A,932
UPI2025001065,2025-05-03,13:29:01,Google Pay,P2M,Peer Transfer,419.83,IndusInd Bank,ICICI Bank,Android,3G,Ludhiana,SUCCESS,N/A,N/A,2238
UPI2025001066,2025-04-21,15:31:15,PhonePe,P2P,Peer Transfer,34258.42,Union Bank of India,ICICI Bank,iOS,4G,Jaipur,FAILED,Payer Account Frozen/Inactive,No,6643
UPI2025001067,2025-03-11,19:49:49,CRED,P2P,Peer Transfer,456.79,Kotak Mahindra Bank,Union Bank of India,Android,4G,Hyderabad,SUCCESS,N/A,N/A,2286
UPI2025001068,2025-05-22,16:42:56,Paytm,P2P,Peer Transfer,235.08,Yes Bank,Yes Bank,Android,4G,Jaipur,SUCCESS,N/A,N/A,2588
UPI2025001069,2025-06-30,11:59:28,Google Pay,P2P,Peer Transfer,464.99,ICICI Bank,Kotak Mahindra Bank,Android,4G,Chennai,SUCCESS,N/A,N/A,1484
UPI2025001070,2025-09-23,20:24:37,Paytm,P2P,Peer Transfer,3571.3,Kotak Mahindra Bank,Kotak Mahindra Bank,Android,4G,Gurugram,SUCCESS,N/A,N/A,200
UPI2025001071,2025-08-21,15:26:01,PhonePe,P2M,Entertainment,1920.51,Axis Bank,ICICI Bank,Android,WiFi,Ludhiana,SUCCESS,N/A,N/A,1892
UPI2025001072,2025-12-10,18:24:35,PhonePe,P2P,Peer Transfer,436.15,Axis Bank,ICICI Bank,Android,4G,Noida,SUCCESS,N/A,N/A,1365
UPI2025001073,2025-12-24,09:08:18,Google Pay,P2M,Entertainment,47.71,SBI,Axis Bank,Android,5G,Pune,SUCCESS,N/A,N/A,2856
UPI2025001074,2025-06-29,14:07:51,PhonePe,P2P,Peer Transfer,439.79,Bank of Baroda,ICICI Bank,Android,4G,Delhi,SUCCESS,N/A,N/A,1554
UPI2025001075,2025-06-07,20:30:55,PhonePe,P2M,Education Fee,4600.04,Kotak Mahindra Bank,Punjab National Bank,Android,WiFi,Bhopal,SUCCESS,N/A,N/A,200
UPI2025001076,2025-06-20,14:46:03,Google Pay,P2M,Medical/Pharmacy,277.77,Kotak Mahindra Bank,IDBI Bank,Android,WiFi,Chennai,SUCCESS,N/A,N/A,1114
UPI2025001077,2025-02-18,07:54:16,Paytm,P2M,Medical/Pharmacy,101.43,IndusInd Bank,HDFC Bank,Android,4G,Pune,SUCCESS,N/A,N/A,2834
UPI2025001078,2025-03-23,10:21:41,Paytm,P2P,Peer Transfer,720.52,Canara Bank,IDBI Bank,Android,4G,Ahmedabad,SUCCESS,N/A,N/A,2066
UPI2025001079,2025-05-09,18:44:16,PhonePe,P2M,Recharge/Bill Payment,170.1,IndusInd Bank,SBI,Android,4G,Lucknow,SUCCESS,N/A,N/A,2869
UPI2025001080,2025-10-05,11:45:10,PhonePe,P2M,Utility Bill,373.43,Punjab National Bank,Canara Bank,Android,5G,Chandigarh,FAILED,Incorrect UPI PIN,Yes,8198
UPI2025001081,2025-09-05,10:54:13,PhonePe,P2P,Peer Transfer,1084.36,ICICI Bank,IndusInd Bank,Android,5G,Gurugram,SUCCESS,N/A,N/A,1896
UPI2025001082,2025-08-29,20:22:41,Google Pay,P2P,Peer Transfer,100.21,Union Bank of India,Bank of Baroda,Android,WiFi,Amritsar,SUCCESS,N/A,N/A,2148
UPI2025001083,2025-07-07,09:57:24,Google Pay,P2P,Peer Transfer,4016.58,HDFC Bank,Bank of Baroda,Android,4G,Bengaluru,SUCCESS,N/A,N/A,1384
UPI2025001084,2025-05-19,14:36:58,Paytm,P2M,Education Fee,323.82,SBI,IDBI Bank,iOS,5G,Lucknow,SUCCESS,N/A,N/A,2480
UPI2025001085,2025-06-04,16:21:32,Google Pay,P2M,Education Fee,294.1,Union Bank of India,Union Bank of India,iOS,3G,Delhi,SUCCESS,N/A,N/A,1769
UPI2025001086,2025-07-23,10:16:51,Paytm,P2M,E-commerce,1452.71,IDBI Bank,Yes Bank,Android,5G,Delhi,SUCCESS,N/A,N/A,364
UPI2025001087,2025-04-14,15:05:47,Google Pay,P2P,Peer Transfer,4603.03,HDFC Bank,ICICI Bank,Android,4G,Noida,SUCCESS,N/A,N/A,1269
UPI2025001088,2025-07-28,20:03:20,Paytm,P2P,Peer Transfer,344.88,HDFC Bank,Axis Bank,Android,5G,Bengaluru,SUCCESS,N/A,N/A,1387
UPI2025001089,2025-03-25,16:19:36,Google Pay,P2M,Entertainment,229.51,Kotak Mahindra Bank,HDFC Bank,Android,4G,Chennai,SUCCESS,N/A,N/A,937
UPI2025001090,2025-04-08,18:38:17,PhonePe,P2P,Peer Transfer,286.65,ICICI Bank,Bank of Baroda,Android,WiFi,Ahmedabad,SUCCESS,N/A,N/A,582
UPI2025001091,2025-07-26,10:17:43,PhonePe,P2P,Peer Transfer,34545.32,Punjab National Bank,Yes Bank,iOS,WiFi,Noida,FAILED,NPCI Server Error,Yes,5815
UPI2025001092,2025-07-12,08:04:48,PhonePe,P2M,Entertainment,341.64,Punjab National Bank,HDFC Bank,Android,5G,Amritsar,FAILED,Insufficient Balance,Yes,4360
UPI2025001093,2025-04-30,14:20:49,PhonePe,P2P,Peer Transfer,55.58,HDFC Bank,Yes Bank,Android,5G,Chandigarh,SUCCESS,N/A,N/A,1424
UPI2025001094,2025-03-16,18:50:10,BHIM,P2P,Peer Transfer,73.86,IndusInd Bank,Yes Bank,iOS,3G,Patiala,SUCCESS,N/A,N/A,2109
UPI2025001095,2025-04-15,10:16:30,WhatsApp Pay,P2P,Peer Transfer,91.76,Punjab National Bank,Bank of Baroda,Android,4G,Kolkata,SUCCESS,N/A,N/A,2246
UPI2025001096,2025-06-15,15:48:26,Google Pay,P2M,Medical/Pharmacy,341.79,Kotak Mahindra Bank,SBI,Android,4G,Chennai,SUCCESS,N/A,N/A,3667
UPI2025001097,2025-01-08,19:12:13,Paytm,P2M,Grocery,29.11,Punjab National Bank,Punjab National Bank,Android,WiFi,Kolkata,SUCCESS,N/A,N/A,2250
UPI2025001098,2025-10-15,09:13:39,PhonePe,P2P,Peer Transfer,4909.8,Punjab National Bank,HDFC Bank,Android,5G,Noida,SUCCESS,N/A,N/A,1009
UPI2025001099,2025-01-18,18:24:44,WhatsApp Pay,P2P,Peer Transfer,4093.5,IDBI Bank,Canara Bank,iOS,5G,Delhi,FAILED,Transaction Timeout,Yes,4062
UPI2025001100,2025-05-24,13:18:07,PhonePe,P2P,Peer Transfer,319.01,IDBI Bank,HDFC Bank,Android,4G,Chandigarh,SUCCESS,N/A,N/A,2489
UPI2025001101,2025-08-18,11:12:35,Google Pay,P2M,Utility Bill,383.44,Axis Bank,Bank of Baroda,Android,5G,Ahmedabad,SUCCESS,N/A,N/A,2133
UPI2025001102,2025-02-24,18:04:55,Paytm,P2P,Peer Transfer,17059.88,IDBI Bank,IDBI Bank,iOS,WiFi,Chennai,SUCCESS,N/A,N/A,2325
UPI2025001103,2025-03-25,09:29:14,PhonePe,P2M,Rent,3744.75,Bank of Baroda,Axis Bank,Android,5G,Ludhiana,FAILED,Transaction Timeout,Yes,4341
UPI2025001104,2025-11-10,14:03:53,PhonePe,P2P,Peer Transfer,317.11,Union Bank of India,Bank of Baroda,Android,4G,Gurugram,SUCCESS,N/A,N/A,1529
UPI2025001105,2025-05-08,18:31:18,PhonePe,P2M,Peer Transfer,329.62,Yes Bank,HDFC Bank,Android,5G,Bengaluru,SUCCESS,N/A,N/A,2512
UPI2025001106,2025-11-07,14:54:05,PhonePe,P2M,E-commerce,1451.44,Canara Bank,IndusInd Bank,Android,WiFi,Patiala,SUCCESS,N/A,N/A,1286
UPI2025001107,2025-06-30,13:56:47,Google Pay,P2P,Peer Transfer,4621.16,Bank of Baroda,HDFC Bank,Android,5G,Patiala,SUCCESS,N/A,N/A,1263
UPI2025001108,2025-06-05,15:00:39,BHIM,P2P,Peer Transfer,143.14,SBI,SBI,Android,4G,Pune,SUCCESS,N/A,N/A,1530
UPI2025001109,2025-10-26,11:29:41,Paytm,P2M,Rent,177.69,IndusInd Bank,Bank of Baroda,iOS,4G,Chandigarh,FAILED,Insufficient Balance,Yes,3367
UPI2025001110,2025-08-22,21:02:49,Google Pay,P2P,Peer Transfer,44.33,Bank of Baroda,HDFC Bank,Android,4G,Jalandhar,FAILED,Insufficient Balance,No,6163
UPI2025001111,2025-04-01,21:13:49,PhonePe,P2P,Peer Transfer,465.09,ICICI Bank,Canara Bank,iOS,4G,Jalandhar,SUCCESS,N/A,N/A,2719
UPI2025001112,2025-06-23,13:12:13,Paytm,P2P,Peer Transfer,95.24,IndusInd Bank,HDFC Bank,Android,WiFi,Gurugram,FAILED,Invalid VPA / Beneficiary Not Found,Yes,6337
UPI2025001113,2025-07-09,18:22:47,CRED,P2P,Peer Transfer,187.15,Kotak Mahindra Bank,Axis Bank,Android,5G,Noida,SUCCESS,N/A,N/A,1550
UPI2025001114,2025-02-13,21:01:00,PhonePe,P2M,Food Delivery,400.23,Kotak Mahindra Bank,Kotak Mahindra Bank,Android,WiFi,Mumbai,SUCCESS,N/A,N/A,2962
UPI2025001115,2025-11-26,17:14:44,Google Pay,P2M,Grocery,306.11,Yes Bank,Kotak Mahindra Bank,iOS,4G,Kolkata,FAILED,Network Connectivity Issue,Yes,3809
UPI2025001116,2025-01-04,08:09:08,Paytm,P2M,E-commerce,113.64,SBI,SBI,iOS,5G,Lucknow,SUCCESS,N/A,N/A,2240
UPI2025001117,2025-11-16,08:11:11,WhatsApp Pay,P2M,Utility Bill,4818.86,ICICI Bank,IDBI Bank,Android,WiFi,Bengaluru,SUCCESS,N/A,N/A,3097
UPI2025001118,2025-01-12,14:19:25,Paytm,P2P,Peer Transfer,80.5,Punjab National Bank,IndusInd Bank,Android,4G,Noida,FAILED,NPCI Server Error,No,3475
UPI2025001119,2025-01-19,15:48:38,Paytm,P2P,Peer Transfer,233.14,ICICI Bank,ICICI Bank,Android,4G,Patiala,SUCCESS,N/A,N/A,1391
UPI2025001120,2025-02-13,22:29:26,BHIM,P2P,Peer Transfer,368.79,Union Bank of India,Canara Bank,Android,5G,Ahmedabad,SUCCESS,N/A,N/A,3353
UPI2025001121,2025-12-16,20:08:20,Paytm,P2M,Food Delivery,1565.24,Bank of Baroda,IndusInd Bank,Android,5G,Jalandhar,FAILED,Beneficiary Bank Server Down,No,1410
UPI2025001122,2025-02-25,10:05:47,Google Pay,P2M,Food Delivery,434.84,Kotak Mahindra Bank,Punjab National Bank,Android,4G,Ahmedabad,SUCCESS,N/A,N/A,1314
UPI2025001123,2025-06-29,17:33:33,PhonePe,P2P,Peer Transfer,21143.41,Punjab National Bank,ICICI Bank,Android,4G,Delhi,SUCCESS,N/A,N/A,200
UPI2025001124,2025-11-07,12:03:50,Google Pay,P2P,Peer Transfer,287.27,ICICI Bank,SBI,Android,WiFi,Amritsar,SUCCESS,N/A,N/A,200
UPI2025001125,2025-01-05,15:30:54,PhonePe,P2P,Peer Transfer,362.16,Yes Bank,IndusInd Bank,iOS,5G,Hyderabad,SUCCESS,N/A,N/A,344
UPI2025001126,2025-02-15,18:41:49,PhonePe,P2M,Recharge/Bill Payment,458.27,Bank of Baroda,Bank of Baroda,Android,WiFi,Noida,SUCCESS,N/A,N/A,1593
UPI2025001127,2025-06-27,17:42:54,PhonePe,P2P,Peer Transfer,319.46,Union Bank of India,Punjab National Bank,Android,5G,Bhopal,FAILED,Incorrect UPI PIN,Yes,4992
UPI2025001128,2025-02-13,07:45:18,Google Pay,P2P,Peer Transfer,228.97,Bank of Baroda,Punjab National Bank,Android,WiFi,Gurugram,FAILED,Network Connectivity Issue,No,2895
UPI2025001129,2025-07-18,09:53:43,Google Pay,P2M,Medical/Pharmacy,209.1,SBI,Axis Bank,Android,WiFi,Gurugram,SUCCESS,N/A,N/A,1029
UPI2025001130,2025-11-07,15:34:14,Paytm,P2P,Peer Transfer,492.44,Union Bank of India,ICICI Bank,Android,4G,Pune,SUCCESS,N/A,N/A,1832
UPI2025001131,2025-10-19,18:34:39,PhonePe,P2P,Peer Transfer,4846.27,Axis Bank,Punjab National Bank,iOS,4G,Jaipur,SUCCESS,N/A,N/A,2540
UPI2025001132,2025-06-13,20:29:20,Google Pay,P2P,Peer Transfer,3530.39,Punjab National Bank,SBI,Android,5G,Jalandhar,SUCCESS,N/A,N/A,933
UPI2025001133,2025-08-27,16:04:03,Paytm,P2P,Peer Transfer,16172.94,ICICI Bank,ICICI Bank,Android,3G,Pune,SUCCESS,N/A,N/A,3123
UPI2025001134,2025-03-03,17:25:37,Google Pay,P2P,Peer Transfer,345.52,Bank of Baroda,HDFC Bank,iOS,4G,Jaipur,FAILED,Invalid VPA / Beneficiary Not Found,No,3101
UPI2025001135,2025-02-28,09:09:43,Google Pay,P2M,Education Fee,1554.46,Bank of Baroda,SBI,Android,4G,Noida,SUCCESS,N/A,N/A,1725
UPI2025001136,2025-06-20,11:07:34,Paytm,P2P,Peer Transfer,531.91,Canara Bank,ICICI Bank,iOS,WiFi,Kolkata,SUCCESS,N/A,N/A,2018
UPI2025001137,2025-01-16,12:57:16,Google Pay,P2M,Rent,1218.5,Canara Bank,Kotak Mahindra Bank,Android,WiFi,Ahmedabad,SUCCESS,N/A,N/A,1913
UPI2025001138,2025-02-10,06:46:38,WhatsApp Pay,P2M,Utility Bill,2159.26,Bank of Baroda,Axis Bank,Android,5G,Patiala,SUCCESS,N/A,N/A,1377
UPI2025001139,2025-09-05,07:49:17,BHIM,P2M,Utility Bill,4762.19,IDBI Bank,Punjab National Bank,Android,4G,Hyderabad,SUCCESS,N/A,N/A,2659
UPI2025001140,2025-02-02,01:45:51,PhonePe,P2P,Peer Transfer,893.38,IndusInd Bank,Canara Bank,Android,4G,Noida,SUCCESS,N/A,N/A,1765
UPI2025001141,2025-11-22,15:38:33,Amazon Pay,P2P,Peer Transfer,1404.1,Yes Bank,Kotak Mahindra Bank,Android,WiFi,Bengaluru,SUCCESS,N/A,N/A,1873
UPI2025001142,2025-02-15,22:15:23,PhonePe,P2P,Peer Transfer,34.43,IDBI Bank,IndusInd Bank,Android,5G,Lucknow,SUCCESS,N/A,N/A,1765
UPI2025001143,2025-06-20,19:36:55,PhonePe,P2M,Travel,326.12,Kotak Mahindra Bank,Yes Bank,Android,4G,Amritsar,FAILED,PIN Retry Limit Exceeded,Yes,5945
UPI2025001144,2025-12-24,13:01:46,PhonePe,P2M,Medical/Pharmacy,336.31,Punjab National Bank,Bank of Baroda,Android,WiFi,Hyderabad,SUCCESS,N/A,N/A,1900
UPI2025001145,2025-01-19,11:44:40,Google Pay,P2M,Education Fee,2745.36,ICICI Bank,Axis Bank,Android,5G,Lucknow,SUCCESS,N/A,N/A,3233
UPI2025001146,2025-03-08,19:54:05,PhonePe,P2M,E-commerce,247.79,IndusInd Bank,Union Bank of India,Android,4G,Mumbai,SUCCESS,N/A,N/A,1817
UPI2025001147,2025-05-02,16:40:11,Paytm,P2M,Entertainment,12074.17,Axis Bank,Punjab National Bank,Android,WiFi,Lucknow,SUCCESS,N/A,N/A,1088
UPI2025001148,2025-03-07,11:07:12,PhonePe,P2M,Fuel,1639.4,Union Bank of India,IDBI Bank,Android,5G,Jaipur,SUCCESS,N/A,N/A,1830
UPI2025001149,2025-01-30,09:05:45,PhonePe,P2M,Recharge/Bill Payment,2758.41,Yes Bank,Kotak Mahindra Bank,Android,5G,Jaipur,FAILED,Bank Server Down,No,4777
UPI2025001150,2025-10-13,19:56:51,Google Pay,P2P,Peer Transfer,902.63,IndusInd Bank,HDFC Bank,Android,WiFi,Pune,SUCCESS,N/A,N/A,822
UPI2025001151,2025-09-17,23:01:31,Google Pay,P2P,Peer Transfer,429.52,IDBI Bank,Axis Bank,Android,5G,Jalandhar,FAILED,Incorrect UPI PIN,No,3430
UPI2025001152,2025-11-30,16:53:28,PhonePe,P2P,Peer Transfer,315.34,Union Bank of India,IndusInd Bank,Android,5G,Jaipur,SUCCESS,N/A,N/A,2065
UPI2025001153,2025-12-12,20:24:47,Google Pay,P2P,Peer Transfer,1560.57,Bank of Baroda,Punjab National Bank,Android,WiFi,Pune,SUCCESS,N/A,N/A,905
UPI2025001154,2025-05-19,06:44:08,PhonePe,P2M,Peer Transfer,1223.87,IDBI Bank,Axis Bank,Android,3G,Gurugram,SUCCESS,N/A,N/A,2024
UPI2025001155,2025-07-27,11:51:52,PhonePe,P2M,Utility Bill,41658.13,IDBI Bank,Bank of Baroda,iOS,WiFi,Pune,SUCCESS,N/A,N/A,2381
UPI2025001156,2025-08-12,19:29:39,PhonePe,P2P,Peer Transfer,272.49,IndusInd Bank,Kotak Mahindra Bank,iOS,4G,Chennai,SUCCESS,N/A,N/A,1817
UPI2025001157,2025-01-23,20:30:55,Paytm,P2P,Peer Transfer,2706.41,HDFC Bank,Yes Bank,iOS,4G,Hyderabad,SUCCESS,N/A,N/A,278
UPI2025001158,2025-10-10,03:38:31,PhonePe,P2P,Peer Transfer,3077.48,ICICI Bank,Kotak Mahindra Bank,Android,5G,Ahmedabad,SUCCESS,N/A,N/A,919
UPI2025001159,2025-08-10,19:32:26,Google Pay,P2M,Grocery,248.38,Union Bank of India,Yes Bank,iOS,4G,Lucknow,SUCCESS,N/A,N/A,1696
UPI2025001160,2025-10-28,22:39:04,PhonePe,P2M,E-commerce,92.74,IDBI Bank,ICICI Bank,iOS,WiFi,Amritsar,SUCCESS,N/A,N/A,2037
UPI2025001161,2025-01-12,17:31:46,Google Pay,P2M,Peer Transfer,168.34,HDFC Bank,HDFC Bank,Android,5G,Patiala,SUCCESS,N/A,N/A,2256
UPI2025001162,2025-07-04,08:21:11,Google Pay,P2M,Fuel,194.9,Bank of Baroda,ICICI Bank,Android,4G,Jaipur,FAILED,Bank Server Down,No,4385
UPI2025001163,2025-02-01,12:48:06,PhonePe,P2P,Peer Transfer,382.16,SBI,IndusInd Bank,Android,5G,Bengaluru,FAILED,Duplicate Transaction Blocked,Yes,7354
UPI2025001164,2025-01-02,11:19:01,BHIM,P2P,Peer Transfer,3036.82,IndusInd Bank,IndusInd Bank,Android,4G,Noida,FAILED,Incorrect UPI PIN,Yes,3661
UPI2025001165,2025-12-05,17:09:38,PhonePe,P2M,Recharge/Bill Payment,4336.44,ICICI Bank,Canara Bank,Android,WiFi,Chennai,FAILED,Insufficient Balance,Yes,7140
UPI2025001166,2025-11-05,21:51:59,Google Pay,P2P,Peer Transfer,166.42,Punjab National Bank,HDFC Bank,Android,5G,Bengaluru,SUCCESS,N/A,N/A,1013
UPI2025001167,2025-08-23,08:39:58,PhonePe,P2P,Peer Transfer,13819.11,Canara Bank,Yes Bank,Android,4G,Bengaluru,SUCCESS,N/A,N/A,1743
UPI2025001168,2025-01-26,11:23:09,Google Pay,P2M,Grocery,2951.71,Canara Bank,Axis Bank,Android,WiFi,Noida,SUCCESS,N/A,N/A,2017
UPI2025001169,2025-12-20,17:48:53,PhonePe,P2M,Medical/Pharmacy,4951.06,Union Bank of India,HDFC Bank,iOS,5G,Bhopal,SUCCESS,N/A,N/A,2329
UPI2025001170,2025-10-21,15:12:18,PhonePe,P2P,Peer Transfer,259.77,Canara Bank,Axis Bank,Android,4G,Jaipur,FAILED,Insufficient Balance,Yes,5739
UPI2025001171,2025-08-06,14:24:19,PhonePe,P2M,Education Fee,194.23,Punjab National Bank,Yes Bank,iOS,4G,Mumbai,SUCCESS,N/A,N/A,2417
UPI2025001172,2025-08-17,18:36:34,Google Pay,P2P,Peer Transfer,322.33,Bank of Baroda,IDBI Bank,Android,WiFi,Jaipur,FAILED,Duplicate Transaction Blocked,Yes,4216
UPI2025001173,2025-11-17,17:27:47,PhonePe,P2P,Peer Transfer,63.12,ICICI Bank,Union Bank of India,Android,WiFi,Bengaluru,SUCCESS,N/A,N/A,200
UPI2025001174,2025-03-14,20:45:20,Google Pay,P2P,Peer Transfer,316.29,Axis Bank,Canara Bank,Android,4G,Jaipur,FAILED,Daily Transaction Limit Exceeded,No,9598
UPI2025001175,2025-01-02,20:42:52,Amazon Pay,P2M,E-commerce,34.66,Bank of Baroda,ICICI Bank,Android,WiFi,Delhi,FAILED,Transaction Timeout,No,6241
UPI2025001176,2025-04-11,20:27:43,PhonePe,P2P,Peer Transfer,76.67,Yes Bank,Punjab National Bank,iOS,5G,Hyderabad,SUCCESS,N/A,N/A,2653
UPI2025001177,2025-01-04,13:26:24,Google Pay,P2P,Peer Transfer,132.0,Axis Bank,Canara Bank,Android,5G,Delhi,SUCCESS,N/A,N/A,1971
UPI2025001178,2025-06-24,08:44:14,Google Pay,P2P,Peer Transfer,1139.82,HDFC Bank,HDFC Bank,Android,4G,Bhopal,SUCCESS,N/A,N/A,1767
UPI2025001179,2025-10-15,10:43:45,WhatsApp Pay,P2P,Peer Transfer,36.71,Kotak Mahindra Bank,Punjab National Bank,Android,5G,Bengaluru,SUCCESS,N/A,N/A,679
UPI2025001180,2025-06-03,19:56:12,WhatsApp Pay,P2P,Peer Transfer,106.87,Union Bank of India,Canara Bank,Android,4G,Noida,FAILED,Incorrect UPI PIN,No,4965
UPI2025001181,2025-03-13,06:44:51,Google Pay,P2P,Peer Transfer,4865.53,Kotak Mahindra Bank,IndusInd Bank,Android,4G,Delhi,SUCCESS,N/A,N/A,1186
UPI2025001182,2025-07-15,18:12:49,Google Pay,P2M,Recharge/Bill Payment,1155.33,Bank of Baroda,SBI,Android,WiFi,Amritsar,SUCCESS,N/A,N/A,2671
UPI2025001183,2025-03-19,20:03:25,PhonePe,P2P,Peer Transfer,393.55,Punjab National Bank,Union Bank of India,Android,4G,Chennai,FAILED,Bank Server Down,No,5764
UPI2025001184,2025-08-22,15:35:10,Google Pay,P2P,Peer Transfer,112.56,Bank of Baroda,SBI,Android,5G,Ludhiana,SUCCESS,N/A,N/A,1373
UPI2025001185,2025-03-07,18:20:23,Google Pay,P2P,Peer Transfer,9068.85,HDFC Bank,Yes Bank,Android,5G,Jaipur,SUCCESS,N/A,N/A,1060
UPI2025001186,2025-02-16,19:48:40,Google Pay,P2P,Peer Transfer,207.11,Union Bank of India,HDFC Bank,iOS,5G,Jaipur,SUCCESS,N/A,N/A,702
UPI2025001187,2025-08-28,12:58:47,Google Pay,P2P,Peer Transfer,2078.19,Canara Bank,IndusInd Bank,iOS,5G,Noida,SUCCESS,N/A,N/A,1447
UPI2025001188,2025-03-01,13:56:23,Google Pay,P2M,Travel,1181.35,Punjab National Bank,Yes Bank,iOS,WiFi,Lucknow,SUCCESS,N/A,N/A,884
UPI2025001189,2025-06-17,19:09:02,PhonePe,P2M,Travel,2150.25,IDBI Bank,Union Bank of India,Android,5G,Jalandhar,SUCCESS,N/A,N/A,1333
UPI2025001190,2025-06-13,20:29:46,PhonePe,P2P,Peer Transfer,293.5,Kotak Mahindra Bank,Canara Bank,Android,4G,Gurugram,FAILED,Incorrect UPI PIN,Yes,7150
UPI2025001191,2025-03-17,21:46:42,Paytm,P2P,Peer Transfer,4294.15,Bank of Baroda,Canara Bank,Android,4G,Ahmedabad,FAILED,Insufficient Balance,Yes,7827
UPI2025001192,2025-09-11,13:57:53,WhatsApp Pay,P2P,Peer Transfer,3230.22,IndusInd Bank,Kotak Mahindra Bank,Android,5G,Amritsar,SUCCESS,N/A,N/A,2074
UPI2025001193,2025-12-30,14:11:28,Google Pay,P2M,Recharge/Bill Payment,362.85,Axis Bank,Kotak Mahindra Bank,Android,5G,Chandigarh,SUCCESS,N/A,N/A,2786
UPI2025001194,2025-08-12,18:12:09,PhonePe,P2M,Recharge/Bill Payment,313.6,Canara Bank,Axis Bank,Android,5G,Gurugram,SUCCESS,N/A,N/A,200
UPI2025001195,2025-12-07,03:06:50,Google Pay,P2M,Grocery,12047.58,SBI,SBI,Android,4G,Lucknow,FAILED,Insufficient Balance,Yes,4506
UPI2025001196,2025-11-23,06:39:58,Google Pay,P2P,Peer Transfer,938.2,Canara Bank,Canara Bank,Android,4G,Bhopal,FAILED,NPCI Server Error,Yes,6959
UPI2025001197,2025-02-15,15:39:26,Google Pay,P2P,Peer Transfer,181.5,Union Bank of India,Yes Bank,iOS,5G,Pune,SUCCESS,N/A,N/A,3373
UPI2025001198,2025-09-15,21:58:28,Google Pay,P2M,Entertainment,135.28,SBI,ICICI Bank,Android,4G,Ludhiana,SUCCESS,N/A,N/A,2736
UPI2025001199,2025-11-14,12:28:37,PhonePe,P2M,Utility Bill,3031.95,Canara Bank,SBI,Android,WiFi,Mumbai,SUCCESS,N/A,N/A,2094
UPI2025001200,2025-01-27,09:39:19,Paytm,P2M,Utility Bill,435.18,ICICI Bank,HDFC Bank,Android,5G,Ahmedabad,SUCCESS,N/A,N/A,549
UPI2025001201,2025-11-02,06:38:51,PhonePe,P2P,Peer Transfer,79.96,IndusInd Bank,IndusInd Bank,Android,WiFi,Jalandhar,SUCCESS,N/A,N/A,1209
UPI2025001202,2025-07-22,20:01:31,Google Pay,P2M,Rent,365.03,ICICI Bank,SBI,Android,4G,Patiala,SUCCESS,N/A,N/A,1587
UPI2025001203,2025-04-16,18:48:42,PhonePe,P2M,Recharge/Bill Payment,247.78,HDFC Bank,Bank of Baroda,iOS,WiFi,Ludhiana,SUCCESS,N/A,N/A,475
UPI2025001204,2025-01-08,11:12:57,PhonePe,P2M,Fuel,267.71,Kotak Mahindra Bank,SBI,Android,4G,Gurugram,SUCCESS,N/A,N/A,563
UPI2025001205,2025-11-01,13:45:21,Google Pay,P2P,Peer Transfer,17488.53,Bank of Baroda,IDBI Bank,Android,4G,Mumbai,SUCCESS,N/A,N/A,2308
UPI2025001206,2025-12-23,17:51:42,Amazon Pay,P2P,Peer Transfer,327.38,Union Bank of India,HDFC Bank,Android,WiFi,Pune,FAILED,Bank Server Down,Yes,7771
UPI2025001207,2025-11-08,10:05:55,Google Pay,P2M,Medical/Pharmacy,277.42,IDBI Bank,SBI,iOS,5G,Chandigarh,SUCCESS,N/A,N/A,1696
UPI2025001208,2025-12-05,22:40:55,PhonePe,P2M,Grocery,737.19,Yes Bank,HDFC Bank,Android,4G,Mumbai,FAILED,Invalid VPA / Beneficiary Not Found,Yes,5633
UPI2025001209,2025-06-18,18:14:13,Google Pay,P2P,Peer Transfer,2789.18,HDFC Bank,Kotak Mahindra Bank,Android,5G,Jalandhar,SUCCESS,N/A,N/A,1418
UPI2025001210,2025-07-12,16:11:30,Google Pay,P2M,Grocery,1788.26,Yes Bank,IndusInd Bank,Android,5G,Mumbai,FAILED,Insufficient Balance,Yes,3593
UPI2025001211,2025-07-30,15:12:44,Google Pay,P2P,Peer Transfer,328.98,HDFC Bank,Axis Bank,Android,3G,Amritsar,SUCCESS,N/A,N/A,3238
UPI2025001212,2025-11-21,16:38:26,PhonePe,P2P,Peer Transfer,13.61,Punjab National Bank,Axis Bank,iOS,5G,Gurugram,FAILED,NPCI Server Error,No,5967
UPI2025001213,2025-04-20,18:04:03,Google Pay,P2P,Peer Transfer,461.18,Bank of Baroda,IDBI Bank,Android,4G,Chennai,FAILED,Invalid VPA / Beneficiary Not Found,Yes,4810
UPI2025001214,2025-08-17,18:58:23,Paytm,P2M,Peer Transfer,41.8,IndusInd Bank,Yes Bank,Android,WiFi,Chennai,SUCCESS,N/A,N/A,2158
UPI2025001215,2025-11-11,14:31:19,Paytm,P2M,E-commerce,233.18,Bank of Baroda,Union Bank of India,Android,4G,Lucknow,SUCCESS,N/A,N/A,2959
UPI2025001216,2025-12-08,13:59:50,BHIM,P2M,Entertainment,47098.54,Kotak Mahindra Bank,Canara Bank,Android,4G,Jaipur,SUCCESS,N/A,N/A,1813
UPI2025001217,2025-01-10,20:50:20,PhonePe,P2P,Peer Transfer,677.38,Yes Bank,ICICI Bank,Android,WiFi,Amritsar,FAILED,PIN Retry Limit Exceeded,Yes,5931
UPI2025001218,2025-01-07,12:09:17,PhonePe,P2P,Peer Transfer,1609.95,SBI,Canara Bank,Android,WiFi,Bhopal,SUCCESS,N/A,N/A,3954
UPI2025001219,2025-03-15,14:46:31,PhonePe,P2M,Grocery,283.05,ICICI Bank,Canara Bank,Android,4G,Kolkata,SUCCESS,N/A,N/A,1646
UPI2025001220,2025-08-25,11:15:33,WhatsApp Pay,P2P,Peer Transfer,377.58,Axis Bank,Kotak Mahindra Bank,iOS,5G,Kolkata,SUCCESS,N/A,N/A,1068
UPI2025001221,2025-09-23,16:39:07,PhonePe,P2P,Peer Transfer,1982.89,Union Bank of India,Punjab National Bank,Android,5G,Chandigarh,SUCCESS,N/A,N/A,2456
UPI2025001222,2025-07-03,06:28:23,PhonePe,P2M,Medical/Pharmacy,4430.13,Axis Bank,Bank of Baroda,Android,WiFi,Noida,SUCCESS,N/A,N/A,2116
UPI2025001223,2025-08-04,12:50:21,Paytm,P2M,Peer Transfer,28043.99,ICICI Bank,Bank of Baroda,iOS,4G,Pune,SUCCESS,N/A,N/A,1675
UPI2025001224,2025-04-07,14:30:56,Google Pay,P2P,Peer Transfer,429.72,Union Bank of India,HDFC Bank,Android,4G,Gurugram,SUCCESS,N/A,N/A,1418
UPI2025001225,2025-08-23,20:46:17,Google Pay,P2M,Fuel,198.92,Kotak Mahindra Bank,Axis Bank,Android,4G,Delhi,SUCCESS,N/A,N/A,1781
UPI2025001226,2025-03-28,16:20:22,BHIM,P2P,Peer Transfer,38.54,Canara Bank,Union Bank of India,Android,4G,Kolkata,SUCCESS,N/A,N/A,2060
UPI2025001227,2025-07-28,09:51:41,Google Pay,P2P,Peer Transfer,474.31,IndusInd Bank,IndusInd Bank,Android,5G,Jalandhar,SUCCESS,N/A,N/A,1980
UPI2025001228,2025-07-15,11:50:24,PhonePe,P2P,Peer Transfer,442.0,SBI,Punjab National Bank,Android,4G,Patiala,FAILED,Beneficiary Bank Server Down,No,4701
UPI2025001229,2025-02-27,13:24:35,Google Pay,P2P,Peer Transfer,280.82,Canara Bank,Bank of Baroda,Android,4G,Chennai,SUCCESS,N/A,N/A,2660
UPI2025001230,2025-08-16,08:01:07,Google Pay,P2P,Peer Transfer,484.72,Bank of Baroda,Union Bank of India,Android,WiFi,Jaipur,SUCCESS,N/A,N/A,3892
UPI2025001231,2025-09-02,13:20:25,Google Pay,P2M,Medical/Pharmacy,422.14,IndusInd Bank,SBI,Android,5G,Gurugram,FAILED,Invalid VPA / Beneficiary Not Found,Yes,1716
UPI2025001232,2025-01-25,21:08:09,Google Pay,P2P,Peer Transfer,2062.8,ICICI Bank,IDBI Bank,Android,3G,Kolkata,FAILED,Bank Server Down,Yes,7908
UPI2025001233,2025-06-05,15:33:26,Paytm,P2P,Peer Transfer,474.91,Kotak Mahindra Bank,IDBI Bank,iOS,WiFi,Chennai,FAILED,Invalid VPA / Beneficiary Not Found,No,2966
UPI2025001234,2025-03-30,10:41:43,PhonePe,P2M,E-commerce,3948.58,SBI,Yes Bank,Android,4G,Pune,SUCCESS,N/A,N/A,1861
UPI2025001235,2025-12-05,08:20:20,PhonePe,P2P,Peer Transfer,37128.11,Yes Bank,Yes Bank,Android,4G,Ludhiana,SUCCESS,N/A,N/A,873
UPI2025001236,2025-09-28,13:04:02,Google Pay,P2P,Peer Transfer,268.81,SBI,Axis Bank,Android,4G,Mumbai,SUCCESS,N/A,N/A,1841
UPI2025001237,2025-05-23,14:53:10,PhonePe,P2P,Peer Transfer,315.06,ICICI Bank,Union Bank of India,Android,5G,Hyderabad,SUCCESS,N/A,N/A,1679
UPI2025001238,2025-07-18,12:53:12,Paytm,P2P,Peer Transfer,217.94,Punjab National Bank,Bank of Baroda,iOS,4G,Ahmedabad,SUCCESS,N/A,N/A,2267
UPI2025001239,2025-06-23,16:41:42,PhonePe,P2P,Peer Transfer,211.3,Kotak Mahindra Bank,Axis Bank,Android,WiFi,Jalandhar,FAILED,Transaction Timeout,No,3984
UPI2025001240,2025-11-20,17:13:56,PhonePe,P2P,Peer Transfer,118.67,Punjab National Bank,Bank of Baroda,Android,4G,Hyderabad,FAILED,Insufficient Balance,Yes,4360
UPI2025001241,2025-11-19,09:21:13,PhonePe,P2M,Entertainment,544.86,IDBI Bank,Kotak Mahindra Bank,iOS,5G,Amritsar,SUCCESS,N/A,N/A,1934
UPI2025001242,2025-07-06,15:18:50,CRED,P2M,Grocery,3574.29,Axis Bank,HDFC Bank,iOS,5G,Ludhiana,SUCCESS,N/A,N/A,1888
UPI2025001243,2025-12-28,00:28:24,Paytm,P2P,Peer Transfer,424.3,ICICI Bank,HDFC Bank,Android,4G,Patiala,SUCCESS,N/A,N/A,2231
UPI2025001244,2025-05-25,06:26:41,Google Pay,P2P,Peer Transfer,490.57,SBI,HDFC Bank,Android,WiFi,Jalandhar,FAILED,Transaction Timeout,No,5957
UPI2025001245,2025-11-04,03:59:59,PhonePe,P2P,Peer Transfer,7999.69,SBI,HDFC Bank,Android,WiFi,Bhopal,SUCCESS,N/A,N/A,2730
UPI2025001246,2025-01-09,17:30:04,Paytm,P2P,Peer Transfer,281.76,ICICI Bank,Axis Bank,Android,4G,Noida,SUCCESS,N/A,N/A,1433
UPI2025001247,2025-06-30,13:00:36,Amazon Pay,P2M,Fuel,1626.61,Yes Bank,HDFC Bank,Android,5G,Jalandhar,SUCCESS,N/A,N/A,3848
UPI2025001248,2025-01-10,17:55:12,Google Pay,P2M,Grocery,102.36,Canara Bank,SBI,iOS,WiFi,Patiala,SUCCESS,N/A,N/A,1032
UPI2025001249,2025-09-30,14:14:45,BHIM,P2P,Peer Transfer,252.46,SBI,Punjab National Bank,Android,5G,Noida,SUCCESS,N/A,N/A,1634
UPI2025001250,2025-05-25,17:23:46,PhonePe,P2M,Medical/Pharmacy,173.71,ICICI Bank,Bank of Baroda,Android,5G,Lucknow,SUCCESS,N/A,N/A,782
UPI2025001251,2025-05-15,18:09:52,Paytm,P2P,Peer Transfer,382.89,Canara Bank,Yes Bank,Android,4G,Hyderabad,SUCCESS,N/A,N/A,1110
UPI2025001252,2025-05-10,21:41:29,PhonePe,P2P,Peer Transfer,100.07,Union Bank of India,Yes Bank,Android,5G,Chandigarh,SUCCESS,N/A,N/A,784
UPI2025001253,2025-07-29,16:47:10,BHIM,P2M,E-commerce,351.54,IndusInd Bank,ICICI Bank,iOS,4G,Patiala,SUCCESS,N/A,N/A,1687
UPI2025001254,2025-07-14,15:33:06,PhonePe,P2M,Recharge/Bill Payment,4465.66,Punjab National Bank,Union Bank of India,Android,5G,Kolkata,SUCCESS,N/A,N/A,1814
UPI2025001255,2025-05-07,18:51:23,PhonePe,P2M,Travel,460.82,Kotak Mahindra Bank,Union Bank of India,Android,4G,Patiala,SUCCESS,N/A,N/A,1467
UPI2025001256,2025-02-11,10:41:29,Google Pay,P2M,Education Fee,337.89,IDBI Bank,Axis Bank,Android,5G,Mumbai,SUCCESS,N/A,N/A,1992
UPI2025001257,2025-04-30,10:25:19,BHIM,P2P,Peer Transfer,103.62,Union Bank of India,Yes Bank,Android,4G,Ludhiana,SUCCESS,N/A,N/A,2726
UPI2025001258,2025-03-22,09:49:43,Google Pay,P2M,Travel,377.01,Punjab National Bank,Canara Bank,iOS,5G,Ludhiana,SUCCESS,N/A,N/A,1496
UPI2025001259,2025-04-27,12:23:13,Google Pay,P2M,Utility Bill,461.17,IndusInd Bank,IndusInd Bank,Android,4G,Noida,SUCCESS,N/A,N/A,2843
UPI2025001260,2025-07-14,11:01:16,Paytm,P2M,Travel,266.41,Kotak Mahindra Bank,Union Bank of India,Android,5G,Lucknow,SUCCESS,N/A,N/A,1344
UPI2025001261,2025-09-23,14:01:24,Google Pay,P2P,Peer Transfer,1887.58,Canara Bank,HDFC Bank,Android,4G,Bengaluru,SUCCESS,N/A,N/A,2061
UPI2025001262,2025-10-18,11:38:30,Google Pay,P2M,Entertainment,2170.72,Punjab National Bank,Union Bank of India,Android,4G,Ludhiana,SUCCESS,N/A,N/A,1343
UPI2025001263,2025-08-19,19:49:01,WhatsApp Pay,P2P,Peer Transfer,65.48,Canara Bank,HDFC Bank,Android,5G,Jaipur,SUCCESS,N/A,N/A,1414
UPI2025001264,2025-07-28,17:03:16,PhonePe,P2P,Peer Transfer,3617.95,IDBI Bank,Union Bank of India,iOS,4G,Amritsar,FAILED,Transaction Timeout,Yes,5331
UPI2025001265,2025-09-24,08:53:04,Google Pay,P2P,Peer Transfer,211.89,Canara Bank,Axis Bank,Android,WiFi,Amritsar,SUCCESS,N/A,N/A,541
UPI2025001266,2025-01-18,11:14:21,BHIM,P2P,Peer Transfer,454.36,IndusInd Bank,Canara Bank,Android,5G,Bengaluru,FAILED,Insufficient Balance,No,6905
UPI2025001267,2025-08-24,15:28:31,PhonePe,P2P,Peer Transfer,4073.61,IDBI Bank,Kotak Mahindra Bank,Android,5G,Bhopal,FAILED,Beneficiary Bank Server Down,Yes,3300
UPI2025001268,2025-08-05,17:04:04,Google Pay,P2P,Peer Transfer,4533.16,Yes Bank,Bank of Baroda,Android,4G,Chandigarh,FAILED,Insufficient Balance,No,1382
UPI2025001269,2025-09-16,09:42:34,PhonePe,P2P,Peer Transfer,53.5,Punjab National Bank,Canara Bank,Android,4G,Patiala,FAILED,Insufficient Balance,Yes,3566
UPI2025001270,2025-04-27,08:44:25,Google Pay,P2M,Food Delivery,133.08,SBI,Union Bank of India,Android,4G,Gurugram,FAILED,NPCI Server Error,Yes,1534
UPI2025001271,2025-12-24,10:30:51,Google Pay,P2P,Peer Transfer,2488.34,Yes Bank,Canara Bank,Android,4G,Bhopal,SUCCESS,N/A,N/A,2045
UPI2025001272,2025-07-30,19:04:09,Paytm,P2M,Food Delivery,172.68,Union Bank of India,ICICI Bank,Android,3G,Mumbai,SUCCESS,N/A,N/A,2175
UPI2025001273,2025-04-06,16:26:53,Paytm,P2P,Peer Transfer,179.36,Axis Bank,Punjab National Bank,Android,4G,Kolkata,SUCCESS,N/A,N/A,597
UPI2025001274,2025-01-11,09:46:59,PhonePe,P2M,E-commerce,282.09,Canara Bank,IndusInd Bank,Android,4G,Gurugram,SUCCESS,N/A,N/A,2451
UPI2025001275,2025-09-08,20:40:10,Google Pay,P2P,Peer Transfer,433.56,Union Bank of India,Punjab National Bank,Android,5G,Patiala,FAILED,Insufficient Balance,No,1559
UPI2025001276,2025-02-26,18:02:23,Google Pay,P2M,Medical/Pharmacy,276.31,Punjab National Bank,Canara Bank,Android,5G,Kolkata,SUCCESS,N/A,N/A,663
UPI2025001277,2025-11-29,21:32:31,PhonePe,P2M,Utility Bill,4114.45,IDBI Bank,IndusInd Bank,Android,5G,Chandigarh,SUCCESS,N/A,N/A,704
UPI2025001278,2025-02-05,17:21:34,PhonePe,P2P,Peer Transfer,1826.16,Yes Bank,HDFC Bank,Android,4G,Ahmedabad,SUCCESS,N/A,N/A,3027
UPI2025001279,2025-03-30,11:57:20,Amazon Pay,P2P,Peer Transfer,1862.45,IndusInd Bank,Axis Bank,Android,WiFi,Gurugram,SUCCESS,N/A,N/A,1871
UPI2025001280,2025-04-19,10:27:42,Paytm,P2M,Rent,334.12,IndusInd Bank,ICICI Bank,Android,5G,Lucknow,SUCCESS,N/A,N/A,2482
UPI2025001281,2025-08-03,11:51:29,PhonePe,P2M,Fuel,357.36,ICICI Bank,HDFC Bank,Android,4G,Kolkata,FAILED,Transaction Timeout,Yes,4241
UPI2025001282,2025-04-06,12:45:17,WhatsApp Pay,P2P,Peer Transfer,123.06,Canara Bank,Union Bank of India,Android,4G,Bengaluru,SUCCESS,N/A,N/A,1033
UPI2025001283,2025-11-12,15:25:00,Google Pay,P2P,Peer Transfer,415.51,Punjab National Bank,Canara Bank,iOS,5G,Hyderabad,SUCCESS,N/A,N/A,1208
UPI2025001284,2025-06-13,09:03:27,Paytm,P2P,Peer Transfer,481.16,Canara Bank,IndusInd Bank,Android,4G,Chandigarh,FAILED,Bank Server Down,No,3979
UPI2025001285,2025-01-22,04:04:17,Google Pay,P2P,Peer Transfer,467.39,Union Bank of India,Punjab National Bank,Android,5G,Patiala,FAILED,NPCI Server Error,No,6668
UPI2025001286,2025-01-04,07:39:46,Google Pay,P2P,Peer Transfer,243.78,Kotak Mahindra Bank,Axis Bank,Android,5G,Hyderabad,SUCCESS,N/A,N/A,1989
UPI2025001287,2025-05-18,19:09:01,PhonePe,P2P,Peer Transfer,496.49,Bank of Baroda,Axis Bank,iOS,4G,Bhopal,SUCCESS,N/A,N/A,1315
UPI2025001288,2025-03-04,07:47:39,CRED,P2P,Peer Transfer,10.7,Punjab National Bank,Canara Bank,Android,4G,Pune,SUCCESS,N/A,N/A,1570
UPI2025001289,2025-03-06,20:58:14,Google Pay,P2M,Travel,499.61,SBI,Axis Bank,Android,5G,Jaipur,SUCCESS,N/A,N/A,1338
UPI2025001290,2025-04-01,07:05:26,Paytm,P2M,Travel,398.49,Canara Bank,ICICI Bank,iOS,WiFi,Ludhiana,SUCCESS,N/A,N/A,1078
UPI2025001291,2025-04-16,09:43:31,PhonePe,P2P,Peer Transfer,1977.15,Union Bank of India,Bank of Baroda,Android,5G,Chennai,SUCCESS,N/A,N/A,851
UPI2025001292,2025-05-25,08:04:38,BHIM,P2P,Peer Transfer,220.62,Yes Bank,Kotak Mahindra Bank,Android,4G,Lucknow,SUCCESS,N/A,N/A,2185
UPI2025001293,2025-04-07,18:57:14,PhonePe,P2M,Peer Transfer,494.75,Canara Bank,SBI,Android,5G,Chennai,SUCCESS,N/A,N/A,200
UPI2025001294,2025-01-09,12:22:23,PhonePe,P2M,Travel,4436.36,Canara Bank,Kotak Mahindra Bank,Android,4G,Pune,SUCCESS,N/A,N/A,1830
UPI2025001295,2025-12-21,23:30:10,Google Pay,P2P,Peer Transfer,426.78,IndusInd Bank,Yes Bank,Android,4G,Delhi,SUCCESS,N/A,N/A,331
UPI2025001296,2025-05-22,05:14:05,Paytm,P2M,Education Fee,239.02,ICICI Bank,HDFC Bank,Android,4G,Hyderabad,SUCCESS,N/A,N/A,985
UPI2025001297,2025-04-24,08:27:17,Amazon Pay,P2P,Peer Transfer,58.04,ICICI Bank,Axis Bank,Android,4G,Mumbai,SUCCESS,N/A,N/A,1628
UPI2025001298,2025-08-11,17:50:55,WhatsApp Pay,P2P,Peer Transfer,222.29,IDBI Bank,ICICI Bank,Android,4G,Amritsar,SUCCESS,N/A,N/A,452
UPI2025001299,2025-11-10,22:38:45,Google Pay,P2M,Recharge/Bill Payment,173.52,HDFC Bank,Punjab National Bank,Android,WiFi,Bhopal,SUCCESS,N/A,N/A,813
UPI2025001300,2025-10-08,09:34:59,Google Pay,P2M,Fuel,4696.27,SBI,Bank of Baroda,Android,4G,Gurugram,SUCCESS,N/A,N/A,1738
UPI2025001301,2025-06-02,08:03:30,Google Pay,P2M,Medical/Pharmacy,48886.0,ICICI Bank,Axis Bank,Android,4G,Pune,SUCCESS,N/A,N/A,2347
UPI2025001302,2025-10-03,07:15:10,Paytm,P2M,Recharge/Bill Payment,106.65,SBI,HDFC Bank,Android,5G,Noida,SUCCESS,N/A,N/A,1298
UPI2025001303,2025-06-03,15:46:25,Amazon Pay,P2M,Medical/Pharmacy,28018.65,Canara Bank,Yes Bank,Android,5G,Jaipur,SUCCESS,N/A,N/A,3015
UPI2025001304,2025-07-23,21:10:32,BHIM,P2P,Peer Transfer,88.1,ICICI Bank,SBI,Android,4G,Ahmedabad,FAILED,Technical Decline by Issuer,Yes,1474
UPI2025001305,2025-04-27,12:20:31,Google Pay,P2P,Peer Transfer,69.37,SBI,Axis Bank,Android,4G,Chandigarh,SUCCESS,N/A,N/A,602
UPI2025001306,2025-04-28,12:09:01,Amazon Pay,P2P,Peer Transfer,15204.14,Canara Bank,Punjab National Bank,Android,5G,Jalandhar,SUCCESS,N/A,N/A,200
UPI2025001307,2025-06-11,22:15:09,Amazon Pay,P2P,Peer Transfer,455.12,HDFC Bank,Punjab National Bank,Android,WiFi,Patiala,FAILED,Incorrect UPI PIN,No,1677
UPI2025001308,2025-08-03,14:59:55,BHIM,P2P,Peer Transfer,8235.8,HDFC Bank,Bank of Baroda,Android,5G,Ludhiana,SUCCESS,N/A,N/A,2522
UPI2025001309,2025-02-26,18:35:17,Google Pay,P2M,Medical/Pharmacy,479.31,Union Bank of India,Axis Bank,Android,4G,Chennai,SUCCESS,N/A,N/A,731
UPI2025001310,2025-05-07,11:03:51,PhonePe,P2M,Travel,293.26,HDFC Bank,Canara Bank,Android,4G,Bhopal,SUCCESS,N/A,N/A,1442
UPI2025001311,2025-08-08,14:09:59,BHIM,P2M,Rent,313.8,Bank of Baroda,Yes Bank,Android,4G,Chandigarh,SUCCESS,N/A,N/A,1326
UPI2025001312,2025-03-18,07:24:17,PhonePe,P2P,Peer Transfer,386.69,SBI,SBI,iOS,4G,Jalandhar,SUCCESS,N/A,N/A,1328
UPI2025001313,2025-11-17,20:27:35,PhonePe,P2M,Recharge/Bill Payment,47443.81,Axis Bank,SBI,iOS,4G,Noida,SUCCESS,N/A,N/A,1286
UPI2025001314,2025-03-27,13:10:59,Paytm,P2M,Medical/Pharmacy,25726.21,HDFC Bank,HDFC Bank,Android,3G,Noida,SUCCESS,N/A,N/A,738
UPI2025001315,2025-04-11,15:35:56,Amazon Pay,P2M,Medical/Pharmacy,2226.05,IDBI Bank,Bank of Baroda,Android,5G,Gurugram,SUCCESS,N/A,N/A,1105
UPI2025001316,2025-11-10,16:57:15,Google Pay,P2P,Peer Transfer,1398.07,SBI,Kotak Mahindra Bank,Android,5G,Noida,SUCCESS,N/A,N/A,203
UPI2025001317,2025-06-07,05:37:19,BHIM,P2M,Education Fee,735.56,Punjab National Bank,HDFC Bank,Android,WiFi,Pune,SUCCESS,N/A,N/A,1748
UPI2025001318,2025-03-01,21:44:34,PhonePe,P2P,Peer Transfer,213.87,Kotak Mahindra Bank,IDBI Bank,Android,4G,Pune,FAILED,Beneficiary Bank Server Down,No,6867
UPI2025001319,2025-01-26,18:59:56,Google Pay,P2P,Peer Transfer,22071.45,Kotak Mahindra Bank,Kotak Mahindra Bank,Android,4G,Lucknow,FAILED,Incorrect UPI PIN,No,1800
UPI2025001320,2025-07-11,21:25:37,Google Pay,P2P,Peer Transfer,467.86,Kotak Mahindra Bank,Axis Bank,Android,4G,Amritsar,SUCCESS,N/A,N/A,3391
UPI2025001321,2025-08-19,12:05:06,Google Pay,P2P,Peer Transfer,678.01,IDBI Bank,SBI,Android,WiFi,Chandigarh,SUCCESS,N/A,N/A,2678
UPI2025001322,2025-01-01,13:02:08,Google Pay,P2M,Rent,167.08,Bank of Baroda,Yes Bank,Android,5G,Delhi,FAILED,Incorrect UPI PIN,Yes,7298
UPI2025001323,2025-08-15,06:02:39,Google Pay,P2M,Entertainment,2638.27,Axis Bank,ICICI Bank,Android,5G,Gurugram,FAILED,Transaction Timeout,Yes,565
UPI2025001324,2025-06-29,16:16:10,Paytm,P2P,Peer Transfer,407.86,IDBI Bank,Union Bank of India,Android,5G,Delhi,SUCCESS,N/A,N/A,1780
UPI2025001325,2025-05-12,17:44:30,BHIM,P2P,Peer Transfer,287.5,Bank of Baroda,Union Bank of India,Android,WiFi,Patiala,SUCCESS,N/A,N/A,1647
UPI2025001326,2025-04-02,18:54:19,Paytm,P2P,Peer Transfer,228.92,Axis Bank,Axis Bank,Android,4G,Delhi,SUCCESS,N/A,N/A,3273
UPI2025001327,2025-02-15,08:28:08,Google Pay,P2M,Rent,36618.33,HDFC Bank,Punjab National Bank,Android,4G,Noida,SUCCESS,N/A,N/A,200
UPI2025001328,2025-02-17,21:42:42,PhonePe,P2M,E-commerce,477.31,IndusInd Bank,Punjab National Bank,iOS,5G,Lucknow,FAILED,Insufficient Balance,Yes,5990
UPI2025001329,2025-01-13,19:51:16,PhonePe,P2M,Travel,422.85,Canara Bank,Canara Bank,Android,WiFi,Chennai,FAILED,Bank Server Down,No,5361
UPI2025001330,2025-06-14,17:58:48,PhonePe,P2P,Peer Transfer,39.73,IDBI Bank,ICICI Bank,Android,WiFi,Patiala,FAILED,NPCI Server Error,Yes,1948
UPI2025001331,2025-01-17,20:15:32,PhonePe,P2M,Travel,376.85,Punjab National Bank,Axis Bank,Android,4G,Lucknow,SUCCESS,N/A,N/A,1948
UPI2025001332,2025-11-07,16:21:00,Google Pay,P2P,Peer Transfer,468.06,Union Bank of India,Axis Bank,Android,5G,Gurugram,SUCCESS,N/A,N/A,556
UPI2025001333,2025-06-01,20:37:39,Amazon Pay,P2M,Rent,220.43,Axis Bank,Kotak Mahindra Bank,Android,5G,Bhopal,SUCCESS,N/A,N/A,1595
UPI2025001334,2025-10-21,13:18:21,Google Pay,P2M,Food Delivery,35016.66,IndusInd Bank,Yes Bank,Android,WiFi,Chennai,SUCCESS,N/A,N/A,1672
UPI2025001335,2025-08-25,15:59:20,BHIM,P2P,Peer Transfer,179.35,Axis Bank,Canara Bank,iOS,WiFi,Pune,SUCCESS,N/A,N/A,2254
UPI2025001336,2025-08-14,10:16:00,PhonePe,P2M,Entertainment,181.81,SBI,Axis Bank,Android,4G,Delhi,SUCCESS,N/A,N/A,2363
UPI2025001337,2025-11-08,19:34:52,Amazon Pay,P2P,Peer Transfer,1437.04,Kotak Mahindra Bank,SBI,iOS,WiFi,Ahmedabad,SUCCESS,N/A,N/A,1029
UPI2025001338,2025-09-15,05:37:13,PhonePe,P2M,E-commerce,257.09,Union Bank of India,Punjab National Bank,iOS,4G,Kolkata,FAILED,Daily Transaction Limit Exceeded,Yes,3276
UPI2025001339,2025-06-16,06:41:15,WhatsApp Pay,P2P,Peer Transfer,3864.43,SBI,HDFC Bank,Android,4G,Ahmedabad,SUCCESS,N/A,N/A,1655
UPI2025001340,2025-06-11,08:27:13,Paytm,P2M,Fuel,29.63,Bank of Baroda,HDFC Bank,Android,5G,Bhopal,SUCCESS,N/A,N/A,4050
UPI2025001341,2025-01-30,23:55:07,BHIM,P2P,Peer Transfer,336.69,SBI,Axis Bank,Android,WiFi,Hyderabad,SUCCESS,N/A,N/A,2901
UPI2025001342,2025-02-14,18:21:07,PhonePe,P2P,Peer Transfer,2518.85,Union Bank of India,Canara Bank,Android,5G,Mumbai,SUCCESS,N/A,N/A,1622
UPI2025001343,2025-02-05,12:24:51,Google Pay,P2P,Peer Transfer,394.15,Punjab National Bank,IDBI Bank,iOS,WiFi,Mumbai,SUCCESS,N/A,N/A,1644
UPI2025001344,2025-03-05,08:10:33,BHIM,P2P,Peer Transfer,367.47,Union Bank of India,Axis Bank,iOS,5G,Ludhiana,SUCCESS,N/A,N/A,2374
UPI2025001345,2025-06-01,18:27:06,BHIM,P2P,Peer Transfer,440.34,Kotak Mahindra Bank,Axis Bank,Android,5G,Mumbai,SUCCESS,N/A,N/A,859
UPI2025001346,2025-10-17,10:42:59,Amazon Pay,P2M,Travel,45482.56,Canara Bank,Union Bank of India,Android,4G,Delhi,FAILED,Insufficient Balance,No,4447
UPI2025001347,2025-01-07,23:59:23,Paytm,P2M,Medical/Pharmacy,2841.04,Kotak Mahindra Bank,IDBI Bank,iOS,4G,Bengaluru,SUCCESS,N/A,N/A,2045
UPI2025001348,2025-08-07,18:37:08,PhonePe,P2M,Medical/Pharmacy,26.81,Union Bank of India,Union Bank of India,Android,WiFi,Kolkata,SUCCESS,N/A,N/A,901
UPI2025001349,2025-07-28,19:18:02,BHIM,P2M,Recharge/Bill Payment,188.87,SBI,Punjab National Bank,Android,WiFi,Chandigarh,SUCCESS,N/A,N/A,586
UPI2025001350,2025-11-27,13:04:33,PhonePe,P2M,Travel,3368.32,Canara Bank,Punjab National Bank,Android,3G,Kolkata,FAILED,Insufficient Balance,Yes,4531
UPI2025001351,2025-07-23,16:54:06,PhonePe,P2M,Medical/Pharmacy,174.45,HDFC Bank,Punjab National Bank,iOS,4G,Jalandhar,SUCCESS,N/A,N/A,2867
UPI2025001352,2025-01-31,10:17:19,BHIM,P2M,Food Delivery,9092.1,Union Bank of India,Union Bank of India,Android,5G,Bhopal,SUCCESS,N/A,N/A,3186
UPI2025001353,2025-08-03,17:06:57,PhonePe,P2M,Travel,347.75,SBI,Punjab National Bank,Android,4G,Delhi,FAILED,Insufficient Balance,No,5318
UPI2025001354,2025-01-02,07:30:02,PhonePe,P2P,Peer Transfer,1406.3,Bank of Baroda,Kotak Mahindra Bank,Android,5G,Bhopal,SUCCESS,N/A,N/A,1550
UPI2025001355,2025-04-07,06:10:11,Paytm,P2M,Utility Bill,138.22,IndusInd Bank,IDBI Bank,Android,5G,Chandigarh,FAILED,PIN Retry Limit Exceeded,No,4072
UPI2025001356,2025-07-17,10:26:00,Paytm,P2M,E-commerce,362.96,Punjab National Bank,IndusInd Bank,Android,4G,Patiala,FAILED,Daily Transaction Limit Exceeded,Yes,6440
UPI2025001357,2025-07-24,11:08:25,CRED,P2P,Peer Transfer,263.39,Kotak Mahindra Bank,IndusInd Bank,Android,WiFi,Bengaluru,SUCCESS,N/A,N/A,2393
UPI2025001358,2025-04-10,17:31:00,CRED,P2P,Peer Transfer,1051.17,Kotak Mahindra Bank,IndusInd Bank,Android,4G,Amritsar,SUCCESS,N/A,N/A,3389
UPI2025001359,2025-08-14,07:42:15,Google Pay,P2M,Rent,210.91,SBI,Axis Bank,Android,4G,Jaipur,FAILED,Incorrect UPI PIN,No,5280
UPI2025001360,2025-08-12,00:13:45,Google Pay,P2P,Peer Transfer,148.51,IDBI Bank,SBI,Android,4G,Chandigarh,SUCCESS,N/A,N/A,1661
UPI2025001361,2025-11-02,07:23:20,CRED,P2P,Peer Transfer,3823.43,Kotak Mahindra Bank,Yes Bank,Android,5G,Chandigarh,FAILED,Bank Server Down,No,2878
UPI2025001362,2025-11-30,21:15:31,PhonePe,P2P,Peer Transfer,473.43,Punjab National Bank,Kotak Mahindra Bank,Android,5G,Delhi,SUCCESS,N/A,N/A,2130
UPI2025001363,2025-11-20,05:29:33,Google Pay,P2M,Recharge/Bill Payment,467.46,Kotak Mahindra Bank,HDFC Bank,Android,4G,Ludhiana,SUCCESS,N/A,N/A,3676
UPI2025001364,2025-10-24,15:37:29,PhonePe,P2P,Peer Transfer,967.82,Yes Bank,Axis Bank,Android,4G,Noida,SUCCESS,N/A,N/A,892
UPI2025001365,2025-04-15,08:14:28,Amazon Pay,P2M,Travel,142.47,SBI,Axis Bank,Android,WiFi,Gurugram,SUCCESS,N/A,N/A,2484
UPI2025001366,2025-02-26,07:46:23,PhonePe,P2P,Peer Transfer,2349.2,IDBI Bank,HDFC Bank,Android,WiFi,Jaipur,FAILED,Transaction Timeout,No,1014
UPI2025001367,2025-04-04,20:16:51,Google Pay,P2M,Peer Transfer,358.45,Yes Bank,Union Bank of India,Android,5G,Amritsar,SUCCESS,N/A,N/A,1011
UPI2025001368,2025-07-25,00:01:20,Paytm,P2M,Grocery,4490.74,Union Bank of India,Kotak Mahindra Bank,Android,4G,Ahmedabad,SUCCESS,N/A,N/A,1074
UPI2025001369,2025-06-14,10:51:17,PhonePe,P2M,Peer Transfer,2642.26,Yes Bank,Kotak Mahindra Bank,Android,4G,Jaipur,SUCCESS,N/A,N/A,1806
UPI2025001370,2025-03-18,20:20:02,BHIM,P2M,Education Fee,2343.02,Bank of Baroda,Canara Bank,Android,4G,Bhopal,FAILED,Insufficient Balance,No,1542
UPI2025001371,2025-02-23,10:55:02,Google Pay,P2M,Food Delivery,121.77,Kotak Mahindra Bank,Union Bank of India,Android,3G,Bhopal,SUCCESS,N/A,N/A,4047
UPI2025001372,2025-02-22,09:13:13,PhonePe,P2P,Peer Transfer,284.35,SBI,Punjab National Bank,Android,4G,Hyderabad,SUCCESS,N/A,N/A,1841
UPI2025001373,2025-12-12,13:13:05,PhonePe,P2P,Peer Transfer,2937.92,Axis Bank,IndusInd Bank,Android,WiFi,Bhopal,SUCCESS,N/A,N/A,943
UPI2025001374,2025-12-31,18:02:30,Paytm,P2M,Rent,264.02,Union Bank of India,ICICI Bank,Android,WiFi,Noida,SUCCESS,N/A,N/A,1492
UPI2025001375,2025-03-26,19:56:21,Google Pay,P2P,Peer Transfer,2329.86,Union Bank of India,IndusInd Bank,Android,4G,Lucknow,SUCCESS,N/A,N/A,658
UPI2025001376,2025-10-20,13:44:10,Google Pay,P2M,Utility Bill,2791.01,HDFC Bank,Yes Bank,Android,4G,Amritsar,SUCCESS,N/A,N/A,1648
UPI2025001377,2025-01-18,18:12:52,Google Pay,P2P,Peer Transfer,47196.71,ICICI Bank,Punjab National Bank,Android,4G,Chandigarh,FAILED,Invalid VPA / Beneficiary Not Found,No,3700
UPI2025001378,2025-05-23,16:56:48,Google Pay,P2P,Peer Transfer,448.59,Yes Bank,Kotak Mahindra Bank,Android,WiFi,Noida,SUCCESS,N/A,N/A,1129
UPI2025001379,2025-03-08,12:34:11,Paytm,P2P,Peer Transfer,474.24,Kotak Mahindra Bank,HDFC Bank,Android,4G,Patiala,FAILED,Incorrect UPI PIN,No,4616
UPI2025001380,2025-04-14,17:45:35,Amazon Pay,P2M,Peer Transfer,2630.46,Union Bank of India,IndusInd Bank,iOS,WiFi,Amritsar,SUCCESS,N/A,N/A,1256
UPI2025001381,2025-08-19,15:36:13,WhatsApp Pay,P2M,Entertainment,41874.25,Kotak Mahindra Bank,ICICI Bank,Android,4G,Jalandhar,SUCCESS,N/A,N/A,1878
UPI2025001382,2025-11-07,18:01:12,PhonePe,P2P,Peer Transfer,711.78,Kotak Mahindra Bank,Union Bank of India,Android,5G,Chandigarh,SUCCESS,N/A,N/A,867
UPI2025001383,2025-03-31,18:34:54,Google Pay,P2M,Peer Transfer,43402.81,Canara Bank,Kotak Mahindra Bank,Android,WiFi,Delhi,SUCCESS,N/A,N/A,2205
UPI2025001384,2025-07-29,20:51:08,Google Pay,P2M,Education Fee,167.12,SBI,Union Bank of India,iOS,4G,Bhopal,FAILED,Beneficiary Bank Server Down,Yes,3976
UPI2025001385,2025-04-12,11:08:52,Google Pay,P2M,E-commerce,362.98,Kotak Mahindra Bank,Canara Bank,Android,WiFi,Mumbai,SUCCESS,N/A,N/A,1396
UPI2025001386,2025-08-31,13:27:46,Paytm,P2M,Entertainment,19432.05,HDFC Bank,IDBI Bank,Android,4G,Kolkata,FAILED,Invalid VPA / Beneficiary Not Found,No,2070
UPI2025001387,2025-10-29,17:01:55,BHIM,P2P,Peer Transfer,605.45,SBI,HDFC Bank,Android,WiFi,Mumbai,FAILED,Insufficient Balance,No,3351
UPI2025001388,2025-02-08,13:57:34,Paytm,P2M,Peer Transfer,381.61,SBI,Yes Bank,Android,4G,Lucknow,SUCCESS,N/A,N/A,1546
UPI2025001389,2025-09-19,07:58:32,Paytm,P2P,Peer Transfer,78.84,Punjab National Bank,Punjab National Bank,Android,4G,Bhopal,SUCCESS,N/A,N/A,207
UPI2025001390,2025-07-10,14:49:04,Google Pay,P2M,Grocery,474.73,Punjab National Bank,Union Bank of India,Android,5G,Gurugram,SUCCESS,N/A,N/A,2130
UPI2025001391,2025-01-11,04:03:00,Paytm,P2P,Peer Transfer,12232.1,Axis Bank,Kotak Mahindra Bank,Android,4G,Gurugram,SUCCESS,N/A,N/A,1759
UPI2025001392,2025-02-28,12:36:07,Google Pay,P2P,Peer Transfer,188.42,ICICI Bank,Punjab National Bank,iOS,4G,Delhi,SUCCESS,N/A,N/A,690
UPI2025001393,2025-11-16,09:36:24,Paytm,P2P,Peer Transfer,6826.36,Union Bank of India,IDBI Bank,Android,4G,Pune,SUCCESS,N/A,N/A,1333
UPI2025001394,2025-11-29,16:29:39,PhonePe,P2M,Education Fee,396.75,SBI,IndusInd Bank,Android,4G,Hyderabad,SUCCESS,N/A,N/A,2567
UPI2025001395,2025-12-27,07:25:16,BHIM,P2M,Rent,7988.24,HDFC Bank,Union Bank of India,Android,5G,Hyderabad,SUCCESS,N/A,N/A,1896
UPI2025001396,2025-09-08,09:30:31,Amazon Pay,P2P,Peer Transfer,226.94,Axis Bank,Union Bank of India,Android,4G,Mumbai,SUCCESS,N/A,N/A,1513
UPI2025001397,2025-04-05,08:04:09,Paytm,P2P,Peer Transfer,246.35,IndusInd Bank,Yes Bank,Android,5G,Ahmedabad,SUCCESS,N/A,N/A,2427
UPI2025001398,2025-03-03,02:56:26,Paytm,P2M,Education Fee,3080.71,ICICI Bank,Bank of Baroda,Android,4G,Hyderabad,FAILED,NPCI Server Error,No,2827
UPI2025001399,2025-04-24,21:40:24,Google Pay,P2M,Grocery,471.67,Bank of Baroda,Punjab National Bank,Android,WiFi,Lucknow,SUCCESS,N/A,N/A,2211
UPI2025001400,2025-09-23,09:12:55,Amazon Pay,P2P,Peer Transfer,472.58,SBI,Yes Bank,Android,4G,Hyderabad,SUCCESS,N/A,N/A,3688
UPI2025001401,2025-07-19,15:52:33,PhonePe,P2M,Medical/Pharmacy,261.16,SBI,Axis Bank,Android,5G,Gurugram,FAILED,Suspected Fraud - Blocked by Bank,Yes,5094
UPI2025001402,2025-02-22,13:53:44,Google Pay,P2P,Peer Transfer,171.37,IDBI Bank,Bank of Baroda,Android,4G,Ahmedabad,SUCCESS,N/A,N/A,1925
UPI2025001403,2025-12-22,09:48:52,PhonePe,P2M,Rent,49321.81,Union Bank of India,Punjab National Bank,Android,5G,Chandigarh,SUCCESS,N/A,N/A,2065
UPI2025001404,2025-02-04,07:38:29,PhonePe,P2P,Peer Transfer,2542.31,IDBI Bank,HDFC Bank,Android,4G,Mumbai,SUCCESS,N/A,N/A,1585
UPI2025001405,2025-03-18,14:08:25,Paytm,P2M,Grocery,245.27,Axis Bank,SBI,Android,WiFi,Gurugram,SUCCESS,N/A,N/A,2792
UPI2025001406,2025-05-08,23:06:29,WhatsApp Pay,P2M,Education Fee,58.75,Kotak Mahindra Bank,Union Bank of India,iOS,4G,Amritsar,FAILED,Insufficient Balance,No,7383
UPI2025001407,2025-08-16,07:49:26,Google Pay,P2P,Peer Transfer,268.38,ICICI Bank,IndusInd Bank,Android,5G,Kolkata,SUCCESS,N/A,N/A,675
UPI2025001408,2025-09-30,14:46:18,BHIM,P2M,Travel,493.68,IndusInd Bank,HDFC Bank,iOS,WiFi,Jalandhar,SUCCESS,N/A,N/A,1561
UPI2025001409,2025-08-25,18:08:56,Google Pay,P2P,Peer Transfer,56.42,Punjab National Bank,IndusInd Bank,Android,5G,Ahmedabad,FAILED,Incorrect UPI PIN,Yes,4281
UPI2025001410,2025-07-25,14:53:01,PhonePe,P2P,Peer Transfer,407.03,Kotak Mahindra Bank,Axis Bank,Android,WiFi,Gurugram,FAILED,Incorrect UPI PIN,Yes,4568
UPI2025001411,2025-05-12,13:05:16,WhatsApp Pay,P2M,Fuel,89.62,IDBI Bank,IDBI Bank,Android,5G,Delhi,SUCCESS,N/A,N/A,1965
UPI2025001412,2025-09-02,02:50:21,Google Pay,P2P,Peer Transfer,290.48,Kotak Mahindra Bank,Kotak Mahindra Bank,Android,4G,Bengaluru,FAILED,Insufficient Balance,No,3659
UPI2025001413,2025-01-07,21:12:55,CRED,P2P,Peer Transfer,338.11,Union Bank of India,Axis Bank,Android,5G,Ludhiana,SUCCESS,N/A,N/A,455
UPI2025001414,2025-09-23,13:20:47,Google Pay,P2P,Peer Transfer,134.53,ICICI Bank,Axis Bank,Android,4G,Patiala,SUCCESS,N/A,N/A,200
UPI2025001415,2025-03-13,13:06:31,Paytm,P2M,Utility Bill,1318.14,Canara Bank,Kotak Mahindra Bank,iOS,5G,Gurugram,SUCCESS,N/A,N/A,2351
UPI2025001416,2025-04-23,18:02:07,Google Pay,P2M,Entertainment,201.28,Union Bank of India,SBI,Android,4G,Pune,SUCCESS,N/A,N/A,919
UPI2025001417,2025-09-17,20:47:57,PhonePe,P2P,Peer Transfer,1893.34,Kotak Mahindra Bank,SBI,Android,5G,Bengaluru,FAILED,Daily Transaction Limit Exceeded,Yes,3830
UPI2025001418,2025-09-27,02:52:03,PhonePe,P2M,Fuel,1446.67,IndusInd Bank,IndusInd Bank,Android,4G,Ludhiana,SUCCESS,N/A,N/A,200
UPI2025001419,2025-06-25,23:37:51,Google Pay,P2M,Utility Bill,113.25,IndusInd Bank,IDBI Bank,Android,5G,Jaipur,SUCCESS,N/A,N/A,1228
UPI2025001420,2025-09-13,11:35:41,PhonePe,P2M,Utility Bill,3401.41,IndusInd Bank,IDBI Bank,Android,WiFi,Mumbai,SUCCESS,N/A,N/A,1987
UPI2025001421,2025-04-25,08:50:23,PhonePe,P2P,Peer Transfer,283.14,Yes Bank,IndusInd Bank,Android,4G,Ludhiana,SUCCESS,N/A,N/A,200
UPI2025001422,2025-12-11,11:39:50,CRED,P2M,Food Delivery,44210.01,Axis Bank,ICICI Bank,Android,WiFi,Pune,SUCCESS,N/A,N/A,3053
UPI2025001423,2025-02-24,18:27:25,PhonePe,P2M,Grocery,307.8,SBI,Kotak Mahindra Bank,iOS,5G,Jaipur,SUCCESS,N/A,N/A,200
UPI2025001424,2025-06-27,18:57:01,Paytm,P2P,Peer Transfer,457.77,ICICI Bank,IDBI Bank,Android,3G,Pune,SUCCESS,N/A,N/A,1484
UPI2025001425,2025-03-27,11:42:38,Amazon Pay,P2M,Education Fee,419.94,Yes Bank,Axis Bank,Android,WiFi,Ludhiana,SUCCESS,N/A,N/A,1833
UPI2025001426,2025-04-21,19:57:22,WhatsApp Pay,P2M,Rent,205.14,Yes Bank,HDFC Bank,Android,4G,Ludhiana,SUCCESS,N/A,N/A,2782
UPI2025001427,2025-11-26,18:25:37,Paytm,P2P,Peer Transfer,437.06,Union Bank of India,Yes Bank,Android,4G,Bhopal,SUCCESS,N/A,N/A,1641
UPI2025001428,2025-05-27,12:40:04,Amazon Pay,P2M,Travel,23940.34,Axis Bank,SBI,Android,WiFi,Chandigarh,SUCCESS,N/A,N/A,200
UPI2025001429,2025-11-10,15:36:21,CRED,P2M,Fuel,303.65,HDFC Bank,Punjab National Bank,Android,4G,Ahmedabad,SUCCESS,N/A,N/A,2518
UPI2025001430,2025-04-16,16:02:54,Google Pay,P2M,Grocery,852.52,ICICI Bank,Canara Bank,Android,WiFi,Patiala,SUCCESS,N/A,N/A,200
UPI2025001431,2025-12-19,20:04:03,Google Pay,P2P,Peer Transfer,3509.39,Kotak Mahindra Bank,Union Bank of India,Android,4G,Kolkata,SUCCESS,N/A,N/A,2379
UPI2025001432,2025-11-16,19:03:04,PhonePe,P2M,Food Delivery,32301.02,SBI,IndusInd Bank,Android,5G,Kolkata,FAILED,Bank Server Down,Yes,4663
UPI2025001433,2025-09-02,14:55:37,WhatsApp Pay,P2M,Grocery,420.09,Yes Bank,Kotak Mahindra Bank,Android,4G,Hyderabad,SUCCESS,N/A,N/A,2862
UPI2025001434,2025-12-14,14:28:38,Google Pay,P2M,Entertainment,149.77,ICICI Bank,SBI,iOS,5G,Patiala,SUCCESS,N/A,N/A,2162
UPI2025001435,2025-08-20,08:01:35,Paytm,P2M,Entertainment,2776.14,IDBI Bank,Canara Bank,iOS,WiFi,Amritsar,SUCCESS,N/A,N/A,2904
UPI2025001436,2025-12-29,16:49:49,Google Pay,P2M,Fuel,296.83,Kotak Mahindra Bank,Union Bank of India,Android,4G,Jalandhar,SUCCESS,N/A,N/A,377
UPI2025001437,2025-02-04,21:59:20,PhonePe,P2P,Peer Transfer,51.48,ICICI Bank,Axis Bank,iOS,4G,Bhopal,SUCCESS,N/A,N/A,2243
UPI2025001438,2025-06-30,01:54:57,Amazon Pay,P2P,Peer Transfer,396.63,Yes Bank,HDFC Bank,Android,4G,Pune,SUCCESS,N/A,N/A,2550
UPI2025001439,2025-04-03,19:42:20,Google Pay,P2M,Medical/Pharmacy,31591.22,Canara Bank,Union Bank of India,Android,4G,Chennai,FAILED,Daily Transaction Limit Exceeded,Yes,3066
UPI2025001440,2025-04-13,16:46:10,BHIM,P2P,Peer Transfer,416.53,Bank of Baroda,SBI,Android,5G,Bengaluru,SUCCESS,N/A,N/A,2528
UPI2025001441,2025-04-21,23:15:28,Google Pay,P2P,Peer Transfer,334.37,Punjab National Bank,HDFC Bank,Android,WiFi,Chennai,SUCCESS,N/A,N/A,1831
UPI2025001442,2025-07-14,17:10:58,Google Pay,P2M,Entertainment,4147.72,SBI,ICICI Bank,iOS,5G,Amritsar,FAILED,Insufficient Balance,Yes,1748
UPI2025001443,2025-06-13,09:34:21,Paytm,P2M,Entertainment,3742.77,Canara Bank,IDBI Bank,Android,4G,Pune,SUCCESS,N/A,N/A,2417
UPI2025001444,2025-07-29,10:07:54,PhonePe,P2M,Travel,82.57,Union Bank of India,Yes Bank,Android,4G,Chennai,SUCCESS,N/A,N/A,200
UPI2025001445,2025-01-09,14:44:37,PhonePe,P2P,Peer Transfer,3714.74,Yes Bank,Kotak Mahindra Bank,iOS,4G,Noida,SUCCESS,N/A,N/A,901
UPI2025001446,2025-06-06,19:31:15,Amazon Pay,P2M,Grocery,1040.72,Union Bank of India,ICICI Bank,Android,4G,Bhopal,FAILED,Daily Transaction Limit Exceeded,Yes,7746
UPI2025001447,2025-03-28,16:20:43,Google Pay,P2M,Medical/Pharmacy,214.55,Kotak Mahindra Bank,Yes Bank,Android,4G,Chennai,SUCCESS,N/A,N/A,2191
UPI2025001448,2025-09-24,10:36:09,Paytm,P2M,Recharge/Bill Payment,10290.08,Union Bank of India,Yes Bank,Android,5G,Kolkata,SUCCESS,N/A,N/A,1445
UPI2025001449,2025-06-27,18:02:35,PhonePe,P2P,Peer Transfer,112.61,Yes Bank,Punjab National Bank,Android,5G,Bhopal,SUCCESS,N/A,N/A,901
UPI2025001450,2025-03-03,08:58:02,BHIM,P2M,E-commerce,4568.16,SBI,IndusInd Bank,Android,5G,Hyderabad,SUCCESS,N/A,N/A,2266
UPI2025001451,2025-04-24,17:19:56,PhonePe,P2P,Peer Transfer,102.07,IDBI Bank,IndusInd Bank,Android,5G,Ahmedabad,SUCCESS,N/A,N/A,952
UPI2025001452,2025-09-01,15:29:51,Paytm,P2M,Food Delivery,451.94,SBI,IDBI Bank,Android,4G,Bhopal,SUCCESS,N/A,N/A,1306
UPI2025001453,2025-06-01,14:34:49,CRED,P2M,Entertainment,167.06,ICICI Bank,SBI,Android,WiFi,Mumbai,SUCCESS,N/A,N/A,1979
UPI2025001454,2025-09-15,22:31:39,PhonePe,P2P,Peer Transfer,3607.8,Kotak Mahindra Bank,Union Bank of India,Android,WiFi,Gurugram,SUCCESS,N/A,N/A,2784
UPI2025001455,2025-11-25,08:53:08,PhonePe,P2P,Peer Transfer,2481.96,IndusInd Bank,Axis Bank,Android,WiFi,Bhopal,SUCCESS,N/A,N/A,4042
UPI2025001456,2025-07-23,00:41:11,Paytm,P2P,Peer Transfer,169.53,Axis Bank,Bank of Baroda,Android,4G,Lucknow,SUCCESS,N/A,N/A,1552
UPI2025001457,2025-06-01,12:39:21,Paytm,P2P,Peer Transfer,170.04,IndusInd Bank,SBI,Android,4G,Bhopal,FAILED,Invalid VPA / Beneficiary Not Found,No,568
UPI2025001458,2025-04-15,10:59:33,PhonePe,P2P,Peer Transfer,1682.12,IndusInd Bank,Kotak Mahindra Bank,Android,WiFi,Ahmedabad,FAILED,Incorrect UPI PIN,No,3325
UPI2025001459,2025-09-23,15:36:54,Google Pay,P2M,E-commerce,262.14,Kotak Mahindra Bank,Axis Bank,Android,WiFi,Bengaluru,SUCCESS,N/A,N/A,2538
UPI2025001460,2025-03-05,10:43:43,Amazon Pay,P2M,Rent,3512.23,ICICI Bank,Union Bank of India,iOS,5G,Kolkata,SUCCESS,N/A,N/A,2535
UPI2025001461,2025-08-12,09:37:14,BHIM,P2P,Peer Transfer,28.8,Axis Bank,Bank of Baroda,Android,4G,Pune,SUCCESS,N/A,N/A,589
UPI2025001462,2025-12-31,14:35:45,PhonePe,P2M,Entertainment,324.97,Bank of Baroda,SBI,Android,WiFi,Bhopal,SUCCESS,N/A,N/A,1025
UPI2025001463,2025-08-25,11:31:49,Paytm,P2P,Peer Transfer,387.19,Punjab National Bank,Axis Bank,Android,5G,Gurugram,SUCCESS,N/A,N/A,4177
UPI2025001464,2025-01-29,21:07:58,PhonePe,P2P,Peer Transfer,377.16,Canara Bank,ICICI Bank,Android,5G,Pune,SUCCESS,N/A,N/A,2338
UPI2025001465,2025-01-15,06:23:13,PhonePe,P2P,Peer Transfer,469.4,HDFC Bank,Bank of Baroda,Android,WiFi,Jalandhar,FAILED,Invalid VPA / Beneficiary Not Found,Yes,4860
UPI2025001466,2025-12-11,09:26:30,Paytm,P2P,Peer Transfer,1902.66,Union Bank of India,HDFC Bank,Android,WiFi,Delhi,FAILED,Transaction Timeout,No,3954
UPI2025001467,2025-02-28,17:41:51,Google Pay,P2M,Recharge/Bill Payment,45.46,HDFC Bank,SBI,Android,5G,Bengaluru,SUCCESS,N/A,N/A,1966
UPI2025001468,2025-07-23,13:03:38,Paytm,P2P,Peer Transfer,213.07,ICICI Bank,Canara Bank,Android,4G,Gurugram,SUCCESS,N/A,N/A,2207
UPI2025001469,2025-11-29,18:25:10,Amazon Pay,P2M,Travel,498.37,Bank of Baroda,Union Bank of India,Android,WiFi,Gurugram,SUCCESS,N/A,N/A,3193
UPI2025001470,2025-10-20,13:28:17,Google Pay,P2P,Peer Transfer,273.32,ICICI Bank,ICICI Bank,Android,4G,Hyderabad,SUCCESS,N/A,N/A,2088
UPI2025001471,2025-05-12,18:27:23,Paytm,P2M,Fuel,8256.94,Bank of Baroda,IDBI Bank,Android,4G,Bengaluru,SUCCESS,N/A,N/A,2037
UPI2025001472,2025-11-12,17:21:01,Google Pay,P2P,Peer Transfer,4688.75,SBI,SBI,Android,4G,Pune,SUCCESS,N/A,N/A,1763
UPI2025001473,2025-12-08,10:15:08,Paytm,P2M,Food Delivery,452.49,HDFC Bank,Bank of Baroda,Android,4G,Noida,FAILED,Incorrect UPI PIN,No,4644
UPI2025001474,2025-08-04,18:43:06,Google Pay,P2P,Peer Transfer,1135.07,Punjab National Bank,Union Bank of India,Android,5G,Noida,FAILED,Duplicate Transaction Blocked,No,5976
UPI2025001475,2025-12-30,09:28:57,Paytm,P2M,Utility Bill,52.91,Canara Bank,IDBI Bank,Android,5G,Chandigarh,SUCCESS,N/A,N/A,1270
UPI2025001476,2025-07-20,23:45:10,Amazon Pay,P2M,Food Delivery,305.84,Punjab National Bank,Axis Bank,Android,WiFi,Amritsar,SUCCESS,N/A,N/A,2007
UPI2025001477,2025-11-10,19:47:08,Google Pay,P2P,Peer Transfer,3197.44,HDFC Bank,ICICI Bank,Android,WiFi,Ludhiana,SUCCESS,N/A,N/A,2736
UPI2025001478,2025-08-31,07:24:47,Google Pay,P2P,Peer Transfer,87.56,HDFC Bank,Union Bank of India,Android,4G,Bhopal,SUCCESS,N/A,N/A,661
UPI2025001479,2025-01-10,15:49:30,PhonePe,P2M,Recharge/Bill Payment,3867.69,IDBI Bank,HDFC Bank,Android,WiFi,Noida,SUCCESS,N/A,N/A,1696
UPI2025001480,2025-04-12,18:23:35,Paytm,P2P,Peer Transfer,894.73,Canara Bank,ICICI Bank,iOS,WiFi,Kolkata,FAILED,Insufficient Balance,No,4795
UPI2025001481,2025-11-29,17:29:24,Amazon Pay,P2M,Travel,333.12,Union Bank of India,Axis Bank,Android,WiFi,Chennai,SUCCESS,N/A,N/A,2071
UPI2025001482,2025-09-08,13:04:29,Paytm,P2M,Rent,256.91,Axis Bank,Canara Bank,Android,5G,Amritsar,SUCCESS,N/A,N/A,1307
UPI2025001483,2025-12-26,03:11:11,Google Pay,P2P,Peer Transfer,615.84,IndusInd Bank,IndusInd Bank,Android,4G,Bengaluru,SUCCESS,N/A,N/A,1839
UPI2025001484,2025-11-07,11:54:37,Google Pay,P2M,Recharge/Bill Payment,233.2,Punjab National Bank,Axis Bank,Android,4G,Lucknow,SUCCESS,N/A,N/A,2660
UPI2025001485,2025-04-05,18:54:57,PhonePe,P2M,Fuel,20387.05,Bank of Baroda,Union Bank of India,Android,5G,Chennai,SUCCESS,N/A,N/A,1857
UPI2025001486,2025-12-09,14:10:51,PhonePe,P2M,Fuel,1486.94,Axis Bank,SBI,iOS,5G,Noida,SUCCESS,N/A,N/A,1465
UPI2025001487,2025-10-09,07:57:28,PhonePe,P2P,Peer Transfer,366.29,IndusInd Bank,Canara Bank,Android,4G,Amritsar,FAILED,Incorrect UPI PIN,No,2953
UPI2025001488,2025-07-01,18:58:31,Paytm,P2M,Medical/Pharmacy,28.53,Axis Bank,Canara Bank,Android,WiFi,Gurugram,SUCCESS,N/A,N/A,1016
UPI2025001489,2025-02-27,03:43:48,CRED,P2P,Peer Transfer,981.46,ICICI Bank,Bank of Baroda,Android,WiFi,Bhopal,FAILED,Insufficient Balance,Yes,4182
UPI2025001490,2025-10-23,15:38:51,WhatsApp Pay,P2P,Peer Transfer,16407.22,Canara Bank,Union Bank of India,iOS,4G,Jalandhar,SUCCESS,N/A,N/A,973
UPI2025001491,2025-10-08,17:23:42,PhonePe,P2M,Travel,453.91,ICICI Bank,Axis Bank,iOS,WiFi,Delhi,FAILED,Incorrect UPI PIN,Yes,7658
UPI2025001492,2025-12-25,12:05:52,PhonePe,P2P,Peer Transfer,231.3,IndusInd Bank,Bank of Baroda,Android,WiFi,Amritsar,SUCCESS,N/A,N/A,1249
UPI2025001493,2025-12-05,18:57:59,BHIM,P2M,Recharge/Bill Payment,284.74,SBI,ICICI Bank,Android,5G,Lucknow,SUCCESS,N/A,N/A,2103
UPI2025001494,2025-02-05,11:30:17,Paytm,P2P,Peer Transfer,2550.47,IDBI Bank,Union Bank of India,Android,4G,Ludhiana,SUCCESS,N/A,N/A,1563
UPI2025001495,2025-07-02,06:43:37,PhonePe,P2P,Peer Transfer,197.7,IndusInd Bank,HDFC Bank,Android,4G,Chandigarh,FAILED,Insufficient Balance,No,4377
UPI2025001496,2025-12-25,17:29:26,PhonePe,P2P,Peer Transfer,412.16,Yes Bank,ICICI Bank,Android,5G,Mumbai,FAILED,Bank Server Down,Yes,3002
UPI2025001497,2025-12-21,09:07:39,Paytm,P2M,Utility Bill,561.38,Canara Bank,ICICI Bank,Android,5G,Chennai,SUCCESS,N/A,N/A,1193
UPI2025001498,2025-03-18,21:47:46,Google Pay,P2P,Peer Transfer,252.87,Punjab National Bank,IndusInd Bank,Android,4G,Ludhiana,SUCCESS,N/A,N/A,2661
UPI2025001499,2025-06-26,17:42:51,Google Pay,P2P,Peer Transfer,76.82,Union Bank of India,HDFC Bank,Android,4G,Mumbai,SUCCESS,N/A,N/A,1302
UPI2025001500,2025-11-03,15:25:40,PhonePe,P2M,Medical/Pharmacy,185.34,Bank of Baroda,SBI,iOS,4G,Ahmedabad,SUCCESS,N/A,N/A,812
UPI2025001501,2025-01-07,19:37:12,Paytm,P2M,Food Delivery,470.69,Bank of Baroda,Bank of Baroda,Android,5G,Ludhiana,SUCCESS,N/A,N/A,754
UPI2025001502,2025-03-25,18:36:38,PhonePe,P2P,Peer Transfer,327.14,IDBI Bank,IndusInd Bank,Android,4G,Chennai,FAILED,Incorrect UPI PIN,Yes,7664
UPI2025001503,2025-05-20,15:34:23,PhonePe,P2M,Fuel,4495.18,ICICI Bank,Axis Bank,iOS,WiFi,Chandigarh,FAILED,Payer Account Frozen/Inactive,No,3546
UPI2025001504,2025-06-14,07:39:10,PhonePe,P2P,Peer Transfer,165.14,Union Bank of India,Canara Bank,Android,5G,Chennai,SUCCESS,N/A,N/A,625
UPI2025001505,2025-02-03,13:55:37,Google Pay,P2P,Peer Transfer,2486.9,Axis Bank,ICICI Bank,Android,5G,Bengaluru,SUCCESS,N/A,N/A,1721
UPI2025001506,2025-04-12,21:10:52,Amazon Pay,P2P,Peer Transfer,136.27,Yes Bank,Yes Bank,Android,WiFi,Delhi,SUCCESS,N/A,N/A,3491
UPI2025001507,2025-02-18,01:23:58,Amazon Pay,P2M,Utility Bill,6986.55,Canara Bank,IndusInd Bank,Android,4G,Ahmedabad,SUCCESS,N/A,N/A,2062
UPI2025001508,2025-05-25,13:43:49,CRED,P2P,Peer Transfer,203.44,Bank of Baroda,Punjab National Bank,Android,4G,Noida,SUCCESS,N/A,N/A,1472
UPI2025001509,2025-02-23,19:16:29,PhonePe,P2M,Food Delivery,273.37,HDFC Bank,SBI,Android,5G,Delhi,FAILED,Network Connectivity Issue,No,2988
UPI2025001510,2025-06-10,15:06:28,PhonePe,P2P,Peer Transfer,2349.32,HDFC Bank,Canara Bank,Android,5G,Gurugram,FAILED,Invalid VPA / Beneficiary Not Found,Yes,5220
UPI2025001511,2025-02-11,08:01:55,Paytm,P2P,Peer Transfer,97.44,Bank of Baroda,IDBI Bank,Android,5G,Patiala,SUCCESS,N/A,N/A,1255
UPI2025001512,2025-04-06,05:45:14,PhonePe,P2P,Peer Transfer,412.68,SBI,Punjab National Bank,Android,4G,Ahmedabad,FAILED,Bank Server Down,Yes,5495
UPI2025001513,2025-03-18,02:36:27,Google Pay,P2M,Entertainment,138.63,Union Bank of India,Union Bank of India,Android,4G,Hyderabad,SUCCESS,N/A,N/A,1452
UPI2025001514,2025-03-21,07:00:21,Google Pay,P2M,Recharge/Bill Payment,188.12,Yes Bank,Axis Bank,iOS,WiFi,Chennai,SUCCESS,N/A,N/A,200
UPI2025001515,2025-11-22,13:25:27,BHIM,P2M,Education Fee,1133.91,HDFC Bank,Bank of Baroda,Android,4G,Noida,FAILED,Insufficient Balance,Yes,4184
UPI2025001516,2025-06-11,13:19:21,Paytm,P2M,Grocery,475.6,SBI,HDFC Bank,Android,5G,Chennai,FAILED,Incorrect UPI PIN,Yes,5116
UPI2025001517,2025-09-12,10:15:34,Paytm,P2M,Peer Transfer,2884.14,Union Bank of India,HDFC Bank,Android,WiFi,Hyderabad,SUCCESS,N/A,N/A,1473
UPI2025001518,2025-05-03,10:45:04,Google Pay,P2P,Peer Transfer,73.2,ICICI Bank,SBI,Android,4G,Ahmedabad,SUCCESS,N/A,N/A,2467
UPI2025001519,2025-08-21,19:59:58,PhonePe,P2M,Utility Bill,647.6,IndusInd Bank,Union Bank of India,Android,4G,Chennai,SUCCESS,N/A,N/A,711
UPI2025001520,2025-09-24,07:26:24,PhonePe,P2P,Peer Transfer,3908.61,IDBI Bank,Punjab National Bank,iOS,WiFi,Chandigarh,FAILED,Incorrect UPI PIN,Yes,4613
UPI2025001521,2025-07-06,15:15:14,BHIM,P2P,Peer Transfer,108.17,Bank of Baroda,Kotak Mahindra Bank,Android,WiFi,Ahmedabad,SUCCESS,N/A,N/A,3103
UPI2025001522,2025-12-21,07:39:28,BHIM,P2M,Fuel,2539.68,HDFC Bank,IDBI Bank,Android,4G,Chandigarh,FAILED,Beneficiary Bank Server Down,Yes,3869
UPI2025001523,2025-11-15,20:54:10,Google Pay,P2M,Utility Bill,330.84,Kotak Mahindra Bank,SBI,Android,4G,Hyderabad,FAILED,Technical Decline by Issuer,No,3806
UPI2025001524,2025-11-07,06:23:43,Paytm,P2P,Peer Transfer,112.66,IndusInd Bank,IndusInd Bank,Android,3G,Chennai,SUCCESS,N/A,N/A,1272
UPI2025001525,2025-12-15,07:28:01,Paytm,P2M,Fuel,9308.94,Union Bank of India,Union Bank of India,iOS,5G,Mumbai,SUCCESS,N/A,N/A,200
UPI2025001526,2025-12-27,12:16:19,PhonePe,P2P,Peer Transfer,380.7,ICICI Bank,HDFC Bank,iOS,4G,Gurugram,SUCCESS,N/A,N/A,2680
UPI2025001527,2025-04-01,15:28:32,PhonePe,P2P,Peer Transfer,421.31,SBI,Union Bank of India,Android,4G,Delhi,SUCCESS,N/A,N/A,2791
UPI2025001528,2025-05-05,14:05:53,BHIM,P2M,Fuel,3279.77,Axis Bank,Kotak Mahindra Bank,Android,4G,Mumbai,SUCCESS,N/A,N/A,2444
UPI2025001529,2025-07-18,20:43:52,PhonePe,P2M,Education Fee,253.96,ICICI Bank,IndusInd Bank,iOS,4G,Jaipur,SUCCESS,N/A,N/A,1357
UPI2025001530,2025-09-18,21:30:42,Paytm,P2M,E-commerce,1524.35,Punjab National Bank,SBI,Android,4G,Mumbai,SUCCESS,N/A,N/A,528
UPI2025001531,2025-06-14,07:27:02,PhonePe,P2P,Peer Transfer,183.2,Union Bank of India,Yes Bank,Android,5G,Bhopal,SUCCESS,N/A,N/A,1696
UPI2025001532,2025-05-10,18:22:06,Paytm,P2M,Utility Bill,20591.12,Canara Bank,IndusInd Bank,Android,4G,Ahmedabad,SUCCESS,N/A,N/A,1875
UPI2025001533,2025-12-10,16:26:44,Paytm,P2P,Peer Transfer,1707.24,IndusInd Bank,Kotak Mahindra Bank,Android,4G,Patiala,FAILED,Beneficiary Bank Server Down,Yes,2648
UPI2025001534,2025-01-26,13:09:35,PhonePe,P2P,Peer Transfer,356.69,Kotak Mahindra Bank,ICICI Bank,iOS,5G,Pune,SUCCESS,N/A,N/A,1697
UPI2025001535,2025-06-07,10:34:08,Google Pay,P2P,Peer Transfer,1290.53,IndusInd Bank,Axis Bank,Android,5G,Pune,SUCCESS,N/A,N/A,1410
UPI2025001536,2025-12-08,13:16:25,PhonePe,P2M,Food Delivery,174.79,Union Bank of India,Canara Bank,Android,5G,Mumbai,FAILED,Insufficient Balance,No,7045
UPI2025001537,2025-02-13,16:48:46,Google Pay,P2M,Recharge/Bill Payment,319.57,Yes Bank,IndusInd Bank,iOS,WiFi,Patiala,FAILED,Incorrect UPI PIN,No,345
UPI2025001538,2025-12-14,00:11:15,Google Pay,P2M,Food Delivery,230.07,Punjab National Bank,Bank of Baroda,Android,WiFi,Ludhiana,SUCCESS,N/A,N/A,1588
UPI2025001539,2025-05-20,20:17:48,Google Pay,P2P,Peer Transfer,369.03,ICICI Bank,Punjab National Bank,Android,4G,Delhi,SUCCESS,N/A,N/A,3051
UPI2025001540,2025-09-28,11:01:50,PhonePe,P2P,Peer Transfer,191.17,Kotak Mahindra Bank,HDFC Bank,Android,WiFi,Mumbai,SUCCESS,N/A,N/A,3408
UPI2025001541,2025-02-19,17:38:34,PhonePe,P2P,Peer Transfer,974.81,Union Bank of India,Yes Bank,Android,WiFi,Ludhiana,SUCCESS,N/A,N/A,1645
UPI2025001542,2025-06-29,19:09:06,Google Pay,P2P,Peer Transfer,28953.7,Canara Bank,Punjab National Bank,iOS,4G,Pune,SUCCESS,N/A,N/A,2788
UPI2025001543,2025-08-30,09:25:40,PhonePe,P2P,Peer Transfer,50.69,Punjab National Bank,Union Bank of India,Android,5G,Pune,SUCCESS,N/A,N/A,1336
UPI2025001544,2025-08-14,12:39:35,PhonePe,P2M,Rent,402.57,Union Bank of India,Kotak Mahindra Bank,iOS,4G,Kolkata,SUCCESS,N/A,N/A,1686
UPI2025001545,2025-05-02,19:03:07,Google Pay,P2M,Recharge/Bill Payment,373.73,ICICI Bank,IDBI Bank,Android,5G,Noida,SUCCESS,N/A,N/A,368
UPI2025001546,2025-04-06,17:24:56,Paytm,P2P,Peer Transfer,368.24,Bank of Baroda,HDFC Bank,Android,5G,Delhi,SUCCESS,N/A,N/A,1201
UPI2025001547,2025-08-20,15:49:35,BHIM,P2P,Peer Transfer,3330.07,Axis Bank,Kotak Mahindra Bank,Android,5G,Chandigarh,FAILED,Transaction Timeout,Yes,3768
UPI2025001548,2025-08-21,05:31:00,Google Pay,P2M,Fuel,391.4,IndusInd Bank,Yes Bank,Android,4G,Hyderabad,FAILED,Incorrect UPI PIN,Yes,5508
UPI2025001549,2025-05-26,17:17:50,Amazon Pay,P2P,Peer Transfer,22831.13,Union Bank of India,IndusInd Bank,Android,4G,Patiala,SUCCESS,N/A,N/A,200
UPI2025001550,2025-01-06,19:59:19,Google Pay,P2M,Medical/Pharmacy,68.93,Bank of Baroda,Canara Bank,Android,4G,Chennai,SUCCESS,N/A,N/A,2098
UPI2025001551,2025-04-30,18:14:12,Paytm,P2P,Peer Transfer,18667.57,IndusInd Bank,SBI,Android,WiFi,Hyderabad,SUCCESS,N/A,N/A,776
UPI2025001552,2025-12-07,12:08:54,Paytm,P2M,Grocery,9641.6,Kotak Mahindra Bank,Bank of Baroda,Android,5G,Lucknow,SUCCESS,N/A,N/A,1060
UPI2025001553,2025-01-21,01:59:43,PhonePe,P2P,Peer Transfer,399.59,ICICI Bank,HDFC Bank,Android,WiFi,Chennai,SUCCESS,N/A,N/A,3017
UPI2025001554,2025-12-09,14:42:30,Google Pay,P2M,Travel,481.76,ICICI Bank,Bank of Baroda,Android,4G,Hyderabad,SUCCESS,N/A,N/A,1380
UPI2025001555,2025-02-08,07:58:54,PhonePe,P2M,Utility Bill,2134.35,Punjab National Bank,Union Bank of India,Android,4G,Bhopal,FAILED,Beneficiary Bank Server Down,Yes,1809
UPI2025001556,2025-06-03,14:31:35,Google Pay,P2M,Medical/Pharmacy,409.86,HDFC Bank,ICICI Bank,Android,WiFi,Ludhiana,SUCCESS,N/A,N/A,1546
UPI2025001557,2025-04-17,13:45:26,Paytm,P2M,Food Delivery,1796.68,ICICI Bank,Yes Bank,Android,4G,Amritsar,FAILED,Beneficiary Bank Server Down,Yes,2967
UPI2025001558,2025-10-23,20:21:14,PhonePe,P2M,Education Fee,128.09,IDBI Bank,IndusInd Bank,Android,5G,Amritsar,SUCCESS,N/A,N/A,1384
UPI2025001559,2025-04-13,21:11:19,Google Pay,P2M,E-commerce,437.96,Yes Bank,Union Bank of India,Android,WiFi,Lucknow,SUCCESS,N/A,N/A,444
UPI2025001560,2025-04-15,05:43:27,Google Pay,P2P,Peer Transfer,341.88,Yes Bank,Bank of Baroda,Android,5G,Jalandhar,SUCCESS,N/A,N/A,896
UPI2025001561,2025-01-30,07:12:09,WhatsApp Pay,P2M,Peer Transfer,103.73,Canara Bank,Punjab National Bank,Android,5G,Noida,SUCCESS,N/A,N/A,713
UPI2025001562,2025-08-30,18:05:28,PhonePe,P2P,Peer Transfer,72.25,Kotak Mahindra Bank,Axis Bank,Android,5G,Amritsar,SUCCESS,N/A,N/A,2528
UPI2025001563,2025-01-12,09:53:35,PhonePe,P2M,Entertainment,95.27,Yes Bank,ICICI Bank,Android,4G,Bhopal,FAILED,Network Connectivity Issue,No,4758
UPI2025001564,2025-05-31,22:52:02,Google Pay,P2P,Peer Transfer,1910.15,IDBI Bank,Yes Bank,Android,3G,Pune,SUCCESS,N/A,N/A,200
UPI2025001565,2025-07-31,14:09:17,Paytm,P2M,Fuel,1366.62,Axis Bank,Bank of Baroda,Android,WiFi,Bengaluru,SUCCESS,N/A,N/A,2423
UPI2025001566,2025-10-05,20:28:30,PhonePe,P2M,Medical/Pharmacy,186.18,Union Bank of India,HDFC Bank,iOS,4G,Hyderabad,SUCCESS,N/A,N/A,200
UPI2025001567,2025-05-20,10:27:03,BHIM,P2M,Rent,109.47,Axis Bank,Union Bank of India,Android,5G,Jalandhar,SUCCESS,N/A,N/A,1897
UPI2025001568,2025-11-01,15:00:41,Paytm,P2P,Peer Transfer,354.34,IDBI Bank,Yes Bank,Android,4G,Bhopal,SUCCESS,N/A,N/A,984
UPI2025001569,2025-07-15,14:16:55,PhonePe,P2M,Travel,357.98,Kotak Mahindra Bank,IndusInd Bank,iOS,5G,Chandigarh,SUCCESS,N/A,N/A,2904
UPI2025001570,2025-10-24,17:03:19,CRED,P2M,Recharge/Bill Payment,3158.92,Bank of Baroda,Canara Bank,iOS,4G,Chennai,SUCCESS,N/A,N/A,710
UPI2025001571,2025-04-09,12:02:51,Google Pay,P2P,Peer Transfer,4903.28,IDBI Bank,IndusInd Bank,iOS,5G,Amritsar,SUCCESS,N/A,N/A,2758
UPI2025001572,2025-12-18,09:35:41,Google Pay,P2P,Peer Transfer,4914.63,Canara Bank,ICICI Bank,Android,WiFi,Chandigarh,SUCCESS,N/A,N/A,1567
UPI2025001573,2025-09-08,17:31:01,PhonePe,P2P,Peer Transfer,51.94,ICICI Bank,IndusInd Bank,Android,WiFi,Delhi,SUCCESS,N/A,N/A,699
UPI2025001574,2025-08-05,21:10:09,Google Pay,P2P,Peer Transfer,309.63,HDFC Bank,SBI,Android,4G,Mumbai,SUCCESS,N/A,N/A,3082
UPI2025001575,2025-05-30,13:24:07,Google Pay,P2M,Peer Transfer,3150.21,SBI,Union Bank of India,Android,5G,Noida,SUCCESS,N/A,N/A,200
UPI2025001576,2025-02-17,01:05:52,Google Pay,P2M,Fuel,20100.07,Bank of Baroda,Kotak Mahindra Bank,Android,5G,Bhopal,SUCCESS,N/A,N/A,2105
UPI2025001577,2025-05-05,17:41:05,PhonePe,P2P,Peer Transfer,1982.2,SBI,Canara Bank,Android,WiFi,Bhopal,SUCCESS,N/A,N/A,1494
UPI2025001578,2025-03-17,11:26:55,CRED,P2M,Grocery,2796.77,Bank of Baroda,Yes Bank,Android,5G,Ludhiana,SUCCESS,N/A,N/A,1762
UPI2025001579,2025-10-19,12:11:00,PhonePe,P2M,Peer Transfer,1352.12,Punjab National Bank,Bank of Baroda,Android,WiFi,Kolkata,FAILED,Daily Transaction Limit Exceeded,Yes,7580
UPI2025001580,2025-12-15,17:27:17,Google Pay,P2P,Peer Transfer,23.89,SBI,Yes Bank,Android,WiFi,Mumbai,SUCCESS,N/A,N/A,2929
UPI2025001581,2025-12-13,23:14:18,Google Pay,P2P,Peer Transfer,357.25,Canara Bank,Union Bank of India,Android,WiFi,Hyderabad,SUCCESS,N/A,N/A,1335
UPI2025001582,2025-07-02,04:39:00,PhonePe,P2P,Peer Transfer,215.04,Union Bank of India,Axis Bank,Android,4G,Chandigarh,SUCCESS,N/A,N/A,879
UPI2025001583,2025-10-09,15:39:25,Google Pay,P2M,Education Fee,24.29,IndusInd Bank,Canara Bank,Android,4G,Bhopal,SUCCESS,N/A,N/A,2152
UPI2025001584,2025-09-04,15:30:33,CRED,P2P,Peer Transfer,2727.42,Yes Bank,Yes Bank,Android,4G,Lucknow,SUCCESS,N/A,N/A,2323
UPI2025001585,2025-06-16,09:29:54,Google Pay,P2P,Peer Transfer,2485.53,Canara Bank,Kotak Mahindra Bank,Android,4G,Mumbai,FAILED,NPCI Server Error,No,4283
UPI2025001586,2025-05-20,13:40:33,PhonePe,P2P,Peer Transfer,374.74,ICICI Bank,Kotak Mahindra Bank,iOS,5G,Ludhiana,SUCCESS,N/A,N/A,2800
UPI2025001587,2025-12-15,15:59:08,WhatsApp Pay,P2P,Peer Transfer,395.05,Canara Bank,Bank of Baroda,Android,WiFi,Chennai,SUCCESS,N/A,N/A,3127
UPI2025001588,2025-04-23,17:42:47,Google Pay,P2M,Food Delivery,412.57,Punjab National Bank,Kotak Mahindra Bank,Android,5G,Bhopal,FAILED,Insufficient Balance,No,4113
UPI2025001589,2025-06-06,21:27:17,Google Pay,P2M,Medical/Pharmacy,484.36,ICICI Bank,IndusInd Bank,Android,4G,Delhi,SUCCESS,N/A,N/A,3728
UPI2025001590,2025-12-09,23:56:16,Paytm,P2M,Food Delivery,416.72,Bank of Baroda,Punjab National Bank,iOS,4G,Ahmedabad,SUCCESS,N/A,N/A,1377
UPI2025001591,2025-11-20,19:20:27,Paytm,P2M,Recharge/Bill Payment,106.68,ICICI Bank,SBI,Android,WiFi,Noida,SUCCESS,N/A,N/A,1540
UPI2025001592,2025-10-03,15:46:03,Google Pay,P2M,Medical/Pharmacy,2540.17,Kotak Mahindra Bank,Axis Bank,Android,WiFi,Chennai,FAILED,Network Connectivity Issue,Yes,4990
UPI2025001593,2025-12-02,13:11:32,Google Pay,P2P,Peer Transfer,229.19,Union Bank of India,IndusInd Bank,Android,WiFi,Ludhiana,FAILED,Beneficiary Bank Server Down,No,4068
UPI2025001594,2025-12-21,19:11:10,Paytm,P2P,Peer Transfer,204.48,IDBI Bank,Canara Bank,Android,4G,Jaipur,SUCCESS,N/A,N/A,740
UPI2025001595,2025-07-30,21:50:49,PhonePe,P2P,Peer Transfer,93.67,Canara Bank,HDFC Bank,Android,5G,Delhi,FAILED,Transaction Timeout,No,1921
UPI2025001596,2025-08-26,09:29:56,BHIM,P2P,Peer Transfer,334.82,Yes Bank,HDFC Bank,Android,5G,Delhi,SUCCESS,N/A,N/A,1852
UPI2025001597,2025-03-30,21:55:50,PhonePe,P2P,Peer Transfer,488.01,IndusInd Bank,ICICI Bank,Android,4G,Patiala,SUCCESS,N/A,N/A,1091
UPI2025001598,2025-09-22,01:30:16,Amazon Pay,P2M,Peer Transfer,3720.48,Yes Bank,HDFC Bank,Android,5G,Kolkata,SUCCESS,N/A,N/A,1983
UPI2025001599,2025-03-30,19:09:51,PhonePe,P2M,Peer Transfer,43626.8,Canara Bank,Kotak Mahindra Bank,Android,WiFi,Lucknow,FAILED,Incorrect UPI PIN,No,6034
UPI2025001600,2025-10-25,07:53:46,Google Pay,P2P,Peer Transfer,295.83,IndusInd Bank,IDBI Bank,Android,5G,Ahmedabad,SUCCESS,N/A,N/A,1798
UPI2025001601,2025-02-02,09:49:46,Paytm,P2P,Peer Transfer,11.82,SBI,Punjab National Bank,Android,WiFi,Jaipur,SUCCESS,N/A,N/A,2128
UPI2025001602,2025-03-13,06:57:18,Google Pay,P2P,Peer Transfer,181.63,IDBI Bank,Bank of Baroda,Android,WiFi,Pune,SUCCESS,N/A,N/A,1764
UPI2025001603,2025-12-23,08:33:03,PhonePe,P2P,Peer Transfer,389.95,Punjab National Bank,Union Bank of India,Android,4G,Bhopal,FAILED,Invalid VPA / Beneficiary Not Found,Yes,1363
UPI2025001604,2025-04-27,21:32:12,PhonePe,P2M,Travel,121.75,ICICI Bank,Bank of Baroda,iOS,WiFi,Ahmedabad,SUCCESS,N/A,N/A,2211
UPI2025001605,2025-02-23,15:21:21,Google Pay,P2M,Travel,67.27,Canara Bank,Punjab National Bank,Android,5G,Lucknow,FAILED,Duplicate Transaction Blocked,Yes,5264
UPI2025001606,2025-08-08,09:52:00,PhonePe,P2M,Medical/Pharmacy,41.38,Union Bank of India,Bank of Baroda,Android,5G,Ahmedabad,SUCCESS,N/A,N/A,619
UPI2025001607,2025-09-16,23:06:56,Google Pay,P2P,Peer Transfer,230.55,HDFC Bank,HDFC Bank,Android,4G,Ludhiana,FAILED,Network Connectivity Issue,No,2793
UPI2025001608,2025-06-22,17:03:43,Paytm,P2P,Peer Transfer,2372.98,ICICI Bank,Yes Bank,Android,4G,Pune,SUCCESS,N/A,N/A,1197
UPI2025001609,2025-12-24,21:44:05,Paytm,P2M,Recharge/Bill Payment,4364.02,SBI,HDFC Bank,Android,4G,Lucknow,SUCCESS,N/A,N/A,1125
UPI2025001610,2025-01-24,01:55:26,Paytm,P2P,Peer Transfer,350.46,IDBI Bank,SBI,Android,4G,Amritsar,SUCCESS,N/A,N/A,2103
UPI2025001611,2025-05-15,22:41:43,Paytm,P2M,Peer Transfer,324.99,Punjab National Bank,Canara Bank,Android,4G,Delhi,SUCCESS,N/A,N/A,2549
UPI2025001612,2025-07-11,07:28:45,Google Pay,P2M,Grocery,497.85,ICICI Bank,Canara Bank,iOS,5G,Lucknow,SUCCESS,N/A,N/A,1232
UPI2025001613,2025-12-21,10:48:53,Google Pay,P2P,Peer Transfer,154.52,SBI,Kotak Mahindra Bank,Android,4G,Ahmedabad,SUCCESS,N/A,N/A,671
UPI2025001614,2025-01-05,09:57:37,Google Pay,P2P,Peer Transfer,3672.1,Punjab National Bank,Bank of Baroda,Android,4G,Delhi,SUCCESS,N/A,N/A,1606
UPI2025001615,2025-09-29,22:18:04,Google Pay,P2M,Food Delivery,330.29,Punjab National Bank,Yes Bank,iOS,3G,Kolkata,SUCCESS,N/A,N/A,2642
UPI2025001616,2025-08-28,20:34:22,PhonePe,P2M,Medical/Pharmacy,54.83,Axis Bank,Bank of Baroda,Android,4G,Mumbai,FAILED,Bank Server Down,Yes,6053
UPI2025001617,2025-08-13,01:01:25,PhonePe,P2P,Peer Transfer,26089.32,Union Bank of India,SBI,Android,4G,Hyderabad,FAILED,Daily Transaction Limit Exceeded,Yes,4532
UPI2025001618,2025-07-06,14:44:43,Google Pay,P2P,Peer Transfer,93.37,Axis Bank,Yes Bank,iOS,4G,Lucknow,SUCCESS,N/A,N/A,1928
UPI2025001619,2025-01-08,00:31:29,PhonePe,P2P,Peer Transfer,4875.03,ICICI Bank,Bank of Baroda,Android,5G,Ludhiana,FAILED,Incorrect UPI PIN,Yes,4024
UPI2025001620,2025-04-10,08:25:11,Google Pay,P2P,Peer Transfer,3432.56,Canara Bank,Union Bank of India,Android,5G,Chandigarh,FAILED,Incorrect UPI PIN,Yes,5432
UPI2025001621,2025-02-06,06:47:50,Google Pay,P2M,Travel,48016.35,SBI,Yes Bank,iOS,4G,Pune,FAILED,Invalid VPA / Beneficiary Not Found,Yes,6882
UPI2025001622,2025-12-21,13:16:15,Google Pay,P2P,Peer Transfer,231.64,HDFC Bank,HDFC Bank,Android,WiFi,Ludhiana,SUCCESS,N/A,N/A,1667
UPI2025001623,2025-09-21,11:59:58,PhonePe,P2M,Education Fee,601.27,IndusInd Bank,Union Bank of India,Android,WiFi,Amritsar,FAILED,Transaction Timeout,No,6645
UPI2025001624,2025-06-14,11:25:02,Google Pay,P2M,Recharge/Bill Payment,581.14,Axis Bank,Kotak Mahindra Bank,Android,WiFi,Chandigarh,SUCCESS,N/A,N/A,3085
UPI2025001625,2025-05-18,14:04:16,PhonePe,P2M,Recharge/Bill Payment,1957.53,Canara Bank,SBI,Android,4G,Mumbai,SUCCESS,N/A,N/A,2743
UPI2025001626,2025-11-23,08:45:48,PhonePe,P2P,Peer Transfer,3533.86,ICICI Bank,Axis Bank,iOS,4G,Amritsar,FAILED,Technical Decline by Issuer,Yes,4337
UPI2025001627,2025-02-18,14:58:31,Paytm,P2M,Travel,205.05,Yes Bank,Bank of Baroda,Android,4G,Patiala,FAILED,Bank Server Down,No,2884
UPI2025001628,2025-02-01,18:56:20,PhonePe,P2M,Recharge/Bill Payment,458.15,Canara Bank,IDBI Bank,Android,4G,Bhopal,SUCCESS,N/A,N/A,1598
UPI2025001629,2025-10-03,05:49:21,Amazon Pay,P2M,Rent,208.75,Canara Bank,Union Bank of India,Android,4G,Bhopal,SUCCESS,N/A,N/A,2353
UPI2025001630,2025-08-25,21:32:58,PhonePe,P2P,Peer Transfer,4538.39,ICICI Bank,Union Bank of India,iOS,4G,Delhi,SUCCESS,N/A,N/A,2258
UPI2025001631,2025-07-19,08:46:48,PhonePe,P2P,Peer Transfer,2939.15,SBI,SBI,Android,4G,Chandigarh,SUCCESS,N/A,N/A,260
UPI2025001632,2025-11-22,22:08:42,WhatsApp Pay,P2P,Peer Transfer,202.65,SBI,Punjab National Bank,Android,3G,Jalandhar,SUCCESS,N/A,N/A,1446
UPI2025001633,2025-12-26,18:33:47,Google Pay,P2M,Rent,431.92,Kotak Mahindra Bank,Bank of Baroda,Android,4G,Chandigarh,SUCCESS,N/A,N/A,1344
UPI2025001634,2025-10-13,01:02:40,Google Pay,P2M,Rent,142.29,SBI,Punjab National Bank,Android,WiFi,Chandigarh,SUCCESS,N/A,N/A,1638
UPI2025001635,2025-07-13,12:59:08,Paytm,P2P,Peer Transfer,2616.46,HDFC Bank,Axis Bank,Android,WiFi,Chandigarh,SUCCESS,N/A,N/A,3657
UPI2025001636,2025-06-12,11:03:26,Google Pay,P2M,Grocery,23130.05,Axis Bank,SBI,Android,WiFi,Pune,SUCCESS,N/A,N/A,1942
UPI2025001637,2025-06-20,13:22:25,Amazon Pay,P2P,Peer Transfer,372.75,HDFC Bank,IndusInd Bank,Android,4G,Ludhiana,SUCCESS,N/A,N/A,3722
UPI2025001638,2025-08-21,07:43:56,BHIM,P2P,Peer Transfer,215.0,IDBI Bank,HDFC Bank,Android,5G,Amritsar,SUCCESS,N/A,N/A,2053
UPI2025001639,2025-07-26,09:50:01,Google Pay,P2M,Food Delivery,231.26,IDBI Bank,Union Bank of India,Android,4G,Chandigarh,SUCCESS,N/A,N/A,2584
UPI2025001640,2025-11-08,20:07:26,PhonePe,P2P,Peer Transfer,214.88,Union Bank of India,SBI,Android,4G,Patiala,SUCCESS,N/A,N/A,2091
UPI2025001641,2025-12-19,12:48:56,Amazon Pay,P2M,Recharge/Bill Payment,124.2,Kotak Mahindra Bank,Axis Bank,Android,5G,Jaipur,SUCCESS,N/A,N/A,2881
UPI2025001642,2025-01-24,11:18:49,Paytm,P2M,Entertainment,3220.2,Punjab National Bank,Punjab National Bank,iOS,4G,Jalandhar,SUCCESS,N/A,N/A,1807
UPI2025001643,2025-08-23,18:45:14,PhonePe,P2P,Peer Transfer,148.9,Bank of Baroda,SBI,Android,4G,Jalandhar,FAILED,Insufficient Balance,Yes,4322
UPI2025001644,2025-12-09,19:05:18,WhatsApp Pay,P2M,Utility Bill,151.7,Punjab National Bank,Axis Bank,Android,WiFi,Kolkata,SUCCESS,N/A,N/A,1391
UPI2025001645,2025-08-04,17:17:43,Google Pay,P2M,Utility Bill,307.19,Yes Bank,Union Bank of India,iOS,4G,Noida,SUCCESS,N/A,N/A,945
UPI2025001646,2025-08-19,21:39:06,Paytm,P2M,Rent,272.73,Kotak Mahindra Bank,ICICI Bank,Android,WiFi,Mumbai,SUCCESS,N/A,N/A,983
UPI2025001647,2025-08-10,17:16:14,Google Pay,P2M,Rent,362.12,Bank of Baroda,Axis Bank,iOS,3G,Chennai,SUCCESS,N/A,N/A,2197
UPI2025001648,2025-03-14,20:42:03,PhonePe,P2P,Peer Transfer,192.02,Axis Bank,Axis Bank,iOS,WiFi,Delhi,SUCCESS,N/A,N/A,509
UPI2025001649,2025-04-04,06:45:53,PhonePe,P2P,Peer Transfer,86.32,Yes Bank,Union Bank of India,Android,3G,Hyderabad,SUCCESS,N/A,N/A,1797
UPI2025001650,2025-07-01,18:24:58,Paytm,P2P,Peer Transfer,281.54,Yes Bank,Punjab National Bank,Android,4G,Hyderabad,SUCCESS,N/A,N/A,1310
UPI2025001651,2025-12-17,20:21:12,PhonePe,P2P,Peer Transfer,133.59,Axis Bank,Kotak Mahindra Bank,Android,WiFi,Jaipur,SUCCESS,N/A,N/A,454
UPI2025001652,2025-10-10,16:32:24,WhatsApp Pay,P2P,Peer Transfer,1964.77,HDFC Bank,Kotak Mahindra Bank,Android,4G,Kolkata,SUCCESS,N/A,N/A,1788
UPI2025001653,2025-01-09,15:58:00,PhonePe,P2P,Peer Transfer,1147.26,IndusInd Bank,Punjab National Bank,Android,4G,Jaipur,SUCCESS,N/A,N/A,2147
UPI2025001654,2025-05-06,18:23:36,PhonePe,P2P,Peer Transfer,175.09,Punjab National Bank,Canara Bank,iOS,4G,Chennai,SUCCESS,N/A,N/A,741
UPI2025001655,2025-04-18,08:23:49,Paytm,P2P,Peer Transfer,1346.26,HDFC Bank,Punjab National Bank,Android,WiFi,Delhi,SUCCESS,N/A,N/A,3997
UPI2025001656,2025-04-13,17:37:12,Google Pay,P2M,Fuel,481.81,ICICI Bank,Kotak Mahindra Bank,Android,WiFi,Jalandhar,SUCCESS,N/A,N/A,2193
UPI2025001657,2025-01-22,13:26:14,Paytm,P2P,Peer Transfer,464.67,Canara Bank,Axis Bank,iOS,WiFi,Ludhiana,SUCCESS,N/A,N/A,1828
UPI2025001658,2025-09-24,18:31:33,BHIM,P2M,Food Delivery,2764.49,ICICI Bank,ICICI Bank,Android,5G,Mumbai,SUCCESS,N/A,N/A,246
UPI2025001659,2025-08-05,11:10:13,PhonePe,P2M,Recharge/Bill Payment,404.93,Yes Bank,Punjab National Bank,Android,WiFi,Chennai,SUCCESS,N/A,N/A,3540
UPI2025001660,2025-11-24,17:56:43,PhonePe,P2P,Peer Transfer,2730.73,HDFC Bank,Canara Bank,iOS,WiFi,Ludhiana,SUCCESS,N/A,N/A,2031
UPI2025001661,2025-06-09,19:56:47,BHIM,P2P,Peer Transfer,2248.39,Axis Bank,Canara Bank,Android,4G,Kolkata,SUCCESS,N/A,N/A,585
UPI2025001662,2025-03-17,13:07:17,Amazon Pay,P2M,Utility Bill,1778.47,Yes Bank,SBI,Android,WiFi,Chennai,SUCCESS,N/A,N/A,1390
UPI2025001663,2025-01-25,02:59:23,PhonePe,P2M,Grocery,22363.68,Union Bank of India,Yes Bank,Android,4G,Amritsar,SUCCESS,N/A,N/A,1143
UPI2025001664,2025-01-26,11:20:29,Paytm,P2P,Peer Transfer,54.01,Axis Bank,HDFC Bank,Android,4G,Bengaluru,SUCCESS,N/A,N/A,1629
UPI2025001665,2025-03-26,18:33:51,Paytm,P2M,Grocery,221.6,HDFC Bank,Canara Bank,Android,4G,Lucknow,SUCCESS,N/A,N/A,679
UPI2025001666,2025-03-01,14:25:11,Amazon Pay,P2M,Peer Transfer,1281.07,SBI,IndusInd Bank,Android,WiFi,Pune,SUCCESS,N/A,N/A,2204
UPI2025001667,2025-10-07,12:39:22,BHIM,P2P,Peer Transfer,122.94,Yes Bank,Yes Bank,Android,4G,Chennai,SUCCESS,N/A,N/A,2652
UPI2025001668,2025-08-28,09:33:38,PhonePe,P2P,Peer Transfer,90.55,SBI,Punjab National Bank,Android,5G,Pune,SUCCESS,N/A,N/A,1849
UPI2025001669,2025-03-29,08:27:27,Google Pay,P2P,Peer Transfer,205.29,Bank of Baroda,SBI,Android,4G,Chennai,FAILED,Insufficient Balance,No,280
UPI2025001670,2025-11-02,22:48:32,BHIM,P2P,Peer Transfer,474.39,Axis Bank,Kotak Mahindra Bank,Android,4G,Jaipur,FAILED,Transaction Timeout,No,7178
UPI2025001671,2025-08-04,09:35:43,PhonePe,P2P,Peer Transfer,2025.36,ICICI Bank,IDBI Bank,iOS,5G,Patiala,SUCCESS,N/A,N/A,2761
UPI2025001672,2025-10-23,10:55:16,Paytm,P2P,Peer Transfer,2622.9,Canara Bank,Axis Bank,Android,4G,Jalandhar,SUCCESS,N/A,N/A,642
UPI2025001673,2025-03-26,23:09:09,WhatsApp Pay,P2P,Peer Transfer,53.01,IDBI Bank,Union Bank of India,Android,5G,Hyderabad,SUCCESS,N/A,N/A,2189
UPI2025001674,2025-05-15,15:42:54,Paytm,P2M,Utility Bill,224.27,ICICI Bank,IDBI Bank,Android,4G,Lucknow,SUCCESS,N/A,N/A,1154
UPI2025001675,2025-05-27,09:56:39,CRED,P2P,Peer Transfer,72.01,Bank of Baroda,Axis Bank,Android,4G,Noida,SUCCESS,N/A,N/A,2022
UPI2025001676,2025-04-06,06:41:07,PhonePe,P2M,Entertainment,4286.11,Punjab National Bank,Kotak Mahindra Bank,Android,WiFi,Ludhiana,SUCCESS,N/A,N/A,1791
UPI2025001677,2025-05-03,10:35:19,Paytm,P2P,Peer Transfer,29.85,Yes Bank,Union Bank of India,Android,5G,Pune,SUCCESS,N/A,N/A,1413
UPI2025001678,2025-03-09,12:03:32,Paytm,P2P,Peer Transfer,330.76,Yes Bank,Kotak Mahindra Bank,iOS,5G,Lucknow,SUCCESS,N/A,N/A,2668
UPI2025001679,2025-05-02,18:50:30,Google Pay,P2M,Recharge/Bill Payment,8774.32,Bank of Baroda,Punjab National Bank,iOS,5G,Lucknow,FAILED,Duplicate Transaction Blocked,Yes,3764
UPI2025001680,2025-01-31,15:58:43,PhonePe,P2P,Peer Transfer,328.65,Kotak Mahindra Bank,Punjab National Bank,iOS,4G,Jaipur,SUCCESS,N/A,N/A,2432
UPI2025001681,2025-03-24,16:28:35,PhonePe,P2P,Peer Transfer,178.09,ICICI Bank,SBI,Android,4G,Hyderabad,FAILED,Duplicate Transaction Blocked,No,9833
UPI2025001682,2025-01-28,16:41:31,Google Pay,P2P,Peer Transfer,721.21,IDBI Bank,Yes Bank,Android,WiFi,Pune,SUCCESS,N/A,N/A,1887
UPI2025001683,2025-06-16,20:39:25,PhonePe,P2P,Peer Transfer,4443.32,IndusInd Bank,Yes Bank,Android,WiFi,Noida,FAILED,Insufficient Balance,Yes,4890
UPI2025001684,2025-07-07,10:51:38,CRED,P2P,Peer Transfer,225.12,ICICI Bank,ICICI Bank,Android,WiFi,Chennai,SUCCESS,N/A,N/A,2283
UPI2025001685,2025-09-28,15:33:34,Paytm,P2P,Peer Transfer,24.21,Yes Bank,Union Bank of India,Android,5G,Jalandhar,SUCCESS,N/A,N/A,3520
UPI2025001686,2025-09-24,15:58:44,Paytm,P2M,Utility Bill,4176.96,Axis Bank,HDFC Bank,Android,4G,Jalandhar,FAILED,Beneficiary Bank Server Down,No,6828
UPI2025001687,2025-08-13,16:11:14,Google Pay,P2P,Peer Transfer,16.25,SBI,ICICI Bank,Android,WiFi,Lucknow,SUCCESS,N/A,N/A,616
UPI2025001688,2025-05-27,10:18:36,Paytm,P2P,Peer Transfer,459.38,Punjab National Bank,Canara Bank,Android,4G,Bhopal,SUCCESS,N/A,N/A,2978
UPI2025001689,2025-04-29,11:42:48,PhonePe,P2M,Peer Transfer,463.08,Kotak Mahindra Bank,Punjab National Bank,Android,4G,Mumbai,SUCCESS,N/A,N/A,671
UPI2025001690,2025-03-20,12:22:27,Paytm,P2M,Grocery,296.71,SBI,Punjab National Bank,Android,4G,Kolkata,SUCCESS,N/A,N/A,1300
UPI2025001691,2025-07-02,09:37:47,PhonePe,P2P,Peer Transfer,3603.66,Punjab National Bank,IndusInd Bank,Android,5G,Mumbai,FAILED,Transaction Timeout,No,3238
UPI2025001692,2025-02-23,15:24:14,PhonePe,P2P,Peer Transfer,143.51,SBI,IDBI Bank,Android,4G,Lucknow,SUCCESS,N/A,N/A,1531
UPI2025001693,2025-03-04,15:29:26,Paytm,P2P,Peer Transfer,14.75,Kotak Mahindra Bank,Punjab National Bank,Android,4G,Ahmedabad,SUCCESS,N/A,N/A,2443
UPI2025001694,2025-08-30,19:53:36,Paytm,P2P,Peer Transfer,3899.47,IndusInd Bank,Kotak Mahindra Bank,Android,5G,Pune,SUCCESS,N/A,N/A,1589
UPI2025001695,2025-05-09,18:55:57,WhatsApp Pay,P2P,Peer Transfer,29917.77,Punjab National Bank,IDBI Bank,Android,WiFi,Ahmedabad,SUCCESS,N/A,N/A,2585
UPI2025001696,2025-06-03,15:38:37,Google Pay,P2M,Fuel,437.51,IndusInd Bank,Axis Bank,Android,5G,Pune,SUCCESS,N/A,N/A,2458
UPI2025001697,2025-04-15,20:16:01,PhonePe,P2M,Recharge/Bill Payment,261.9,Yes Bank,Yes Bank,Android,4G,Kolkata,SUCCESS,N/A,N/A,1298
UPI2025001698,2025-02-19,16:30:46,WhatsApp Pay,P2M,Utility Bill,311.46,IndusInd Bank,Yes Bank,Android,5G,Hyderabad,FAILED,Insufficient Balance,No,4565
UPI2025001699,2025-12-14,18:28:08,Google Pay,P2M,Grocery,10555.86,ICICI Bank,HDFC Bank,Android,4G,Gurugram,SUCCESS,N/A,N/A,572
UPI2025001700,2025-04-22,16:50:26,PhonePe,P2P,Peer Transfer,3504.21,Canara Bank,IndusInd Bank,Android,4G,Ludhiana,FAILED,Incorrect UPI PIN,Yes,3436
UPI2025001701,2025-04-29,12:04:09,Paytm,P2P,Peer Transfer,53.12,Axis Bank,IndusInd Bank,Android,WiFi,Lucknow,FAILED,Invalid VPA / Beneficiary Not Found,Yes,200
UPI2025001702,2025-12-02,13:54:25,BHIM,P2M,E-commerce,4681.67,Union Bank of India,IDBI Bank,Android,4G,Noida,SUCCESS,N/A,N/A,1095
UPI2025001703,2025-08-04,21:51:05,Amazon Pay,P2M,Fuel,392.95,IndusInd Bank,Axis Bank,Android,5G,Jalandhar,SUCCESS,N/A,N/A,2518
UPI2025001704,2025-05-08,12:14:05,Google Pay,P2P,Peer Transfer,12.61,Union Bank of India,Union Bank of India,iOS,4G,Amritsar,FAILED,Bank Server Down,No,3389
UPI2025001705,2025-10-15,08:54:15,Google Pay,P2P,Peer Transfer,4331.68,Canara Bank,Punjab National Bank,Android,5G,Ludhiana,SUCCESS,N/A,N/A,1928
UPI2025001706,2025-09-15,13:37:26,PhonePe,P2M,Travel,552.4,IDBI Bank,Yes Bank,Android,5G,Ludhiana,FAILED,Network Connectivity Issue,No,1047
UPI2025001707,2025-09-10,11:45:57,Google Pay,P2M,Grocery,300.04,Punjab National Bank,Kotak Mahindra Bank,Android,WiFi,Mumbai,SUCCESS,N/A,N/A,2012
UPI2025001708,2025-07-09,13:18:04,PhonePe,P2P,Peer Transfer,144.74,Axis Bank,SBI,iOS,4G,Pune,SUCCESS,N/A,N/A,954
UPI2025001709,2025-11-04,19:03:10,Google Pay,P2M,Travel,171.09,Union Bank of India,IndusInd Bank,Android,4G,Kolkata,SUCCESS,N/A,N/A,2458
UPI2025001710,2025-10-20,21:10:12,Google Pay,P2M,E-commerce,2990.42,Union Bank of India,ICICI Bank,Android,4G,Kolkata,SUCCESS,N/A,N/A,2929
UPI2025001711,2025-02-11,09:56:00,Google Pay,P2P,Peer Transfer,194.26,Axis Bank,Axis Bank,Android,4G,Bengaluru,SUCCESS,N/A,N/A,1098
UPI2025001712,2025-06-16,18:23:59,BHIM,P2P,Peer Transfer,176.79,Canara Bank,Kotak Mahindra Bank,Android,5G,Kolkata,SUCCESS,N/A,N/A,1213
UPI2025001713,2025-10-18,05:17:41,PhonePe,P2M,Recharge/Bill Payment,9856.6,SBI,HDFC Bank,iOS,5G,Bhopal,SUCCESS,N/A,N/A,1847
UPI2025001714,2025-11-13,14:15:01,Google Pay,P2P,Peer Transfer,365.21,IDBI Bank,ICICI Bank,Android,5G,Ludhiana,FAILED,Invalid VPA / Beneficiary Not Found,No,6230
UPI2025001715,2025-09-15,19:18:03,Amazon Pay,P2M,Rent,157.57,SBI,Canara Bank,Android,WiFi,Bhopal,SUCCESS,N/A,N/A,1010
UPI2025001716,2025-10-29,22:53:58,PhonePe,P2P,Peer Transfer,51.11,Yes Bank,IDBI Bank,iOS,4G,Amritsar,SUCCESS,N/A,N/A,533
UPI2025001717,2025-01-20,12:40:34,Google Pay,P2M,Entertainment,4158.18,Canara Bank,ICICI Bank,Android,4G,Mumbai,FAILED,Incorrect UPI PIN,Yes,5766
UPI2025001718,2025-08-16,18:21:24,PhonePe,P2M,Education Fee,247.65,Union Bank of India,Punjab National Bank,Android,4G,Pune,SUCCESS,N/A,N/A,1451
UPI2025001719,2025-09-01,09:36:49,WhatsApp Pay,P2P,Peer Transfer,286.51,ICICI Bank,HDFC Bank,Android,4G,Gurugram,SUCCESS,N/A,N/A,2982
UPI2025001720,2025-07-19,04:44:22,CRED,P2M,Rent,4249.73,Union Bank of India,Kotak Mahindra Bank,Android,5G,Mumbai,SUCCESS,N/A,N/A,946
UPI2025001721,2025-01-20,19:31:18,Paytm,P2M,Medical/Pharmacy,62.65,Yes Bank,Axis Bank,Android,3G,Hyderabad,SUCCESS,N/A,N/A,1407
UPI2025001722,2025-03-11,16:47:56,Amazon Pay,P2P,Peer Transfer,488.27,HDFC Bank,Canara Bank,Android,WiFi,Jaipur,SUCCESS,N/A,N/A,1042
UPI2025001723,2025-04-08,09:29:11,Google Pay,P2P,Peer Transfer,204.64,Bank of Baroda,Punjab National Bank,Android,4G,Kolkata,SUCCESS,N/A,N/A,1974
UPI2025001724,2025-04-12,16:41:24,BHIM,P2M,Grocery,30899.73,Axis Bank,Axis Bank,Android,WiFi,Jalandhar,SUCCESS,N/A,N/A,2978
UPI2025001725,2025-04-25,11:56:57,BHIM,P2M,Entertainment,430.97,Punjab National Bank,Union Bank of India,Android,5G,Kolkata,FAILED,Beneficiary Bank Server Down,No,3444
UPI2025001726,2025-01-05,19:39:43,PhonePe,P2P,Peer Transfer,257.15,Union Bank of India,Yes Bank,Android,WiFi,Jalandhar,SUCCESS,N/A,N/A,3017
UPI2025001727,2025-06-24,14:39:44,Amazon Pay,P2M,E-commerce,1093.15,Kotak Mahindra Bank,Kotak Mahindra Bank,Android,WiFi,Kolkata,SUCCESS,N/A,N/A,2330
UPI2025001728,2025-04-15,09:58:31,PhonePe,P2M,Peer Transfer,3833.51,ICICI Bank,ICICI Bank,Android,4G,Jaipur,SUCCESS,N/A,N/A,200
UPI2025001729,2025-02-02,08:38:08,Google Pay,P2M,Recharge/Bill Payment,364.08,Bank of Baroda,IndusInd Bank,Android,4G,Mumbai,SUCCESS,N/A,N/A,2850
UPI2025001730,2025-12-02,21:49:26,Google Pay,P2P,Peer Transfer,22956.82,ICICI Bank,IndusInd Bank,Android,5G,Jaipur,SUCCESS,N/A,N/A,1102
UPI2025001731,2025-04-05,13:46:51,Google Pay,P2M,Rent,120.68,Kotak Mahindra Bank,ICICI Bank,Android,WiFi,Amritsar,FAILED,Bank Server Down,Yes,8295
UPI2025001732,2025-04-11,16:01:41,Paytm,P2P,Peer Transfer,261.48,Bank of Baroda,HDFC Bank,Android,4G,Bhopal,SUCCESS,N/A,N/A,1697
UPI2025001733,2025-01-16,04:36:34,BHIM,P2M,Food Delivery,2201.88,Axis Bank,IDBI Bank,Android,4G,Chandigarh,FAILED,Network Connectivity Issue,No,6874
UPI2025001734,2025-05-25,18:32:42,Amazon Pay,P2P,Peer Transfer,1810.82,HDFC Bank,IDBI Bank,Android,4G,Patiala,SUCCESS,N/A,N/A,931
UPI2025001735,2025-06-05,11:00:06,Paytm,P2P,Peer Transfer,119.1,HDFC Bank,Union Bank of India,Android,4G,Ahmedabad,SUCCESS,N/A,N/A,200
UPI2025001736,2025-10-19,08:53:43,Google Pay,P2M,Education Fee,32126.34,Kotak Mahindra Bank,ICICI Bank,iOS,5G,Gurugram,SUCCESS,N/A,N/A,3709
UPI2025001737,2025-11-20,11:20:49,Paytm,P2P,Peer Transfer,469.5,Kotak Mahindra Bank,Yes Bank,iOS,4G,Ahmedabad,SUCCESS,N/A,N/A,2472
UPI2025001738,2025-02-16,16:46:08,Google Pay,P2P,Peer Transfer,4827.93,Yes Bank,ICICI Bank,Android,WiFi,Chandigarh,FAILED,Insufficient Balance,Yes,5095
UPI2025001739,2025-09-26,06:18:10,PhonePe,P2M,Food Delivery,4777.66,Union Bank of India,Axis Bank,Android,5G,Gurugram,SUCCESS,N/A,N/A,230
UPI2025001740,2025-08-09,18:44:55,Google Pay,P2P,Peer Transfer,390.54,Canara Bank,IndusInd Bank,iOS,4G,Hyderabad,SUCCESS,N/A,N/A,1941
UPI2025001741,2025-07-24,07:10:32,Paytm,P2P,Peer Transfer,245.82,HDFC Bank,IDBI Bank,Android,WiFi,Patiala,SUCCESS,N/A,N/A,1812
UPI2025001742,2025-10-14,17:10:45,Google Pay,P2M,Rent,369.62,SBI,Bank of Baroda,Android,4G,Bhopal,SUCCESS,N/A,N/A,2307
UPI2025001743,2025-12-06,07:20:40,Google Pay,P2P,Peer Transfer,210.51,ICICI Bank,Punjab National Bank,Android,4G,Ludhiana,SUCCESS,N/A,N/A,1789
UPI2025001744,2025-08-03,17:59:26,BHIM,P2M,Peer Transfer,1067.61,IndusInd Bank,ICICI Bank,Android,4G,Chennai,SUCCESS,N/A,N/A,791
UPI2025001745,2025-09-28,13:52:29,Paytm,P2P,Peer Transfer,2308.07,Axis Bank,Axis Bank,Android,WiFi,Gurugram,SUCCESS,N/A,N/A,1234
UPI2025001746,2025-05-30,17:56:13,Google Pay,P2M,Food Delivery,480.41,Canara Bank,Kotak Mahindra Bank,Android,5G,Bhopal,SUCCESS,N/A,N/A,2957
UPI2025001747,2025-10-19,19:25:11,PhonePe,P2P,Peer Transfer,1785.32,HDFC Bank,Axis Bank,Android,WiFi,Ludhiana,SUCCESS,N/A,N/A,1031
UPI2025001748,2025-03-15,08:32:50,Google Pay,P2M,Food Delivery,123.61,Axis Bank,IDBI Bank,Android,WiFi,Pune,SUCCESS,N/A,N/A,1221
UPI2025001749,2025-03-14,13:38:46,BHIM,P2P,Peer Transfer,2335.48,Union Bank of India,Canara Bank,iOS,5G,Ludhiana,SUCCESS,N/A,N/A,2751
UPI2025001750,2025-12-14,14:24:06,Paytm,P2M,Peer Transfer,500.24,Kotak Mahindra Bank,Yes Bank,Android,5G,Bhopal,SUCCESS,N/A,N/A,2670
UPI2025001751,2025-11-29,17:17:15,Paytm,P2P,Peer Transfer,570.39,IndusInd Bank,ICICI Bank,Android,4G,Chennai,SUCCESS,N/A,N/A,2447
UPI2025001752,2025-09-27,07:37:26,PhonePe,P2P,Peer Transfer,473.36,Union Bank of India,Yes Bank,Android,4G,Noida,FAILED,Daily Transaction Limit Exceeded,No,8139
UPI2025001753,2025-11-16,18:44:25,PhonePe,P2P,Peer Transfer,842.38,IDBI Bank,Kotak Mahindra Bank,Android,5G,Lucknow,SUCCESS,N/A,N/A,2147
UPI2025001754,2025-02-06,08:28:13,Google Pay,P2M,Recharge/Bill Payment,455.37,Union Bank of India,IndusInd Bank,Android,4G,Hyderabad,SUCCESS,N/A,N/A,3023
UPI2025001755,2025-09-01,16:48:28,Paytm,P2M,Grocery,29159.07,ICICI Bank,IndusInd Bank,Android,5G,Chandigarh,SUCCESS,N/A,N/A,1964
UPI2025001756,2025-06-10,13:19:04,Paytm,P2P,Peer Transfer,45475.39,IndusInd Bank,IndusInd Bank,Android,4G,Chennai,SUCCESS,N/A,N/A,1049
UPI2025001757,2025-09-21,14:35:22,Paytm,P2P,Peer Transfer,4506.36,IndusInd Bank,Punjab National Bank,Android,5G,Gurugram,SUCCESS,N/A,N/A,850
UPI2025001758,2025-02-13,13:15:18,BHIM,P2P,Peer Transfer,464.69,Union Bank of India,Yes Bank,Android,5G,Bhopal,FAILED,Bank Server Down,No,4365
UPI2025001759,2025-07-27,03:18:20,Google Pay,P2M,Education Fee,952.39,IndusInd Bank,ICICI Bank,Android,WiFi,Kolkata,SUCCESS,N/A,N/A,2924
UPI2025001760,2025-02-15,19:02:10,PhonePe,P2P,Peer Transfer,27163.48,Canara Bank,SBI,Android,5G,Delhi,FAILED,Transaction Timeout,Yes,2387
UPI2025001761,2025-11-20,10:33:06,Paytm,P2M,Peer Transfer,249.71,SBI,Union Bank of India,Android,WiFi,Delhi,SUCCESS,N/A,N/A,1910
UPI2025001762,2025-04-29,17:34:35,Google Pay,P2P,Peer Transfer,131.78,IndusInd Bank,IDBI Bank,iOS,5G,Bengaluru,SUCCESS,N/A,N/A,1422
UPI2025001763,2025-06-11,23:15:00,Google Pay,P2M,Grocery,128.68,Canara Bank,Bank of Baroda,Android,4G,Lucknow,SUCCESS,N/A,N/A,2210
UPI2025001764,2025-10-23,17:06:37,Amazon Pay,P2M,Grocery,346.82,IndusInd Bank,Bank of Baroda,iOS,WiFi,Jaipur,SUCCESS,N/A,N/A,200
UPI2025001765,2025-08-05,10:36:12,BHIM,P2M,Fuel,155.26,Union Bank of India,Yes Bank,Android,5G,Gurugram,SUCCESS,N/A,N/A,2001
UPI2025001766,2025-12-21,18:01:41,Google Pay,P2P,Peer Transfer,335.22,Canara Bank,ICICI Bank,Android,4G,Bengaluru,SUCCESS,N/A,N/A,200
UPI2025001767,2025-03-21,13:56:44,Google Pay,P2M,Fuel,152.24,Axis Bank,Punjab National Bank,iOS,4G,Delhi,SUCCESS,N/A,N/A,2371
UPI2025001768,2025-04-17,17:27:35,Amazon Pay,P2P,Peer Transfer,896.57,Kotak Mahindra Bank,Bank of Baroda,iOS,4G,Chandigarh,FAILED,Technical Decline by Issuer,No,4264
UPI2025001769,2025-06-19,20:08:20,WhatsApp Pay,P2M,Recharge/Bill Payment,309.36,ICICI Bank,ICICI Bank,Android,4G,Pune,FAILED,Transaction Timeout,No,10386
UPI2025001770,2025-06-20,18:16:31,Google Pay,P2P,Peer Transfer,47691.72,Kotak Mahindra Bank,Punjab National Bank,Android,4G,Pune,SUCCESS,N/A,N/A,2452
UPI2025001771,2025-05-07,09:54:52,BHIM,P2P,Peer Transfer,439.1,Union Bank of India,Axis Bank,Android,4G,Chandigarh,SUCCESS,N/A,N/A,1767
UPI2025001772,2025-10-10,12:06:10,Paytm,P2P,Peer Transfer,424.8,IndusInd Bank,SBI,Android,4G,Amritsar,SUCCESS,N/A,N/A,235
UPI2025001773,2025-12-28,20:59:45,Paytm,P2P,Peer Transfer,133.68,Axis Bank,Yes Bank,iOS,5G,Patiala,SUCCESS,N/A,N/A,1060
UPI2025001774,2025-07-28,16:46:15,PhonePe,P2M,Medical/Pharmacy,357.08,Union Bank of India,Bank of Baroda,Android,4G,Ahmedabad,FAILED,Network Connectivity Issue,Yes,1924
UPI2025001775,2025-11-30,11:25:07,CRED,P2P,Peer Transfer,2164.5,Bank of Baroda,Canara Bank,Android,4G,Kolkata,SUCCESS,N/A,N/A,2075
UPI2025001776,2025-07-25,19:03:23,Google Pay,P2P,Peer Transfer,13205.08,HDFC Bank,Punjab National Bank,Android,5G,Lucknow,SUCCESS,N/A,N/A,1592
UPI2025001777,2025-05-19,18:19:28,Amazon Pay,P2M,Fuel,1436.11,IDBI Bank,IDBI Bank,Android,WiFi,Chennai,FAILED,Transaction Timeout,No,6576
UPI2025001778,2025-08-10,13:16:18,BHIM,P2P,Peer Transfer,226.19,IndusInd Bank,Axis Bank,Android,5G,Ludhiana,SUCCESS,N/A,N/A,2487
UPI2025001779,2025-02-18,15:26:05,Amazon Pay,P2P,Peer Transfer,320.01,HDFC Bank,IDBI Bank,iOS,5G,Amritsar,SUCCESS,N/A,N/A,2223
UPI2025001780,2025-01-15,14:32:34,Amazon Pay,P2P,Peer Transfer,7623.37,Union Bank of India,HDFC Bank,Android,5G,Jalandhar,FAILED,Network Connectivity Issue,Yes,8444
UPI2025001781,2025-05-03,17:20:11,Google Pay,P2P,Peer Transfer,4387.56,IDBI Bank,Punjab National Bank,iOS,4G,Kolkata,SUCCESS,N/A,N/A,1518
UPI2025001782,2025-07-07,19:50:32,Google Pay,P2M,Medical/Pharmacy,1407.45,Union Bank of India,IndusInd Bank,Android,5G,Ahmedabad,SUCCESS,N/A,N/A,1083
UPI2025001783,2025-05-29,14:47:30,PhonePe,P2M,Travel,1231.93,Kotak Mahindra Bank,ICICI Bank,Android,4G,Ahmedabad,SUCCESS,N/A,N/A,2954
UPI2025001784,2025-11-12,12:37:38,PhonePe,P2M,Fuel,215.43,Kotak Mahindra Bank,Yes Bank,iOS,4G,Ludhiana,SUCCESS,N/A,N/A,1870
UPI2025001785,2025-02-13,05:38:35,PhonePe,P2P,Peer Transfer,270.35,Axis Bank,IndusInd Bank,iOS,WiFi,Kolkata,FAILED,Invalid VPA / Beneficiary Not Found,Yes,3239
UPI2025001786,2025-06-09,17:18:57,Google Pay,P2P,Peer Transfer,34.53,Yes Bank,Punjab National Bank,Android,5G,Gurugram,SUCCESS,N/A,N/A,2316
UPI2025001787,2025-10-19,21:53:42,PhonePe,P2P,Peer Transfer,350.71,Canara Bank,IndusInd Bank,Android,WiFi,Lucknow,SUCCESS,N/A,N/A,200
UPI2025001788,2025-12-12,14:40:45,PhonePe,P2M,Rent,272.09,Union Bank of India,ICICI Bank,Android,5G,Amritsar,FAILED,Bank Server Down,No,6859
UPI2025001789,2025-10-11,15:42:57,Paytm,P2M,Fuel,47710.06,Yes Bank,HDFC Bank,Android,4G,Chennai,SUCCESS,N/A,N/A,2503
UPI2025001790,2025-06-29,01:21:48,PhonePe,P2M,Food Delivery,195.24,Punjab National Bank,Punjab National Bank,Android,WiFi,Jalandhar,SUCCESS,N/A,N/A,979
UPI2025001791,2025-10-23,20:33:25,CRED,P2P,Peer Transfer,249.28,HDFC Bank,HDFC Bank,Android,4G,Gurugram,SUCCESS,N/A,N/A,200
UPI2025001792,2025-10-20,13:34:07,Paytm,P2M,Entertainment,91.9,IndusInd Bank,Axis Bank,iOS,4G,Kolkata,SUCCESS,N/A,N/A,2285
UPI2025001793,2025-12-11,19:47:50,PhonePe,P2M,Recharge/Bill Payment,2787.83,IDBI Bank,IndusInd Bank,iOS,4G,Delhi,SUCCESS,N/A,N/A,1394
UPI2025001794,2025-02-27,15:27:59,PhonePe,P2M,Medical/Pharmacy,239.22,Axis Bank,Axis Bank,Android,WiFi,Kolkata,SUCCESS,N/A,N/A,2064
UPI2025001795,2025-07-29,18:48:46,PhonePe,P2M,Utility Bill,268.54,IDBI Bank,SBI,Android,4G,Jaipur,FAILED,Invalid VPA / Beneficiary Not Found,Yes,938
UPI2025001796,2025-04-04,18:05:00,Google Pay,P2M,Entertainment,3997.34,Union Bank of India,ICICI Bank,Android,5G,Kolkata,SUCCESS,N/A,N/A,3152
UPI2025001797,2025-04-05,18:02:36,Google Pay,P2M,Food Delivery,221.87,Union Bank of India,Bank of Baroda,iOS,5G,Delhi,SUCCESS,N/A,N/A,842
UPI2025001798,2025-01-24,20:19:13,Paytm,P2P,Peer Transfer,155.77,Axis Bank,Kotak Mahindra Bank,Android,5G,Gurugram,SUCCESS,N/A,N/A,2719
UPI2025001799,2025-05-28,18:08:58,PhonePe,P2P,Peer Transfer,10.44,Axis Bank,IDBI Bank,Android,4G,Pune,FAILED,Incorrect UPI PIN,No,3266
UPI2025001800,2025-10-01,00:21:34,PhonePe,P2P,Peer Transfer,700.57,Kotak Mahindra Bank,HDFC Bank,iOS,5G,Pune,FAILED,Bank Server Down,Yes,1804
UPI2025001801,2025-05-26,10:31:36,Google Pay,P2P,Peer Transfer,1934.14,Bank of Baroda,HDFC Bank,Android,4G,Delhi,SUCCESS,N/A,N/A,1509
UPI2025001802,2025-11-22,14:15:30,PhonePe,P2M,Education Fee,1653.15,Canara Bank,SBI,Android,3G,Jaipur,SUCCESS,N/A,N/A,1469
UPI2025001803,2025-05-14,20:18:11,PhonePe,P2P,Peer Transfer,334.94,Kotak Mahindra Bank,Punjab National Bank,Android,5G,Mumbai,FAILED,Insufficient Balance,No,4309
UPI2025001804,2025-06-29,22:20:40,Amazon Pay,P2M,Utility Bill,46660.48,Bank of Baroda,Union Bank of India,iOS,4G,Hyderabad,FAILED,Bank Server Down,Yes,7960
UPI2025001805,2025-03-15,17:34:00,Google Pay,P2P,Peer Transfer,2120.64,Axis Bank,SBI,Android,4G,Chandigarh,SUCCESS,N/A,N/A,1597
UPI2025001806,2025-07-17,20:16:40,Google Pay,P2P,Peer Transfer,4168.31,Punjab National Bank,Canara Bank,Android,4G,Kolkata,SUCCESS,N/A,N/A,2065
UPI2025001807,2025-12-26,02:26:36,Paytm,P2P,Peer Transfer,147.17,Kotak Mahindra Bank,Canara Bank,Android,WiFi,Ludhiana,SUCCESS,N/A,N/A,2905
UPI2025001808,2025-03-09,14:48:54,Google Pay,P2P,Peer Transfer,450.63,IndusInd Bank,Union Bank of India,Android,4G,Lucknow,FAILED,Invalid VPA / Beneficiary Not Found,No,5422
UPI2025001809,2025-10-25,11:47:57,PhonePe,P2P,Peer Transfer,58.87,Canara Bank,HDFC Bank,iOS,4G,Patiala,SUCCESS,N/A,N/A,846
UPI2025001810,2025-08-06,23:50:06,Paytm,P2M,Grocery,327.06,Punjab National Bank,IDBI Bank,Android,WiFi,Gurugram,SUCCESS,N/A,N/A,1349
UPI2025001811,2025-12-16,06:31:13,PhonePe,P2M,Education Fee,1466.31,Canara Bank,Yes Bank,Android,4G,Jaipur,SUCCESS,N/A,N/A,2478
UPI2025001812,2025-07-04,13:53:16,Google Pay,P2M,Peer Transfer,2586.54,IDBI Bank,SBI,iOS,WiFi,Lucknow,FAILED,Network Connectivity Issue,No,4699
UPI2025001813,2025-01-10,09:08:25,Google Pay,P2M,Fuel,151.22,Punjab National Bank,ICICI Bank,Android,WiFi,Pune,SUCCESS,N/A,N/A,1995
UPI2025001814,2025-08-26,03:41:22,PhonePe,P2P,Peer Transfer,1350.58,ICICI Bank,SBI,Android,4G,Noida,SUCCESS,N/A,N/A,1381
UPI2025001815,2025-11-22,17:06:36,Google Pay,P2M,E-commerce,2279.7,Punjab National Bank,Bank of Baroda,iOS,5G,Delhi,SUCCESS,N/A,N/A,1958
UPI2025001816,2025-10-05,16:06:40,Amazon Pay,P2P,Peer Transfer,46.63,ICICI Bank,Punjab National Bank,Android,5G,Bhopal,SUCCESS,N/A,N/A,2206
UPI2025001817,2025-10-17,12:16:55,WhatsApp Pay,P2P,Peer Transfer,8522.35,Kotak Mahindra Bank,Axis Bank,Android,3G,Ahmedabad,SUCCESS,N/A,N/A,2714
UPI2025001818,2025-03-14,11:16:53,Amazon Pay,P2P,Peer Transfer,2483.85,Yes Bank,Yes Bank,Android,4G,Delhi,FAILED,Incorrect UPI PIN,Yes,3693
UPI2025001819,2025-02-08,17:13:03,PhonePe,P2P,Peer Transfer,26.56,ICICI Bank,Union Bank of India,Android,4G,Chandigarh,SUCCESS,N/A,N/A,1411
UPI2025001820,2025-01-13,16:49:50,Google Pay,P2P,Peer Transfer,173.73,Kotak Mahindra Bank,IDBI Bank,Android,4G,Bhopal,SUCCESS,N/A,N/A,200
UPI2025001821,2025-01-04,11:30:38,Google Pay,P2P,Peer Transfer,10205.39,SBI,HDFC Bank,Android,WiFi,Ludhiana,FAILED,Beneficiary Bank Server Down,No,6089
UPI2025001822,2025-02-04,09:49:02,Paytm,P2P,Peer Transfer,326.19,ICICI Bank,ICICI Bank,Android,WiFi,Delhi,SUCCESS,N/A,N/A,3014
UPI2025001823,2025-07-03,20:41:24,PhonePe,P2P,Peer Transfer,351.57,ICICI Bank,HDFC Bank,iOS,4G,Hyderabad,SUCCESS,N/A,N/A,2107
UPI2025001824,2025-11-04,07:31:07,PhonePe,P2P,Peer Transfer,2031.24,Union Bank of India,HDFC Bank,Android,4G,Pune,SUCCESS,N/A,N/A,3525
UPI2025001825,2025-02-26,19:48:19,Google Pay,P2P,Peer Transfer,253.13,ICICI Bank,ICICI Bank,Android,4G,Chandigarh,SUCCESS,N/A,N/A,420
UPI2025001826,2025-03-25,20:17:48,Google Pay,P2M,Peer Transfer,361.79,IDBI Bank,Yes Bank,Android,5G,Chennai,SUCCESS,N/A,N/A,784
UPI2025001827,2025-07-04,20:24:39,Google Pay,P2P,Peer Transfer,144.39,Yes Bank,ICICI Bank,Android,4G,Pune,SUCCESS,N/A,N/A,1477
UPI2025001828,2025-07-02,12:41:29,PhonePe,P2M,Utility Bill,184.25,Punjab National Bank,IDBI Bank,Android,WiFi,Lucknow,SUCCESS,N/A,N/A,697
UPI2025001829,2025-05-17,07:02:08,Google Pay,P2P,Peer Transfer,372.11,IndusInd Bank,Yes Bank,iOS,5G,Mumbai,FAILED,Bank Server Down,No,200
UPI2025001830,2025-10-22,17:46:38,BHIM,P2P,Peer Transfer,2293.26,Kotak Mahindra Bank,Punjab National Bank,Android,WiFi,Gurugram,SUCCESS,N/A,N/A,1772
UPI2025001831,2025-02-19,09:24:03,Amazon Pay,P2P,Peer Transfer,697.57,Union Bank of India,Union Bank of India,Android,4G,Pune,SUCCESS,N/A,N/A,1774
UPI2025001832,2025-09-13,15:05:36,Google Pay,P2P,Peer Transfer,110.63,SBI,Canara Bank,iOS,4G,Patiala,SUCCESS,N/A,N/A,3027
UPI2025001833,2025-01-20,12:47:46,Paytm,P2M,Rent,969.67,Axis Bank,Kotak Mahindra Bank,Android,WiFi,Kolkata,SUCCESS,N/A,N/A,2156
UPI2025001834,2025-04-19,15:32:27,Google Pay,P2P,Peer Transfer,363.93,SBI,Union Bank of India,Android,WiFi,Patiala,SUCCESS,N/A,N/A,1952
UPI2025001835,2025-06-17,09:45:54,Google Pay,P2P,Peer Transfer,200.93,HDFC Bank,ICICI Bank,Android,5G,Chandigarh,SUCCESS,N/A,N/A,2694
UPI2025001836,2025-05-20,20:00:56,Google Pay,P2P,Peer Transfer,2234.62,Axis Bank,SBI,Android,5G,Pune,SUCCESS,N/A,N/A,2029
UPI2025001837,2025-10-16,18:25:29,Google Pay,P2P,Peer Transfer,61.81,HDFC Bank,IndusInd Bank,Android,5G,Mumbai,FAILED,Insufficient Balance,No,3749
UPI2025001838,2025-01-09,15:54:54,Google Pay,P2M,E-commerce,246.96,IndusInd Bank,IDBI Bank,Android,5G,Chennai,SUCCESS,N/A,N/A,1756
UPI2025001839,2025-08-15,17:49:36,Paytm,P2M,Travel,194.43,IDBI Bank,IDBI Bank,Android,WiFi,Kolkata,SUCCESS,N/A,N/A,618
UPI2025001840,2025-11-24,21:54:55,Amazon Pay,P2M,Travel,150.79,Kotak Mahindra Bank,Canara Bank,Android,4G,Gurugram,SUCCESS,N/A,N/A,2154
UPI2025001841,2025-03-27,10:07:56,Google Pay,P2P,Peer Transfer,264.53,Axis Bank,Canara Bank,Android,WiFi,Kolkata,FAILED,Transaction Timeout,No,6703
UPI2025001842,2025-09-27,10:32:09,Paytm,P2M,E-commerce,284.52,Punjab National Bank,ICICI Bank,Android,WiFi,Ludhiana,FAILED,Incorrect UPI PIN,No,5483
UPI2025001843,2025-04-18,13:01:28,PhonePe,P2M,Fuel,159.67,IndusInd Bank,IndusInd Bank,Android,5G,Jaipur,SUCCESS,N/A,N/A,2668
UPI2025001844,2025-02-27,18:06:03,PhonePe,P2M,Recharge/Bill Payment,233.11,Punjab National Bank,Yes Bank,Android,5G,Mumbai,SUCCESS,N/A,N/A,2433
UPI2025001845,2025-03-01,21:41:14,PhonePe,P2M,Recharge/Bill Payment,205.09,IndusInd Bank,Punjab National Bank,iOS,4G,Delhi,SUCCESS,N/A,N/A,200
UPI2025001846,2025-07-14,20:31:16,Paytm,P2P,Peer Transfer,607.89,ICICI Bank,Canara Bank,iOS,5G,Jalandhar,SUCCESS,N/A,N/A,1880
UPI2025001847,2025-03-04,21:14:22,CRED,P2P,Peer Transfer,281.43,SBI,SBI,Android,4G,Bhopal,SUCCESS,N/A,N/A,2793
UPI2025001848,2025-08-03,17:06:35,Google Pay,P2M,Utility Bill,2473.95,Kotak Mahindra Bank,HDFC Bank,iOS,4G,Ludhiana,SUCCESS,N/A,N/A,1453
UPI2025001849,2025-12-03,20:07:56,Google Pay,P2P,Peer Transfer,2984.08,Canara Bank,IndusInd Bank,Android,4G,Ludhiana,FAILED,Insufficient Balance,Yes,7244
UPI2025001850,2025-02-25,13:01:05,Paytm,P2P,Peer Transfer,1467.52,IDBI Bank,ICICI Bank,iOS,5G,Patiala,FAILED,Insufficient Balance,Yes,4784
UPI2025001851,2025-12-18,10:34:45,PhonePe,P2P,Peer Transfer,179.59,Canara Bank,IDBI Bank,Android,4G,Hyderabad,SUCCESS,N/A,N/A,2474
UPI2025001852,2025-10-09,05:56:19,Paytm,P2P,Peer Transfer,102.14,ICICI Bank,Canara Bank,Android,5G,Jaipur,SUCCESS,N/A,N/A,200
UPI2025001853,2025-01-10,07:05:21,Google Pay,P2M,Utility Bill,245.55,Bank of Baroda,Canara Bank,iOS,WiFi,Ahmedabad,SUCCESS,N/A,N/A,2279
UPI2025001854,2025-02-27,10:22:35,WhatsApp Pay,P2M,Education Fee,2580.48,HDFC Bank,Canara Bank,Android,WiFi,Bengaluru,SUCCESS,N/A,N/A,1075
UPI2025001855,2025-02-19,19:42:11,PhonePe,P2P,Peer Transfer,77.76,SBI,Union Bank of India,Android,WiFi,Lucknow,SUCCESS,N/A,N/A,1589
UPI2025001856,2025-11-01,12:09:54,Google Pay,P2M,Travel,3866.73,HDFC Bank,IndusInd Bank,iOS,4G,Hyderabad,SUCCESS,N/A,N/A,1623
UPI2025001857,2025-04-24,14:53:05,Paytm,P2M,Medical/Pharmacy,375.66,IndusInd Bank,SBI,Android,4G,Bengaluru,SUCCESS,N/A,N/A,2728
UPI2025001858,2025-04-28,14:30:19,CRED,P2P,Peer Transfer,648.4,ICICI Bank,Axis Bank,Android,4G,Delhi,SUCCESS,N/A,N/A,531
UPI2025001859,2025-06-12,20:48:24,PhonePe,P2P,Peer Transfer,140.03,HDFC Bank,ICICI Bank,Android,4G,Hyderabad,SUCCESS,N/A,N/A,1114
UPI2025001860,2025-10-19,12:22:16,PhonePe,P2M,Utility Bill,251.01,ICICI Bank,SBI,Android,WiFi,Mumbai,SUCCESS,N/A,N/A,1530
UPI2025001861,2025-02-09,17:39:31,Paytm,P2P,Peer Transfer,128.93,Union Bank of India,Union Bank of India,Android,4G,Patiala,SUCCESS,N/A,N/A,1577
UPI2025001862,2025-03-29,11:37:50,Google Pay,P2M,Education Fee,320.69,Union Bank of India,ICICI Bank,Android,5G,Patiala,SUCCESS,N/A,N/A,2099
UPI2025001863,2025-06-07,12:55:49,Google Pay,P2M,Recharge/Bill Payment,385.35,HDFC Bank,HDFC Bank,Android,WiFi,Lucknow,SUCCESS,N/A,N/A,1645
UPI2025001864,2025-09-12,18:05:51,Paytm,P2P,Peer Transfer,4978.22,Axis Bank,SBI,Android,4G,Gurugram,SUCCESS,N/A,N/A,3094
UPI2025001865,2025-11-16,21:31:09,Google Pay,P2M,Travel,36303.83,IDBI Bank,Yes Bank,Android,4G,Amritsar,FAILED,Daily Transaction Limit Exceeded,Yes,7585
UPI2025001866,2025-06-23,15:37:39,PhonePe,P2P,Peer Transfer,53.71,SBI,HDFC Bank,Android,WiFi,Jalandhar,SUCCESS,N/A,N/A,2019
UPI2025001867,2025-12-30,14:07:15,Google Pay,P2M,Peer Transfer,133.9,IDBI Bank,Canara Bank,iOS,WiFi,Bhopal,SUCCESS,N/A,N/A,4239
UPI2025001868,2025-10-31,18:56:40,Paytm,P2M,Peer Transfer,23663.11,ICICI Bank,Bank of Baroda,iOS,3G,Gurugram,SUCCESS,N/A,N/A,2267
UPI2025001869,2025-08-14,17:54:40,PhonePe,P2M,Grocery,1400.04,Union Bank of India,Bank of Baroda,Android,4G,Chennai,SUCCESS,N/A,N/A,3077
UPI2025001870,2025-05-12,15:45:07,Google Pay,P2P,Peer Transfer,372.01,ICICI Bank,Union Bank of India,iOS,4G,Ludhiana,SUCCESS,N/A,N/A,2064
UPI2025001871,2025-10-30,13:48:03,Paytm,P2M,Food Delivery,4227.23,Canara Bank,HDFC Bank,Android,5G,Gurugram,FAILED,Transaction Timeout,No,4608
UPI2025001872,2025-03-02,08:12:43,PhonePe,P2M,Fuel,302.05,IndusInd Bank,Yes Bank,Android,WiFi,Bhopal,FAILED,Bank Server Down,Yes,4751
UPI2025001873,2025-06-23,20:35:55,Google Pay,P2M,Education Fee,321.82,SBI,ICICI Bank,Android,5G,Bhopal,SUCCESS,N/A,N/A,3121
UPI2025001874,2025-05-17,13:32:02,Google Pay,P2M,Fuel,2914.8,Yes Bank,Punjab National Bank,Android,WiFi,Jalandhar,SUCCESS,N/A,N/A,1772
UPI2025001875,2025-03-14,08:52:07,PhonePe,P2M,Travel,12315.52,SBI,Kotak Mahindra Bank,Android,WiFi,Hyderabad,SUCCESS,N/A,N/A,1538
UPI2025001876,2025-07-03,02:51:28,Paytm,P2P,Peer Transfer,43654.39,Bank of Baroda,HDFC Bank,Android,4G,Lucknow,SUCCESS,N/A,N/A,2199
UPI2025001877,2025-12-31,20:09:05,PhonePe,P2M,Fuel,154.08,IDBI Bank,HDFC Bank,iOS,4G,Ludhiana,SUCCESS,N/A,N/A,1452
UPI2025001878,2025-01-04,09:23:02,CRED,P2M,Recharge/Bill Payment,34067.82,Yes Bank,Union Bank of India,Android,4G,Bengaluru,SUCCESS,N/A,N/A,2713
UPI2025001879,2025-12-03,09:08:18,PhonePe,P2P,Peer Transfer,37.31,Punjab National Bank,Union Bank of India,Android,4G,Bengaluru,SUCCESS,N/A,N/A,1902
UPI2025001880,2025-08-22,19:04:52,Google Pay,P2P,Peer Transfer,172.72,Axis Bank,SBI,Android,4G,Noida,SUCCESS,N/A,N/A,1085
UPI2025001881,2025-10-24,19:35:24,Paytm,P2M,E-commerce,467.31,Kotak Mahindra Bank,IDBI Bank,Android,WiFi,Kolkata,SUCCESS,N/A,N/A,593
UPI2025001882,2025-08-02,07:00:20,Google Pay,P2M,Travel,456.29,HDFC Bank,Punjab National Bank,Android,3G,Noida,SUCCESS,N/A,N/A,1512
UPI2025001883,2025-11-10,16:27:54,WhatsApp Pay,P2P,Peer Transfer,139.05,Bank of Baroda,Canara Bank,Android,5G,Bengaluru,FAILED,Invalid VPA / Beneficiary Not Found,No,4178
UPI2025001884,2025-12-19,14:51:06,Google Pay,P2M,Entertainment,363.13,IndusInd Bank,Bank of Baroda,Android,4G,Hyderabad,FAILED,NPCI Server Error,No,3389
UPI2025001885,2025-10-24,17:38:29,Google Pay,P2P,Peer Transfer,4712.66,IDBI Bank,Kotak Mahindra Bank,Android,4G,Lucknow,SUCCESS,N/A,N/A,1905
UPI2025001886,2025-06-14,18:29:09,Google Pay,P2P,Peer Transfer,100.18,HDFC Bank,Canara Bank,Android,4G,Gurugram,SUCCESS,N/A,N/A,1936
UPI2025001887,2025-05-21,12:16:48,Paytm,P2M,Entertainment,407.81,Union Bank of India,Yes Bank,Android,4G,Bengaluru,SUCCESS,N/A,N/A,2666
UPI2025001888,2025-04-30,22:33:01,Paytm,P2M,Fuel,417.15,Canara Bank,Punjab National Bank,Android,4G,Chennai,SUCCESS,N/A,N/A,2849
UPI2025001889,2025-05-29,05:36:11,PhonePe,P2P,Peer Transfer,82.91,Kotak Mahindra Bank,Yes Bank,iOS,WiFi,Amritsar,SUCCESS,N/A,N/A,2377
UPI2025001890,2025-11-20,11:02:28,PhonePe,P2P,Peer Transfer,25317.32,Punjab National Bank,ICICI Bank,Android,4G,Jalandhar,FAILED,PIN Retry Limit Exceeded,No,3959
UPI2025001891,2025-10-02,09:21:13,Paytm,P2P,Peer Transfer,70.03,Kotak Mahindra Bank,Canara Bank,Android,5G,Jalandhar,SUCCESS,N/A,N/A,2392
UPI2025001892,2025-06-17,18:53:30,PhonePe,P2M,Fuel,306.42,Kotak Mahindra Bank,Yes Bank,Android,WiFi,Jaipur,SUCCESS,N/A,N/A,1444
UPI2025001893,2025-04-01,09:44:21,Paytm,P2P,Peer Transfer,4997.77,Axis Bank,Punjab National Bank,Android,5G,Chandigarh,SUCCESS,N/A,N/A,1214
UPI2025001894,2025-08-13,13:05:57,PhonePe,P2M,Grocery,3547.07,Canara Bank,Kotak Mahindra Bank,Android,5G,Kolkata,SUCCESS,N/A,N/A,1506
UPI2025001895,2025-01-23,18:32:38,Amazon Pay,P2P,Peer Transfer,742.54,Canara Bank,IDBI Bank,Android,4G,Mumbai,SUCCESS,N/A,N/A,899
UPI2025001896,2025-12-02,03:53:50,PhonePe,P2P,Peer Transfer,172.13,ICICI Bank,ICICI Bank,iOS,5G,Chandigarh,SUCCESS,N/A,N/A,1030
UPI2025001897,2025-03-22,09:45:11,Google Pay,P2P,Peer Transfer,261.09,Yes Bank,ICICI Bank,Android,4G,Chennai,SUCCESS,N/A,N/A,1387
UPI2025001898,2025-09-10,20:27:38,Google Pay,P2P,Peer Transfer,373.49,Canara Bank,HDFC Bank,Android,4G,Bhopal,SUCCESS,N/A,N/A,884
UPI2025001899,2025-04-23,10:35:25,PhonePe,P2P,Peer Transfer,298.16,Axis Bank,SBI,iOS,WiFi,Ludhiana,FAILED,NPCI Server Error,Yes,10148
UPI2025001900,2025-01-12,20:47:26,CRED,P2P,Peer Transfer,360.6,IndusInd Bank,Union Bank of India,iOS,WiFi,Amritsar,SUCCESS,N/A,N/A,1481
UPI2025001901,2025-04-15,14:04:03,PhonePe,P2P,Peer Transfer,42.65,SBI,HDFC Bank,iOS,WiFi,Jalandhar,SUCCESS,N/A,N/A,611
UPI2025001902,2025-02-01,12:12:28,Amazon Pay,P2M,Grocery,4235.8,SBI,Bank of Baroda,Android,4G,Amritsar,SUCCESS,N/A,N/A,1585
UPI2025001903,2025-06-28,09:58:17,PhonePe,P2M,Entertainment,19040.06,Axis Bank,HDFC Bank,Android,4G,Chennai,SUCCESS,N/A,N/A,1949
UPI2025001904,2025-04-04,20:00:34,Google Pay,P2M,Medical/Pharmacy,1820.25,IndusInd Bank,SBI,Android,4G,Lucknow,SUCCESS,N/A,N/A,2753
UPI2025001905,2025-08-26,19:35:20,Google Pay,P2M,E-commerce,1963.1,IndusInd Bank,Axis Bank,Android,5G,Noida,FAILED,NPCI Server Error,Yes,1819
UPI2025001906,2025-08-11,07:24:14,PhonePe,P2M,Peer Transfer,1998.1,SBI,Punjab National Bank,Android,4G,Patiala,SUCCESS,N/A,N/A,1362
UPI2025001907,2025-06-25,12:21:52,Google Pay,P2M,Medical/Pharmacy,4395.65,ICICI Bank,Union Bank of India,iOS,5G,Hyderabad,SUCCESS,N/A,N/A,2495
UPI2025001908,2025-09-01,16:01:28,Paytm,P2P,Peer Transfer,444.18,Union Bank of India,Union Bank of India,Android,4G,Noida,SUCCESS,N/A,N/A,2504
UPI2025001909,2025-10-20,13:55:01,Google Pay,P2M,Food Delivery,256.57,Union Bank of India,SBI,Android,WiFi,Amritsar,SUCCESS,N/A,N/A,1552
UPI2025001910,2025-03-06,09:04:57,PhonePe,P2M,Fuel,96.75,Punjab National Bank,Axis Bank,Android,5G,Delhi,SUCCESS,N/A,N/A,1388
UPI2025001911,2025-03-09,20:22:12,Google Pay,P2M,E-commerce,1184.67,ICICI Bank,SBI,Android,4G,Lucknow,SUCCESS,N/A,N/A,2979
UPI2025001912,2025-11-09,11:54:03,Google Pay,P2M,Fuel,4931.92,IDBI Bank,Axis Bank,Android,5G,Delhi,SUCCESS,N/A,N/A,2853
UPI2025001913,2025-06-07,16:52:35,BHIM,P2M,Peer Transfer,333.03,Punjab National Bank,IDBI Bank,Android,WiFi,Jalandhar,SUCCESS,N/A,N/A,984
UPI2025001914,2025-04-25,19:25:58,Google Pay,P2P,Peer Transfer,461.76,Kotak Mahindra Bank,ICICI Bank,Android,4G,Bhopal,SUCCESS,N/A,N/A,1927
UPI2025001915,2025-03-31,07:53:50,Google Pay,P2P,Peer Transfer,384.41,Punjab National Bank,HDFC Bank,Android,4G,Kolkata,SUCCESS,N/A,N/A,1642
UPI2025001916,2025-06-02,11:55:39,PhonePe,P2P,Peer Transfer,452.85,ICICI Bank,SBI,Android,5G,Jalandhar,FAILED,Beneficiary Bank Server Down,No,7220
UPI2025001917,2025-04-18,08:58:00,PhonePe,P2M,Peer Transfer,229.34,IndusInd Bank,Punjab National Bank,Android,4G,Bengaluru,SUCCESS,N/A,N/A,500
UPI2025001918,2025-03-12,12:04:44,Google Pay,P2P,Peer Transfer,3442.23,Canara Bank,Bank of Baroda,Android,WiFi,Hyderabad,SUCCESS,N/A,N/A,2200
UPI2025001919,2025-02-28,17:32:40,Amazon Pay,P2P,Peer Transfer,4523.25,Punjab National Bank,Kotak Mahindra Bank,iOS,5G,Patiala,FAILED,Network Connectivity Issue,Yes,1668
UPI2025001920,2025-01-02,15:10:42,Paytm,P2P,Peer Transfer,491.64,Union Bank of India,Punjab National Bank,Android,4G,Amritsar,SUCCESS,N/A,N/A,2680
UPI2025001921,2025-01-25,12:14:55,PhonePe,P2P,Peer Transfer,37.85,SBI,Bank of Baroda,Android,WiFi,Bengaluru,SUCCESS,N/A,N/A,1762
UPI2025001922,2025-02-10,11:42:53,Google Pay,P2M,Entertainment,25.71,Canara Bank,Canara Bank,Android,4G,Chandigarh,SUCCESS,N/A,N/A,3743
UPI2025001923,2025-10-15,10:08:09,CRED,P2P,Peer Transfer,381.07,Union Bank of India,Union Bank of India,Android,5G,Kolkata,SUCCESS,N/A,N/A,2727
UPI2025001924,2025-07-29,18:37:11,Paytm,P2M,Entertainment,2222.71,SBI,Punjab National Bank,Android,4G,Jaipur,SUCCESS,N/A,N/A,1457
UPI2025001925,2025-03-19,22:56:15,Paytm,P2M,Travel,1256.63,IndusInd Bank,IndusInd Bank,Android,4G,Delhi,FAILED,Beneficiary Bank Server Down,Yes,2524
UPI2025001926,2025-04-23,22:17:03,Amazon Pay,P2P,Peer Transfer,137.99,Bank of Baroda,Yes Bank,Android,5G,Gurugram,FAILED,Invalid VPA / Beneficiary Not Found,Yes,5946
UPI2025001927,2025-10-28,11:27:45,Paytm,P2M,Grocery,138.81,ICICI Bank,Kotak Mahindra Bank,Android,4G,Noida,FAILED,Transaction Timeout,Yes,4976
UPI2025001928,2025-04-29,21:55:49,Paytm,P2P,Peer Transfer,56.16,Bank of Baroda,IDBI Bank,Android,4G,Bhopal,FAILED,Insufficient Balance,Yes,2818
UPI2025001929,2025-10-21,07:11:22,Paytm,P2P,Peer Transfer,3733.39,Yes Bank,Yes Bank,Android,3G,Chennai,FAILED,Bank Server Down,No,6918
UPI2025001930,2025-04-08,20:41:00,Google Pay,P2P,Peer Transfer,304.36,ICICI Bank,ICICI Bank,Android,4G,Amritsar,SUCCESS,N/A,N/A,1778
UPI2025001931,2025-11-03,01:44:41,PhonePe,P2P,Peer Transfer,315.73,ICICI Bank,IDBI Bank,Android,4G,Hyderabad,SUCCESS,N/A,N/A,2094
UPI2025001932,2025-12-13,12:53:03,WhatsApp Pay,P2P,Peer Transfer,287.91,Bank of Baroda,Kotak Mahindra Bank,Android,WiFi,Delhi,FAILED,Incorrect UPI PIN,Yes,2829
UPI2025001933,2025-10-14,18:36:14,Google Pay,P2M,Recharge/Bill Payment,2289.16,Axis Bank,Union Bank of India,Android,WiFi,Mumbai,FAILED,Transaction Timeout,Yes,4703
UPI2025001934,2025-01-03,17:26:01,WhatsApp Pay,P2P,Peer Transfer,430.4,ICICI Bank,Canara Bank,Android,4G,Jaipur,FAILED,Daily Transaction Limit Exceeded,Yes,7496
UPI2025001935,2025-11-23,05:27:55,Google Pay,P2M,Rent,147.31,Punjab National Bank,Axis Bank,iOS,4G,Kolkata,SUCCESS,N/A,N/A,1140
UPI2025001936,2025-03-09,09:27:05,PhonePe,P2P,Peer Transfer,4252.62,Kotak Mahindra Bank,Yes Bank,Android,4G,Jalandhar,SUCCESS,N/A,N/A,1133
UPI2025001937,2025-02-14,01:59:50,PhonePe,P2P,Peer Transfer,242.42,Punjab National Bank,IDBI Bank,Android,4G,Jalandhar,SUCCESS,N/A,N/A,200
UPI2025001938,2025-06-01,12:57:52,Google Pay,P2P,Peer Transfer,254.09,IDBI Bank,Axis Bank,Android,5G,Jaipur,SUCCESS,N/A,N/A,944
UPI2025001939,2025-07-05,21:57:58,Paytm,P2P,Peer Transfer,261.44,Kotak Mahindra Bank,IDBI Bank,Android,4G,Delhi,SUCCESS,N/A,N/A,1426
UPI2025001940,2025-12-08,13:04:30,PhonePe,P2P,Peer Transfer,317.06,Bank of Baroda,HDFC Bank,Android,3G,Noida,SUCCESS,N/A,N/A,3151
UPI2025001941,2025-08-08,09:19:44,Google Pay,P2M,Entertainment,200.07,ICICI Bank,Punjab National Bank,Android,WiFi,Mumbai,SUCCESS,N/A,N/A,1617
UPI2025001942,2025-03-07,09:22:27,Paytm,P2M,Peer Transfer,1855.52,Axis Bank,Union Bank of India,Android,5G,Ludhiana,FAILED,NPCI Server Error,No,4133
UPI2025001943,2025-05-24,18:24:53,Paytm,P2M,Fuel,4681.76,Kotak Mahindra Bank,Union Bank of India,Android,4G,Gurugram,SUCCESS,N/A,N/A,1233
UPI2025001944,2025-10-02,10:41:00,CRED,P2P,Peer Transfer,265.42,SBI,IndusInd Bank,Android,4G,Kolkata,SUCCESS,N/A,N/A,1163
UPI2025001945,2025-04-15,09:25:46,Google Pay,P2M,Grocery,88.22,Bank of Baroda,IndusInd Bank,Android,4G,Bhopal,FAILED,Daily Transaction Limit Exceeded,Yes,4658
UPI2025001946,2025-07-09,19:40:26,Paytm,P2P,Peer Transfer,488.23,Punjab National Bank,Axis Bank,iOS,5G,Hyderabad,FAILED,Insufficient Balance,No,3923
UPI2025001947,2025-02-01,15:28:53,Paytm,P2P,Peer Transfer,454.11,Bank of Baroda,Kotak Mahindra Bank,Android,5G,Jaipur,SUCCESS,N/A,N/A,1006
UPI2025001948,2025-06-06,15:51:57,WhatsApp Pay,P2M,Rent,342.68,HDFC Bank,Bank of Baroda,Android,4G,Gurugram,SUCCESS,N/A,N/A,1881
UPI2025001949,2025-08-10,03:03:09,PhonePe,P2M,Food Delivery,2955.24,IDBI Bank,ICICI Bank,Android,5G,Kolkata,FAILED,Beneficiary Bank Server Down,No,3263
UPI2025001950,2025-08-07,12:18:15,PhonePe,P2P,Peer Transfer,261.17,Kotak Mahindra Bank,SBI,Android,5G,Chennai,SUCCESS,N/A,N/A,1084
UPI2025001951,2025-06-14,16:15:13,Google Pay,P2P,Peer Transfer,401.79,Canara Bank,Yes Bank,Android,WiFi,Noida,SUCCESS,N/A,N/A,1323
UPI2025001952,2025-12-11,20:35:59,Google Pay,P2P,Peer Transfer,277.59,IDBI Bank,ICICI Bank,iOS,5G,Hyderabad,SUCCESS,N/A,N/A,2499
UPI2025001953,2025-08-27,01:32:28,PhonePe,P2P,Peer Transfer,4851.43,Union Bank of India,Kotak Mahindra Bank,Android,4G,Delhi,SUCCESS,N/A,N/A,854
UPI2025001954,2025-10-19,09:26:13,Google Pay,P2P,Peer Transfer,29.84,ICICI Bank,IDBI Bank,Android,WiFi,Noida,SUCCESS,N/A,N/A,2561
UPI2025001955,2025-01-10,18:20:51,CRED,P2M,Utility Bill,298.06,Bank of Baroda,SBI,Android,4G,Bengaluru,SUCCESS,N/A,N/A,2838
UPI2025001956,2025-01-23,10:54:35,PhonePe,P2P,Peer Transfer,337.85,IDBI Bank,HDFC Bank,Android,5G,Ludhiana,SUCCESS,N/A,N/A,2846
UPI2025001957,2025-03-21,09:03:48,Google Pay,P2M,Utility Bill,240.83,ICICI Bank,IndusInd Bank,iOS,4G,Jalandhar,SUCCESS,N/A,N/A,758
UPI2025001958,2025-08-14,16:49:53,PhonePe,P2M,Peer Transfer,489.84,IndusInd Bank,HDFC Bank,Android,WiFi,Noida,FAILED,Insufficient Balance,No,538
UPI2025001959,2025-12-10,18:49:51,Google Pay,P2M,Grocery,315.63,HDFC Bank,Canara Bank,Android,WiFi,Ahmedabad,SUCCESS,N/A,N/A,218
UPI2025001960,2025-03-08,12:18:10,Google Pay,P2M,Utility Bill,463.51,IDBI Bank,IDBI Bank,iOS,4G,Mumbai,SUCCESS,N/A,N/A,657
UPI2025001961,2025-04-03,22:19:43,CRED,P2P,Peer Transfer,219.66,IndusInd Bank,IDBI Bank,Android,WiFi,Patiala,SUCCESS,N/A,N/A,1590
UPI2025001962,2025-05-28,16:04:39,PhonePe,P2P,Peer Transfer,26781.75,Union Bank of India,Canara Bank,Android,3G,Gurugram,FAILED,Payer Account Frozen/Inactive,Yes,4521
UPI2025001963,2025-12-21,14:49:17,Paytm,P2M,Rent,2115.82,Axis Bank,SBI,Android,5G,Chennai,SUCCESS,N/A,N/A,2591
UPI2025001964,2025-02-13,13:32:55,Amazon Pay,P2P,Peer Transfer,454.94,Kotak Mahindra Bank,Yes Bank,Android,5G,Bengaluru,SUCCESS,N/A,N/A,948
UPI2025001965,2025-09-08,15:55:48,Paytm,P2P,Peer Transfer,488.44,SBI,HDFC Bank,iOS,WiFi,Chandigarh,SUCCESS,N/A,N/A,2053
UPI2025001966,2025-09-12,14:21:00,Google Pay,P2P,Peer Transfer,244.16,Canara Bank,SBI,Android,5G,Chandigarh,SUCCESS,N/A,N/A,3449
UPI2025001967,2025-04-26,04:56:03,Google Pay,P2P,Peer Transfer,280.89,Union Bank of India,Yes Bank,Android,WiFi,Mumbai,SUCCESS,N/A,N/A,1232
UPI2025001968,2025-06-06,08:10:38,WhatsApp Pay,P2M,Fuel,1547.29,Union Bank of India,ICICI Bank,iOS,WiFi,Kolkata,SUCCESS,N/A,N/A,1139
UPI2025001969,2025-01-12,17:01:29,Google Pay,P2M,Medical/Pharmacy,3109.83,Union Bank of India,Yes Bank,iOS,4G,Chennai,SUCCESS,N/A,N/A,2220
UPI2025001970,2025-02-04,06:34:00,PhonePe,P2P,Peer Transfer,2376.72,IndusInd Bank,Yes Bank,Android,WiFi,Bengaluru,FAILED,Beneficiary Bank Server Down,Yes,3411
UPI2025001971,2025-01-07,15:33:08,BHIM,P2P,Peer Transfer,3045.4,Axis Bank,IndusInd Bank,Android,WiFi,Amritsar,SUCCESS,N/A,N/A,1672
UPI2025001972,2025-06-13,09:57:56,Google Pay,P2P,Peer Transfer,249.17,Punjab National Bank,Axis Bank,Android,5G,Amritsar,SUCCESS,N/A,N/A,2590
UPI2025001973,2025-05-10,23:43:52,Amazon Pay,P2P,Peer Transfer,3601.53,SBI,HDFC Bank,Android,4G,Chandigarh,SUCCESS,N/A,N/A,1122
UPI2025001974,2025-09-13,20:13:26,PhonePe,P2M,Recharge/Bill Payment,2196.27,IndusInd Bank,HDFC Bank,iOS,5G,Pune,FAILED,Transaction Timeout,Yes,4272
UPI2025001975,2025-06-25,12:52:59,Paytm,P2P,Peer Transfer,4494.89,Axis Bank,IndusInd Bank,Android,4G,Ahmedabad,SUCCESS,N/A,N/A,1376
UPI2025001976,2025-05-04,08:48:57,Paytm,P2P,Peer Transfer,21426.14,SBI,Bank of Baroda,Android,4G,Gurugram,SUCCESS,N/A,N/A,2809
UPI2025001977,2025-09-29,15:28:50,PhonePe,P2P,Peer Transfer,256.58,Punjab National Bank,Yes Bank,Android,4G,Hyderabad,SUCCESS,N/A,N/A,1848
UPI2025001978,2025-12-16,14:09:07,PhonePe,P2P,Peer Transfer,3995.87,IDBI Bank,IndusInd Bank,Android,5G,Hyderabad,SUCCESS,N/A,N/A,606
UPI2025001979,2025-06-05,13:12:08,Google Pay,P2P,Peer Transfer,134.57,SBI,Kotak Mahindra Bank,Android,WiFi,Gurugram,SUCCESS,N/A,N/A,1896
UPI2025001980,2025-08-16,06:23:37,Google Pay,P2M,Recharge/Bill Payment,2954.13,Canara Bank,Yes Bank,Android,WiFi,Amritsar,SUCCESS,N/A,N/A,2698
UPI2025001981,2025-05-31,09:26:36,PhonePe,P2P,Peer Transfer,257.61,SBI,Kotak Mahindra Bank,Android,5G,Patiala,FAILED,NPCI Server Error,Yes,3419
UPI2025001982,2025-08-18,20:38:42,BHIM,P2M,Rent,87.84,IndusInd Bank,IDBI Bank,Android,4G,Bhopal,SUCCESS,N/A,N/A,1078
UPI2025001983,2025-12-02,22:35:32,PhonePe,P2M,Medical/Pharmacy,141.94,Canara Bank,Canara Bank,iOS,4G,Ahmedabad,FAILED,Incorrect UPI PIN,Yes,5745
UPI2025001984,2025-07-23,21:51:16,Amazon Pay,P2P,Peer Transfer,1799.0,Axis Bank,HDFC Bank,Android,5G,Mumbai,FAILED,Insufficient Balance,Yes,5783
UPI2025001985,2025-01-02,20:18:19,Google Pay,P2P,Peer Transfer,351.92,Yes Bank,IDBI Bank,Android,WiFi,Mumbai,SUCCESS,N/A,N/A,1601
UPI2025001986,2025-04-29,18:42:14,BHIM,P2M,Food Delivery,1973.2,Punjab National Bank,IDBI Bank,Android,4G,Jalandhar,SUCCESS,N/A,N/A,600
UPI2025001987,2025-08-12,14:09:57,Paytm,P2P,Peer Transfer,4273.96,Union Bank of India,Canara Bank,Android,5G,Kolkata,SUCCESS,N/A,N/A,1410
UPI2025001988,2025-05-30,11:47:50,Paytm,P2P,Peer Transfer,454.87,IDBI Bank,ICICI Bank,Android,5G,Chandigarh,FAILED,Insufficient Balance,Yes,8871
UPI2025001989,2025-04-01,03:59:31,CRED,P2M,Food Delivery,2049.93,Kotak Mahindra Bank,IndusInd Bank,Android,4G,Jaipur,FAILED,Technical Decline by Issuer,No,6328
UPI2025001990,2025-11-18,18:58:52,Google Pay,P2P,Peer Transfer,26419.18,Bank of Baroda,Kotak Mahindra Bank,iOS,4G,Lucknow,SUCCESS,N/A,N/A,911
UPI2025001991,2025-12-30,00:39:26,PhonePe,P2M,Entertainment,42573.63,Union Bank of India,Kotak Mahindra Bank,Android,WiFi,Ahmedabad,SUCCESS,N/A,N/A,1643
UPI2025001992,2025-01-03,11:50:19,PhonePe,P2P,Peer Transfer,133.38,HDFC Bank,IDBI Bank,Android,4G,Jalandhar,SUCCESS,N/A,N/A,3004
UPI2025001993,2025-08-29,11:25:06,Google Pay,P2P,Peer Transfer,48831.41,Canara Bank,Canara Bank,Android,4G,Lucknow,FAILED,Bank Server Down,No,3681
UPI2025001994,2025-10-23,17:02:09,Paytm,P2M,Peer Transfer,217.74,IndusInd Bank,IDBI Bank,Android,5G,Gurugram,SUCCESS,N/A,N/A,849
UPI2025001995,2025-03-23,13:12:19,Paytm,P2P,Peer Transfer,290.33,Punjab National Bank,Punjab National Bank,Android,5G,Ludhiana,SUCCESS,N/A,N/A,1333
UPI2025001996,2025-07-11,13:28:47,WhatsApp Pay,P2M,Medical/Pharmacy,154.38,Kotak Mahindra Bank,ICICI Bank,iOS,WiFi,Ludhiana,SUCCESS,N/A,N/A,3346
UPI2025001997,2025-07-02,13:04:49,Paytm,P2M,Rent,133.24,HDFC Bank,Canara Bank,Android,WiFi,Lucknow,FAILED,Daily Transaction Limit Exceeded,No,1546
UPI2025001998,2025-03-06,19:37:22,Google Pay,P2P,Peer Transfer,130.77,Bank of Baroda,Kotak Mahindra Bank,Android,5G,Mumbai,SUCCESS,N/A,N/A,2752
UPI2025001999,2025-05-18,14:22:22,PhonePe,P2M,Food Delivery,309.96,HDFC Bank,IDBI Bank,Android,WiFi,Hyderabad,SUCCESS,N/A,N/A,1022
UPI2025002000,2025-11-07,16:42:23,Google Pay,P2M,Grocery,400.19,Yes Bank,HDFC Bank,Android,WiFi,Ludhiana,FAILED,Insufficient Balance,Yes,6771
UPI2025002001,2025-11-18,19:45:19,Google Pay,P2P,Peer Transfer,359.39,Punjab National Bank,HDFC Bank,iOS,3G,Pune,SUCCESS,N/A,N/A,1229
UPI2025002002,2025-11-03,17:09:11,Google Pay,P2M,Peer Transfer,327.0,Union Bank of India,SBI,Android,WiFi,Delhi,SUCCESS,N/A,N/A,200
UPI2025002003,2025-05-25,20:34:35,PhonePe,P2M,Rent,3676.71,Punjab National Bank,Yes Bank,Android,4G,Bhopal,FAILED,Bank Server Down,Yes,4125
UPI2025002004,2025-09-29,11:57:24,Google Pay,P2M,E-commerce,212.25,Kotak Mahindra Bank,IDBI Bank,Android,4G,Patiala,FAILED,Insufficient Balance,Yes,6565
UPI2025002005,2025-07-01,11:54:01,PhonePe,P2M,Travel,638.52,Union Bank of India,SBI,Android,5G,Bhopal,SUCCESS,N/A,N/A,518
UPI2025002006,2025-01-17,16:02:43,Paytm,P2M,Education Fee,172.01,IndusInd Bank,IDBI Bank,iOS,WiFi,Ahmedabad,SUCCESS,N/A,N/A,3520
UPI2025002007,2025-01-31,07:43:54,Amazon Pay,P2P,Peer Transfer,3256.2,Kotak Mahindra Bank,Kotak Mahindra Bank,Android,4G,Kolkata,SUCCESS,N/A,N/A,1631
UPI2025002008,2025-05-14,08:25:15,Google Pay,P2M,Travel,477.01,HDFC Bank,HDFC Bank,Android,3G,Amritsar,FAILED,Incorrect UPI PIN,No,6181
UPI2025002009,2025-07-02,17:30:30,WhatsApp Pay,P2P,Peer Transfer,223.34,Bank of Baroda,IDBI Bank,Android,5G,Delhi,SUCCESS,N/A,N/A,1859
UPI2025002010,2025-09-21,20:49:08,Amazon Pay,P2P,Peer Transfer,18939.41,Axis Bank,HDFC Bank,Android,4G,Mumbai,SUCCESS,N/A,N/A,3296
UPI2025002011,2025-08-11,11:15:36,Google Pay,P2M,Recharge/Bill Payment,67.75,Canara Bank,Kotak Mahindra Bank,iOS,4G,Kolkata,SUCCESS,N/A,N/A,1850
UPI2025002012,2025-08-12,12:00:23,Google Pay,P2M,Food Delivery,426.65,SBI,ICICI Bank,Android,4G,Chandigarh,SUCCESS,N/A,N/A,1687
UPI2025002013,2025-11-12,15:28:00,Google Pay,P2P,Peer Transfer,318.7,Kotak Mahindra Bank,Union Bank of India,Android,WiFi,Jaipur,SUCCESS,N/A,N/A,1933
UPI2025002014,2025-06-03,12:27:53,Google Pay,P2M,Utility Bill,210.82,SBI,ICICI Bank,Android,5G,Hyderabad,SUCCESS,N/A,N/A,1645
UPI2025002015,2025-08-31,15:07:00,BHIM,P2M,Recharge/Bill Payment,1947.82,IndusInd Bank,SBI,Android,5G,Ludhiana,FAILED,Insufficient Balance,No,3747
UPI2025002016,2025-05-12,08:12:49,WhatsApp Pay,P2P,Peer Transfer,390.62,Bank of Baroda,IndusInd Bank,Android,4G,Bengaluru,SUCCESS,N/A,N/A,2084
UPI2025002017,2025-11-17,09:25:02,Google Pay,P2P,Peer Transfer,3650.85,IDBI Bank,Union Bank of India,Android,WiFi,Lucknow,SUCCESS,N/A,N/A,1748
UPI2025002018,2025-07-11,21:42:20,Google Pay,P2M,Recharge/Bill Payment,34758.68,Punjab National Bank,Yes Bank,Android,4G,Bhopal,SUCCESS,N/A,N/A,998
UPI2025002019,2025-04-20,17:59:21,Google Pay,P2M,Utility Bill,1434.87,HDFC Bank,HDFC Bank,Android,5G,Jaipur,SUCCESS,N/A,N/A,2311
UPI2025002020,2025-05-17,15:18:56,BHIM,P2P,Peer Transfer,272.91,Punjab National Bank,Bank of Baroda,Android,WiFi,Lucknow,FAILED,Beneficiary Bank Server Down,Yes,5265
UPI2025002021,2025-05-03,17:24:00,Google Pay,P2M,Recharge/Bill Payment,2800.83,Kotak Mahindra Bank,HDFC Bank,Android,4G,Chennai,FAILED,Bank Server Down,No,4131
UPI2025002022,2025-10-22,13:58:25,Google Pay,P2M,Food Delivery,32664.69,Axis Bank,Bank of Baroda,Android,4G,Mumbai,SUCCESS,N/A,N/A,1614
UPI2025002023,2025-03-19,17:04:28,Google Pay,P2M,Travel,481.52,IDBI Bank,Yes Bank,Android,4G,Patiala,FAILED,Beneficiary Bank Server Down,No,4746
UPI2025002024,2025-05-26,08:16:19,Google Pay,P2P,Peer Transfer,281.99,Axis Bank,IndusInd Bank,Android,4G,Jaipur,SUCCESS,N/A,N/A,487
UPI2025002025,2025-10-12,18:13:06,Paytm,P2M,Entertainment,4817.48,Bank of Baroda,IDBI Bank,Android,4G,Chennai,FAILED,Technical Decline by Issuer,Yes,2825
UPI2025002026,2025-09-07,21:40:36,PhonePe,P2M,Rent,26383.9,Kotak Mahindra Bank,IDBI Bank,Android,4G,Kolkata,SUCCESS,N/A,N/A,2606
UPI2025002027,2025-02-17,15:12:56,PhonePe,P2P,Peer Transfer,833.72,IndusInd Bank,Canara Bank,Android,5G,Bhopal,SUCCESS,N/A,N/A,2010
UPI2025002028,2025-05-26,17:03:49,Google Pay,P2M,Entertainment,197.36,Axis Bank,IDBI Bank,Android,4G,Hyderabad,SUCCESS,N/A,N/A,2848
UPI2025002029,2025-01-03,19:06:36,Google Pay,P2P,Peer Transfer,228.6,SBI,IndusInd Bank,Android,4G,Chandigarh,SUCCESS,N/A,N/A,1668
UPI2025002030,2025-08-23,17:13:50,Paytm,P2M,Travel,298.58,Axis Bank,IndusInd Bank,Android,4G,Bhopal,SUCCESS,N/A,N/A,2705
UPI2025002031,2025-05-06,10:10:52,PhonePe,P2M,Peer Transfer,355.25,Canara Bank,Kotak Mahindra Bank,Android,4G,Chennai,SUCCESS,N/A,N/A,1305
UPI2025002032,2025-04-02,16:45:10,Google Pay,P2M,Grocery,3973.12,Union Bank of India,Bank of Baroda,Android,5G,Ludhiana,SUCCESS,N/A,N/A,1340
UPI2025002033,2025-04-08,17:00:04,PhonePe,P2M,Recharge/Bill Payment,26416.7,Axis Bank,Axis Bank,Android,4G,Jalandhar,SUCCESS,N/A,N/A,2547
UPI2025002034,2025-07-12,17:38:37,PhonePe,P2M,Entertainment,225.33,IndusInd Bank,SBI,Android,4G,Mumbai,SUCCESS,N/A,N/A,984
UPI2025002035,2025-04-15,17:08:57,PhonePe,P2P,Peer Transfer,401.36,Canara Bank,Bank of Baroda,Android,5G,Jalandhar,SUCCESS,N/A,N/A,1941
UPI2025002036,2025-03-27,07:00:45,BHIM,P2P,Peer Transfer,484.25,Punjab National Bank,Axis Bank,Android,WiFi,Patiala,SUCCESS,N/A,N/A,1975
UPI2025002037,2025-10-09,18:58:08,PhonePe,P2P,Peer Transfer,12458.71,Canara Bank,Canara Bank,iOS,4G,Gurugram,SUCCESS,N/A,N/A,1969
UPI2025002038,2025-01-14,21:25:59,Google Pay,P2M,Entertainment,316.97,Canara Bank,SBI,Android,5G,Delhi,SUCCESS,N/A,N/A,1033
UPI2025002039,2025-11-06,03:39:20,Google Pay,P2P,Peer Transfer,1792.46,Union Bank of India,Punjab National Bank,Android,5G,Delhi,SUCCESS,N/A,N/A,1002
UPI2025002040,2025-11-04,17:46:03,Google Pay,P2P,Peer Transfer,15.47,Canara Bank,Punjab National Bank,Android,4G,Lucknow,SUCCESS,N/A,N/A,1237
UPI2025002041,2025-06-16,13:08:23,PhonePe,P2M,Grocery,259.41,SBI,Kotak Mahindra Bank,iOS,4G,Jaipur,FAILED,Beneficiary Bank Server Down,No,2999
UPI2025002042,2025-09-04,19:51:25,Amazon Pay,P2M,Fuel,3353.0,Punjab National Bank,Kotak Mahindra Bank,Android,4G,Noida,SUCCESS,N/A,N/A,200
UPI2025002043,2025-03-23,07:59:13,CRED,P2M,Rent,380.71,IDBI Bank,IndusInd Bank,Android,5G,Hyderabad,SUCCESS,N/A,N/A,1731
UPI2025002044,2025-08-21,18:16:38,Amazon Pay,P2P,Peer Transfer,1378.29,Union Bank of India,Kotak Mahindra Bank,Android,WiFi,Kolkata,FAILED,Incorrect UPI PIN,No,7575
UPI2025002045,2025-09-15,09:52:26,Paytm,P2P,Peer Transfer,122.2,Kotak Mahindra Bank,Punjab National Bank,Android,4G,Hyderabad,SUCCESS,N/A,N/A,1510
UPI2025002046,2025-02-09,08:10:45,PhonePe,P2M,Food Delivery,3227.87,IDBI Bank,Union Bank of India,Android,WiFi,Kolkata,SUCCESS,N/A,N/A,1770
UPI2025002047,2025-08-07,21:14:16,Google Pay,P2P,Peer Transfer,3409.41,IDBI Bank,HDFC Bank,Android,5G,Amritsar,FAILED,Insufficient Balance,No,7033
UPI2025002048,2025-07-26,17:19:31,Google Pay,P2P,Peer Transfer,33.45,Yes Bank,ICICI Bank,Android,5G,Noida,FAILED,Beneficiary Bank Server Down,Yes,2557
UPI2025002049,2025-02-24,20:08:13,PhonePe,P2M,Grocery,399.69,Yes Bank,Union Bank of India,Android,5G,Ahmedabad,FAILED,Beneficiary Bank Server Down,Yes,9510
UPI2025002050,2025-01-30,23:12:44,Paytm,P2P,Peer Transfer,241.51,IndusInd Bank,Yes Bank,Android,5G,Bhopal,SUCCESS,N/A,N/A,1393
UPI2025002051,2025-04-16,12:48:43,PhonePe,P2P,Peer Transfer,526.12,Kotak Mahindra Bank,Yes Bank,Android,WiFi,Jaipur,FAILED,Daily Transaction Limit Exceeded,Yes,3299
UPI2025002052,2025-01-02,19:54:58,PhonePe,P2M,Grocery,2760.81,Axis Bank,Kotak Mahindra Bank,iOS,4G,Chandigarh,SUCCESS,N/A,N/A,2334
UPI2025002053,2025-05-30,12:00:06,PhonePe,P2M,Utility Bill,363.99,Bank of Baroda,Bank of Baroda,Android,WiFi,Kolkata,SUCCESS,N/A,N/A,965
UPI2025002054,2025-12-26,14:25:20,PhonePe,P2P,Peer Transfer,395.46,Bank of Baroda,Canara Bank,iOS,4G,Noida,SUCCESS,N/A,N/A,2959
UPI2025002055,2025-01-03,00:24:33,PhonePe,P2M,Recharge/Bill Payment,94.95,Union Bank of India,Kotak Mahindra Bank,Android,4G,Mumbai,SUCCESS,N/A,N/A,1508
UPI2025002056,2025-05-18,10:06:09,Google Pay,P2P,Peer Transfer,8005.87,Punjab National Bank,Punjab National Bank,Android,5G,Noida,SUCCESS,N/A,N/A,1990
UPI2025002057,2025-01-02,08:54:53,Google Pay,P2M,Travel,493.3,Union Bank of India,Kotak Mahindra Bank,Android,WiFi,Kolkata,SUCCESS,N/A,N/A,2232
UPI2025002058,2025-12-03,04:04:28,Google Pay,P2P,Peer Transfer,3908.79,Axis Bank,Kotak Mahindra Bank,iOS,4G,Hyderabad,FAILED,Incorrect UPI PIN,No,7266
UPI2025002059,2025-01-24,09:51:44,PhonePe,P2M,Education Fee,3098.04,SBI,Union Bank of India,Android,3G,Hyderabad,SUCCESS,N/A,N/A,1511
UPI2025002060,2025-03-24,10:37:00,PhonePe,P2P,Peer Transfer,252.08,Kotak Mahindra Bank,Yes Bank,Android,5G,Noida,FAILED,Incorrect UPI PIN,No,1775
UPI2025002061,2025-08-04,10:13:23,PhonePe,P2P,Peer Transfer,6153.45,Punjab National Bank,Union Bank of India,Android,4G,Jalandhar,SUCCESS,N/A,N/A,1873
UPI2025002062,2025-10-27,12:44:31,Google Pay,P2M,Entertainment,122.18,Union Bank of India,SBI,Android,WiFi,Hyderabad,SUCCESS,N/A,N/A,2860
UPI2025002063,2025-12-11,11:53:40,Paytm,P2M,Travel,4848.84,SBI,ICICI Bank,Android,5G,Hyderabad,SUCCESS,N/A,N/A,1482
UPI2025002064,2025-09-10,20:54:02,BHIM,P2M,Peer Transfer,428.76,HDFC Bank,Bank of Baroda,iOS,4G,Gurugram,SUCCESS,N/A,N/A,3733
UPI2025002065,2025-11-23,20:29:12,BHIM,P2P,Peer Transfer,4348.92,ICICI Bank,SBI,Android,4G,Chennai,SUCCESS,N/A,N/A,200
UPI2025002066,2025-07-26,13:23:39,PhonePe,P2P,Peer Transfer,316.67,HDFC Bank,Yes Bank,Android,4G,Hyderabad,SUCCESS,N/A,N/A,1816
UPI2025002067,2025-09-24,14:10:12,Google Pay,P2P,Peer Transfer,1104.94,Union Bank of India,IDBI Bank,Android,WiFi,Gurugram,SUCCESS,N/A,N/A,1669
UPI2025002068,2025-09-28,14:17:06,PhonePe,P2M,E-commerce,8861.48,ICICI Bank,Axis Bank,Android,WiFi,Ludhiana,SUCCESS,N/A,N/A,2165
UPI2025002069,2025-05-21,18:24:45,Paytm,P2P,Peer Transfer,28.96,Punjab National Bank,ICICI Bank,iOS,4G,Gurugram,FAILED,Network Connectivity Issue,Yes,4847
UPI2025002070,2025-09-29,00:25:11,BHIM,P2M,Utility Bill,296.76,Axis Bank,Yes Bank,Android,4G,Gurugram,SUCCESS,N/A,N/A,1243
UPI2025002071,2025-11-07,18:29:34,PhonePe,P2M,Medical/Pharmacy,9510.43,Punjab National Bank,ICICI Bank,iOS,5G,Patiala,SUCCESS,N/A,N/A,1170
UPI2025002072,2025-08-19,19:59:26,Amazon Pay,P2P,Peer Transfer,3200.91,Axis Bank,ICICI Bank,Android,5G,Bengaluru,SUCCESS,N/A,N/A,1611
UPI2025002073,2025-07-15,21:01:09,Amazon Pay,P2M,Peer Transfer,37.19,Axis Bank,Canara Bank,Android,5G,Patiala,SUCCESS,N/A,N/A,1407
UPI2025002074,2025-04-16,20:45:34,Paytm,P2M,Education Fee,309.98,Canara Bank,SBI,Android,5G,Chennai,SUCCESS,N/A,N/A,2743
UPI2025002075,2025-10-01,10:40:50,PhonePe,P2P,Peer Transfer,72.65,Canara Bank,Bank of Baroda,Android,4G,Bhopal,SUCCESS,N/A,N/A,2351
UPI2025002076,2025-09-24,04:28:47,Google Pay,P2P,Peer Transfer,308.29,Union Bank of India,HDFC Bank,Android,5G,Delhi,SUCCESS,N/A,N/A,2823
UPI2025002077,2025-04-28,12:38:48,Paytm,P2P,Peer Transfer,1535.0,Kotak Mahindra Bank,ICICI Bank,Android,5G,Bhopal,SUCCESS,N/A,N/A,1996
UPI2025002078,2025-06-09,09:01:55,Google Pay,P2P,Peer Transfer,430.93,SBI,Yes Bank,Android,4G,Jaipur,SUCCESS,N/A,N/A,1649
UPI2025002079,2025-03-12,07:40:50,Paytm,P2M,Rent,308.52,SBI,Yes Bank,Android,WiFi,Bhopal,FAILED,Technical Decline by Issuer,No,2919
UPI2025002080,2025-07-29,14:24:54,Paytm,P2M,Grocery,2391.31,HDFC Bank,Union Bank of India,Android,5G,Jaipur,SUCCESS,N/A,N/A,2423
UPI2025002081,2025-10-23,19:38:02,Amazon Pay,P2M,E-commerce,2171.84,SBI,Canara Bank,Android,4G,Bhopal,FAILED,Transaction Timeout,No,1844
UPI2025002082,2025-03-28,10:45:32,Paytm,P2P,Peer Transfer,453.17,Kotak Mahindra Bank,Yes Bank,iOS,WiFi,Pune,SUCCESS,N/A,N/A,1540
UPI2025002083,2025-01-18,13:20:29,PhonePe,P2M,E-commerce,314.93,Kotak Mahindra Bank,Union Bank of India,iOS,4G,Lucknow,SUCCESS,N/A,N/A,2947
UPI2025002084,2025-01-06,19:28:15,Paytm,P2M,E-commerce,15013.45,ICICI Bank,Yes Bank,Android,4G,Delhi,SUCCESS,N/A,N/A,777
UPI2025002085,2025-10-26,11:43:57,Google Pay,P2P,Peer Transfer,94.05,ICICI Bank,Yes Bank,Android,5G,Pune,SUCCESS,N/A,N/A,3255
UPI2025002086,2025-10-04,19:16:02,Google Pay,P2P,Peer Transfer,282.96,Union Bank of India,Union Bank of India,iOS,4G,Ahmedabad,SUCCESS,N/A,N/A,1106
UPI2025002087,2025-01-20,17:44:06,Paytm,P2M,Grocery,247.83,Axis Bank,Yes Bank,Android,5G,Chennai,FAILED,Transaction Timeout,Yes,4993
UPI2025002088,2025-12-29,18:38:04,Paytm,P2P,Peer Transfer,22582.28,IndusInd Bank,Yes Bank,iOS,5G,Bhopal,FAILED,NPCI Server Error,Yes,2249
UPI2025002089,2025-04-28,19:40:17,PhonePe,P2P,Peer Transfer,130.84,Union Bank of India,Punjab National Bank,iOS,5G,Ahmedabad,FAILED,Invalid VPA / Beneficiary Not Found,Yes,4636
UPI2025002090,2025-10-27,13:54:27,WhatsApp Pay,P2P,Peer Transfer,234.38,SBI,HDFC Bank,iOS,5G,Noida,FAILED,Beneficiary Bank Server Down,No,4752
UPI2025002091,2025-12-04,07:37:31,PhonePe,P2M,Rent,440.56,IDBI Bank,ICICI Bank,Android,5G,Pune,FAILED,Bank Server Down,No,5269
UPI2025002092,2025-10-16,09:02:08,PhonePe,P2M,Rent,333.66,HDFC Bank,Bank of Baroda,Android,5G,Pune,SUCCESS,N/A,N/A,2518
UPI2025002093,2025-04-27,07:54:47,PhonePe,P2M,Fuel,2117.5,Union Bank of India,Bank of Baroda,Android,5G,Jaipur,FAILED,Beneficiary Bank Server Down,Yes,5347
UPI2025002094,2025-04-24,19:54:30,Paytm,P2M,Medical/Pharmacy,271.18,Kotak Mahindra Bank,ICICI Bank,Android,5G,Bhopal,SUCCESS,N/A,N/A,355
UPI2025002095,2025-02-01,21:31:17,Paytm,P2P,Peer Transfer,4768.95,IndusInd Bank,HDFC Bank,Android,4G,Amritsar,SUCCESS,N/A,N/A,790
UPI2025002096,2025-01-30,14:06:25,PhonePe,P2M,Fuel,261.22,HDFC Bank,Yes Bank,iOS,4G,Ahmedabad,SUCCESS,N/A,N/A,3042
UPI2025002097,2025-09-17,14:44:56,Google Pay,P2M,E-commerce,35168.7,IndusInd Bank,Punjab National Bank,Android,WiFi,Ahmedabad,FAILED,Payer Account Frozen/Inactive,No,5560
UPI2025002098,2025-10-07,19:34:25,Google Pay,P2M,Grocery,354.36,Yes Bank,Axis Bank,Android,4G,Lucknow,SUCCESS,N/A,N/A,1692
UPI2025002099,2025-10-18,03:46:41,PhonePe,P2P,Peer Transfer,235.56,IDBI Bank,ICICI Bank,iOS,4G,Chennai,SUCCESS,N/A,N/A,3232
UPI2025002100,2025-08-21,18:26:26,PhonePe,P2P,Peer Transfer,401.4,HDFC Bank,SBI,Android,4G,Pune,SUCCESS,N/A,N/A,1271
UPI2025002101,2025-11-12,21:02:08,Paytm,P2M,E-commerce,3988.92,ICICI Bank,ICICI Bank,Android,5G,Delhi,FAILED,Suspected Fraud - Blocked by Bank,No,4909
UPI2025002102,2025-06-14,15:57:26,PhonePe,P2P,Peer Transfer,190.5,IndusInd Bank,IDBI Bank,Android,5G,Mumbai,SUCCESS,N/A,N/A,2168
UPI2025002103,2025-09-04,11:52:25,Google Pay,P2M,E-commerce,209.1,Punjab National Bank,SBI,Android,WiFi,Mumbai,SUCCESS,N/A,N/A,2796
UPI2025002104,2025-11-27,12:23:27,Amazon Pay,P2M,Food Delivery,31972.07,ICICI Bank,Kotak Mahindra Bank,Android,4G,Chandigarh,SUCCESS,N/A,N/A,2309
UPI2025002105,2025-01-26,15:50:48,PhonePe,P2M,Utility Bill,91.85,Yes Bank,Kotak Mahindra Bank,Android,5G,Amritsar,SUCCESS,N/A,N/A,2049
UPI2025002106,2025-07-08,17:24:54,Amazon Pay,P2M,Grocery,26.37,HDFC Bank,Punjab National Bank,Android,WiFi,Bhopal,SUCCESS,N/A,N/A,2088
UPI2025002107,2025-03-11,18:21:21,Google Pay,P2M,Fuel,17045.0,IDBI Bank,Axis Bank,Android,WiFi,Hyderabad,SUCCESS,N/A,N/A,1393
UPI2025002108,2025-06-05,14:11:34,Amazon Pay,P2P,Peer Transfer,157.11,Axis Bank,IndusInd Bank,Android,4G,Pune,FAILED,Technical Decline by Issuer,Yes,4238
UPI2025002109,2025-10-11,18:05:23,Paytm,P2M,Recharge/Bill Payment,74.35,Punjab National Bank,IndusInd Bank,Android,4G,Chennai,SUCCESS,N/A,N/A,3130
UPI2025002110,2025-07-01,16:20:13,Google Pay,P2P,Peer Transfer,362.04,IDBI Bank,SBI,Android,4G,Chennai,SUCCESS,N/A,N/A,465
UPI2025002111,2025-06-19,13:32:12,Google Pay,P2P,Peer Transfer,3410.03,Union Bank of India,Bank of Baroda,Android,5G,Bhopal,SUCCESS,N/A,N/A,1710
UPI2025002112,2025-04-05,06:13:37,Google Pay,P2P,Peer Transfer,1915.33,HDFC Bank,HDFC Bank,Android,5G,Amritsar,SUCCESS,N/A,N/A,1554
UPI2025002113,2025-11-07,01:51:35,Google Pay,P2P,Peer Transfer,4952.0,Canara Bank,HDFC Bank,Android,5G,Kolkata,SUCCESS,N/A,N/A,1209
UPI2025002114,2025-02-20,11:29:53,Google Pay,P2M,Grocery,369.72,Yes Bank,Union Bank of India,Android,4G,Jalandhar,SUCCESS,N/A,N/A,2942
UPI2025002115,2025-11-11,18:23:16,Google Pay,P2P,Peer Transfer,153.22,IDBI Bank,Axis Bank,Android,4G,Delhi,FAILED,Beneficiary Bank Server Down,No,4371
UPI2025002116,2025-09-09,17:21:58,Paytm,P2M,Recharge/Bill Payment,289.06,Yes Bank,Bank of Baroda,Android,5G,Bengaluru,SUCCESS,N/A,N/A,1390
UPI2025002117,2025-03-01,03:26:30,Google Pay,P2P,Peer Transfer,379.36,Bank of Baroda,HDFC Bank,Android,5G,Ludhiana,FAILED,NPCI Server Error,Yes,7367
UPI2025002118,2025-04-08,09:47:33,Google Pay,P2P,Peer Transfer,18.9,ICICI Bank,ICICI Bank,Android,4G,Chandigarh,FAILED,Insufficient Balance,Yes,1745
UPI2025002119,2025-02-24,17:06:42,Paytm,P2P,Peer Transfer,229.49,SBI,HDFC Bank,Android,5G,Jalandhar,SUCCESS,N/A,N/A,2865
UPI2025002120,2025-02-09,09:41:11,PhonePe,P2M,Food Delivery,1230.03,Union Bank of India,Kotak Mahindra Bank,Android,4G,Hyderabad,SUCCESS,N/A,N/A,751
UPI2025002121,2025-11-30,13:18:21,Google Pay,P2P,Peer Transfer,39515.56,Punjab National Bank,ICICI Bank,Android,WiFi,Chennai,SUCCESS,N/A,N/A,2411
UPI2025002122,2025-01-02,09:37:32,PhonePe,P2P,Peer Transfer,19.91,Axis Bank,Punjab National Bank,Android,WiFi,Lucknow,SUCCESS,N/A,N/A,1160
UPI2025002123,2025-10-19,13:42:30,Paytm,P2M,Education Fee,4344.2,Axis Bank,Punjab National Bank,Android,4G,Noida,SUCCESS,N/A,N/A,757
UPI2025002124,2025-05-19,12:49:05,PhonePe,P2M,Travel,417.7,ICICI Bank,Kotak Mahindra Bank,Android,4G,Mumbai,SUCCESS,N/A,N/A,200
UPI2025002125,2025-10-24,20:10:23,Paytm,P2P,Peer Transfer,334.73,Yes Bank,Union Bank of India,iOS,4G,Bengaluru,SUCCESS,N/A,N/A,2246
UPI2025002126,2025-10-31,23:14:15,PhonePe,P2P,Peer Transfer,171.26,IndusInd Bank,IDBI Bank,Android,4G,Hyderabad,SUCCESS,N/A,N/A,2371
UPI2025002127,2025-06-02,13:20:42,Google Pay,P2M,Rent,886.88,Axis Bank,Union Bank of India,Android,4G,Bhopal,SUCCESS,N/A,N/A,1929
UPI2025002128,2025-10-18,10:18:12,Amazon Pay,P2P,Peer Transfer,32009.84,IDBI Bank,Kotak Mahindra Bank,Android,4G,Kolkata,SUCCESS,N/A,N/A,2097
UPI2025002129,2025-03-02,16:55:41,Paytm,P2M,Education Fee,37571.12,Kotak Mahindra Bank,Axis Bank,iOS,4G,Jalandhar,SUCCESS,N/A,N/A,2142
UPI2025002130,2025-04-22,13:21:32,Paytm,P2M,Travel,4955.86,Axis Bank,Yes Bank,Android,4G,Bhopal,FAILED,Transaction Timeout,No,7185
UPI2025002131,2025-04-02,16:48:56,Paytm,P2P,Peer Transfer,148.86,Yes Bank,HDFC Bank,Android,4G,Gurugram,FAILED,Bank Server Down,No,5532
UPI2025002132,2025-09-12,09:29:05,Google Pay,P2M,Entertainment,72.83,SBI,Canara Bank,Android,4G,Amritsar,SUCCESS,N/A,N/A,679
UPI2025002133,2025-10-28,00:06:17,PhonePe,P2M,Rent,249.15,Kotak Mahindra Bank,Canara Bank,Android,WiFi,Jaipur,SUCCESS,N/A,N/A,3078
UPI2025002134,2025-08-11,09:08:07,CRED,P2M,Fuel,451.81,Kotak Mahindra Bank,Axis Bank,Android,4G,Amritsar,SUCCESS,N/A,N/A,2332
UPI2025002135,2025-04-18,19:47:37,CRED,P2P,Peer Transfer,2226.98,Yes Bank,ICICI Bank,Android,4G,Jaipur,FAILED,Network Connectivity Issue,No,3812
UPI2025002136,2025-06-28,08:59:37,BHIM,P2M,Grocery,1619.34,IndusInd Bank,Yes Bank,Android,WiFi,Hyderabad,SUCCESS,N/A,N/A,1909
UPI2025002137,2025-09-16,06:42:07,Google Pay,P2M,Rent,220.42,Kotak Mahindra Bank,IDBI Bank,Android,5G,Patiala,SUCCESS,N/A,N/A,1987
UPI2025002138,2025-09-19,02:43:56,PhonePe,P2P,Peer Transfer,36618.22,Axis Bank,Bank of Baroda,Android,4G,Jaipur,FAILED,Bank Server Down,No,4765
UPI2025002139,2025-01-11,07:49:45,Google Pay,P2M,Grocery,2480.65,IndusInd Bank,Punjab National Bank,Android,4G,Pune,SUCCESS,N/A,N/A,2050
UPI2025002140,2025-04-16,09:58:42,PhonePe,P2M,Utility Bill,2795.97,Canara Bank,Yes Bank,Android,WiFi,Ahmedabad,FAILED,Transaction Timeout,No,2805
UPI2025002141,2025-04-14,06:03:04,BHIM,P2P,Peer Transfer,1757.49,Canara Bank,IndusInd Bank,Android,4G,Bhopal,FAILED,Bank Server Down,No,3948
UPI2025002142,2025-08-13,17:37:42,Paytm,P2M,Utility Bill,101.71,SBI,SBI,iOS,4G,Delhi,FAILED,Transaction Timeout,No,2051
UPI2025002143,2025-11-28,13:07:25,Amazon Pay,P2M,Peer Transfer,4334.96,SBI,IDBI Bank,Android,4G,Chandigarh,FAILED,Network Connectivity Issue,Yes,5177
UPI2025002144,2025-07-14,20:59:21,Google Pay,P2M,E-commerce,22.19,Punjab National Bank,ICICI Bank,Android,4G,Delhi,SUCCESS,N/A,N/A,1684
UPI2025002145,2025-08-08,23:06:31,BHIM,P2P,Peer Transfer,143.81,IndusInd Bank,HDFC Bank,Android,4G,Kolkata,SUCCESS,N/A,N/A,2277
UPI2025002146,2025-02-08,19:56:05,Paytm,P2M,Rent,340.36,HDFC Bank,Axis Bank,Android,5G,Ludhiana,SUCCESS,N/A,N/A,2074
UPI2025002147,2025-04-28,20:42:55,Google Pay,P2M,Food Delivery,83.45,Union Bank of India,Union Bank of India,Android,4G,Bhopal,SUCCESS,N/A,N/A,1418
UPI2025002148,2025-09-03,11:08:58,PhonePe,P2M,Peer Transfer,3219.08,IDBI Bank,HDFC Bank,Android,4G,Gurugram,SUCCESS,N/A,N/A,1110
UPI2025002149,2025-05-28,11:27:12,PhonePe,P2M,Food Delivery,138.62,Axis Bank,Union Bank of India,Android,5G,Ahmedabad,SUCCESS,N/A,N/A,1599
UPI2025002150,2025-02-13,17:24:07,Paytm,P2P,Peer Transfer,2040.38,Punjab National Bank,ICICI Bank,Android,4G,Delhi,FAILED,Incorrect UPI PIN,No,5064
UPI2025002151,2025-03-26,11:26:38,Paytm,P2P,Peer Transfer,1930.73,Yes Bank,ICICI Bank,Android,4G,Lucknow,SUCCESS,N/A,N/A,821
UPI2025002152,2025-05-06,09:41:31,Paytm,P2P,Peer Transfer,335.53,HDFC Bank,SBI,Android,5G,Mumbai,SUCCESS,N/A,N/A,1688
UPI2025002153,2025-07-01,16:38:45,PhonePe,P2M,Medical/Pharmacy,278.76,Union Bank of India,Union Bank of India,Android,5G,Gurugram,SUCCESS,N/A,N/A,1470
UPI2025002154,2025-08-21,09:03:01,PhonePe,P2M,Medical/Pharmacy,25919.19,IndusInd Bank,Yes Bank,Android,4G,Jaipur,FAILED,Bank Server Down,Yes,4853
UPI2025002155,2025-12-11,08:11:28,Paytm,P2P,Peer Transfer,472.97,HDFC Bank,Canara Bank,Android,WiFi,Lucknow,SUCCESS,N/A,N/A,2228
UPI2025002156,2025-01-11,10:55:00,PhonePe,P2P,Peer Transfer,305.43,Yes Bank,SBI,iOS,5G,Hyderabad,FAILED,Incorrect UPI PIN,No,4193
UPI2025002157,2025-05-27,14:26:55,Google Pay,P2P,Peer Transfer,473.14,SBI,IDBI Bank,Android,4G,Ludhiana,FAILED,Transaction Timeout,No,4101
UPI2025002158,2025-06-08,15:03:43,Google Pay,P2P,Peer Transfer,444.42,HDFC Bank,Canara Bank,Android,5G,Amritsar,FAILED,Invalid VPA / Beneficiary Not Found,Yes,4869
UPI2025002159,2025-12-04,18:10:08,Google Pay,P2P,Peer Transfer,163.2,Union Bank of India,ICICI Bank,Android,4G,Bhopal,SUCCESS,N/A,N/A,753
UPI2025002160,2025-05-07,20:33:12,PhonePe,P2M,Grocery,21340.79,IndusInd Bank,IndusInd Bank,Android,4G,Bhopal,SUCCESS,N/A,N/A,1478
UPI2025002161,2025-08-24,19:14:23,Amazon Pay,P2P,Peer Transfer,1152.04,HDFC Bank,IDBI Bank,Android,5G,Kolkata,FAILED,Duplicate Transaction Blocked,No,5834
UPI2025002162,2025-12-27,08:49:41,PhonePe,P2M,Travel,9974.36,ICICI Bank,SBI,Android,5G,Lucknow,SUCCESS,N/A,N/A,409
UPI2025002163,2025-08-05,22:38:48,PhonePe,P2P,Peer Transfer,378.06,Axis Bank,SBI,Android,WiFi,Ludhiana,SUCCESS,N/A,N/A,1206
UPI2025002164,2025-02-09,16:58:55,Paytm,P2P,Peer Transfer,23885.25,Bank of Baroda,Axis Bank,Android,WiFi,Chandigarh,SUCCESS,N/A,N/A,2995
UPI2025002165,2025-07-18,18:06:59,Paytm,P2M,Entertainment,181.25,Punjab National Bank,Canara Bank,Android,WiFi,Chandigarh,SUCCESS,N/A,N/A,1523
UPI2025002166,2025-03-10,06:32:43,PhonePe,P2P,Peer Transfer,459.59,IndusInd Bank,Axis Bank,Android,4G,Bhopal,SUCCESS,N/A,N/A,3032
UPI2025002167,2025-01-10,17:14:29,PhonePe,P2P,Peer Transfer,1397.08,HDFC Bank,Yes Bank,Android,5G,Chennai,SUCCESS,N/A,N/A,3240
UPI2025002168,2025-12-23,20:52:46,PhonePe,P2P,Peer Transfer,2666.46,IndusInd Bank,SBI,Android,4G,Lucknow,SUCCESS,N/A,N/A,2602
UPI2025002169,2025-11-01,12:36:19,Paytm,P2M,Recharge/Bill Payment,495.05,SBI,Union Bank of India,Android,5G,Patiala,SUCCESS,N/A,N/A,2850
UPI2025002170,2025-06-16,15:03:44,Google Pay,P2M,Education Fee,1642.48,ICICI Bank,Union Bank of India,Android,4G,Delhi,SUCCESS,N/A,N/A,3229
UPI2025002171,2025-06-13,13:14:28,Paytm,P2M,Food Delivery,168.18,Bank of Baroda,Canara Bank,Android,4G,Patiala,FAILED,Incorrect UPI PIN,No,4094
UPI2025002172,2025-01-27,11:57:35,Google Pay,P2M,Education Fee,421.39,Bank of Baroda,Axis Bank,Android,5G,Jaipur,SUCCESS,N/A,N/A,2682
UPI2025002173,2025-03-04,16:54:25,Google Pay,P2M,Entertainment,257.93,Punjab National Bank,Canara Bank,iOS,4G,Ludhiana,SUCCESS,N/A,N/A,269
UPI2025002174,2025-09-20,09:47:09,Amazon Pay,P2P,Peer Transfer,463.52,ICICI Bank,Axis Bank,Android,4G,Mumbai,SUCCESS,N/A,N/A,1138
UPI2025002175,2025-02-18,11:46:21,PhonePe,P2P,Peer Transfer,355.0,Kotak Mahindra Bank,IndusInd Bank,Android,4G,Ahmedabad,SUCCESS,N/A,N/A,1407
UPI2025002176,2025-08-16,21:24:11,BHIM,P2P,Peer Transfer,59.1,IndusInd Bank,Kotak Mahindra Bank,Android,4G,Delhi,SUCCESS,N/A,N/A,2764
UPI2025002177,2025-10-24,09:42:09,Paytm,P2M,Medical/Pharmacy,104.47,Bank of Baroda,Yes Bank,Android,4G,Mumbai,SUCCESS,N/A,N/A,1829
UPI2025002178,2025-07-28,21:08:33,PhonePe,P2P,Peer Transfer,4686.91,SBI,Punjab National Bank,iOS,5G,Jaipur,FAILED,NPCI Server Error,No,7193
UPI2025002179,2025-02-05,13:06:31,Google Pay,P2P,Peer Transfer,155.17,ICICI Bank,IndusInd Bank,Android,4G,Patiala,SUCCESS,N/A,N/A,2950
UPI2025002180,2025-12-27,18:57:07,PhonePe,P2P,Peer Transfer,2365.79,Axis Bank,IndusInd Bank,Android,5G,Noida,SUCCESS,N/A,N/A,1745
UPI2025002181,2025-11-20,00:14:08,BHIM,P2P,Peer Transfer,95.4,SBI,Axis Bank,Android,4G,Delhi,SUCCESS,N/A,N/A,229
UPI2025002182,2025-10-31,21:22:00,Google Pay,P2P,Peer Transfer,453.49,SBI,Kotak Mahindra Bank,Android,4G,Pune,SUCCESS,N/A,N/A,1178
UPI2025002183,2025-03-24,12:14:31,PhonePe,P2P,Peer Transfer,317.3,HDFC Bank,IndusInd Bank,Android,4G,Kolkata,SUCCESS,N/A,N/A,2160
UPI2025002184,2025-05-27,08:53:21,PhonePe,P2P,Peer Transfer,114.06,IDBI Bank,Yes Bank,Android,5G,Lucknow,SUCCESS,N/A,N/A,1090
UPI2025002185,2025-08-21,11:46:28,PhonePe,P2P,Peer Transfer,499.29,IndusInd Bank,ICICI Bank,Android,WiFi,Jalandhar,FAILED,Incorrect UPI PIN,No,7483
UPI2025002186,2025-09-10,16:29:58,Paytm,P2P,Peer Transfer,164.09,HDFC Bank,Punjab National Bank,Android,5G,Pune,SUCCESS,N/A,N/A,2452
UPI2025002187,2025-10-31,18:39:18,WhatsApp Pay,P2M,Rent,283.24,Bank of Baroda,Axis Bank,iOS,WiFi,Chennai,SUCCESS,N/A,N/A,840
UPI2025002188,2025-06-16,22:45:27,PhonePe,P2M,Utility Bill,382.94,Bank of Baroda,ICICI Bank,iOS,4G,Chandigarh,FAILED,Transaction Timeout,No,1132
UPI2025002189,2025-11-15,17:20:30,PhonePe,P2P,Peer Transfer,213.69,Kotak Mahindra Bank,Yes Bank,Android,4G,Chandigarh,SUCCESS,N/A,N/A,1681
UPI2025002190,2025-09-20,07:30:40,PhonePe,P2P,Peer Transfer,4997.01,Canara Bank,SBI,iOS,5G,Jalandhar,SUCCESS,N/A,N/A,1280
UPI2025002191,2025-02-22,08:43:31,Google Pay,P2P,Peer Transfer,2034.12,Bank of Baroda,IndusInd Bank,iOS,4G,Gurugram,SUCCESS,N/A,N/A,663
UPI2025002192,2025-09-09,14:26:14,Amazon Pay,P2P,Peer Transfer,30.6,HDFC Bank,HDFC Bank,Android,4G,Ludhiana,FAILED,Technical Decline by Issuer,Yes,2040
UPI2025002193,2025-11-19,11:58:15,PhonePe,P2M,Recharge/Bill Payment,372.62,Union Bank of India,IndusInd Bank,iOS,5G,Mumbai,FAILED,Incorrect UPI PIN,Yes,6017
UPI2025002194,2025-09-13,16:54:24,PhonePe,P2M,Education Fee,346.07,Axis Bank,ICICI Bank,Android,4G,Bhopal,FAILED,Daily Transaction Limit Exceeded,Yes,5396
UPI2025002195,2025-08-10,06:21:57,Google Pay,P2P,Peer Transfer,3904.15,Union Bank of India,ICICI Bank,Android,4G,Ludhiana,SUCCESS,N/A,N/A,3463
UPI2025002196,2025-11-09,12:44:27,PhonePe,P2P,Peer Transfer,485.99,ICICI Bank,Kotak Mahindra Bank,Android,4G,Lucknow,FAILED,Insufficient Balance,Yes,5580
UPI2025002197,2025-04-19,11:22:14,WhatsApp Pay,P2M,Medical/Pharmacy,202.55,Axis Bank,Canara Bank,Android,4G,Jaipur,SUCCESS,N/A,N/A,3251
UPI2025002198,2025-06-09,10:28:32,Google Pay,P2P,Peer Transfer,418.05,Kotak Mahindra Bank,ICICI Bank,Android,5G,Lucknow,SUCCESS,N/A,N/A,2456
UPI2025002199,2025-01-09,11:40:08,Google Pay,P2P,Peer Transfer,27914.52,Kotak Mahindra Bank,IndusInd Bank,Android,4G,Bhopal,SUCCESS,N/A,N/A,2344
UPI2025002200,2025-11-30,07:52:43,Google Pay,P2M,Travel,3758.61,Kotak Mahindra Bank,ICICI Bank,Android,4G,Pune,SUCCESS,N/A,N/A,1857
UPI2025002201,2025-09-30,02:28:37,Paytm,P2M,Recharge/Bill Payment,3041.66,Punjab National Bank,Yes Bank,Android,5G,Ahmedabad,SUCCESS,N/A,N/A,429
UPI2025002202,2025-10-31,17:57:00,Google Pay,P2M,Entertainment,436.19,Axis Bank,Punjab National Bank,Android,WiFi,Ludhiana,SUCCESS,N/A,N/A,1321
UPI2025002203,2025-05-14,22:46:36,PhonePe,P2P,Peer Transfer,2729.57,ICICI Bank,Bank of Baroda,Android,5G,Delhi,SUCCESS,N/A,N/A,1413
UPI2025002204,2025-03-21,10:39:33,Google Pay,P2M,Recharge/Bill Payment,52.65,Punjab National Bank,Canara Bank,Android,4G,Chandigarh,SUCCESS,N/A,N/A,265
UPI2025002205,2025-12-26,15:45:17,Google Pay,P2P,Peer Transfer,4628.42,IDBI Bank,Kotak Mahindra Bank,Android,4G,Jaipur,FAILED,Transaction Timeout,No,3909
UPI2025002206,2025-11-26,19:51:33,PhonePe,P2P,Peer Transfer,3717.98,SBI,HDFC Bank,Android,WiFi,Chandigarh,FAILED,PIN Retry Limit Exceeded,Yes,3574
UPI2025002207,2025-12-11,18:33:18,PhonePe,P2P,Peer Transfer,700.5,Punjab National Bank,ICICI Bank,Android,WiFi,Bhopal,FAILED,Payer Account Frozen/Inactive,Yes,6377
UPI2025002208,2025-11-26,13:36:24,Google Pay,P2M,Rent,1824.45,Union Bank of India,ICICI Bank,Android,4G,Mumbai,SUCCESS,N/A,N/A,1742
UPI2025002209,2025-05-29,00:21:40,Paytm,P2M,Peer Transfer,1088.31,IndusInd Bank,Punjab National Bank,Android,5G,Lucknow,SUCCESS,N/A,N/A,2794
UPI2025002210,2025-04-19,15:53:03,Google Pay,P2P,Peer Transfer,4125.37,Axis Bank,ICICI Bank,Android,WiFi,Jalandhar,SUCCESS,N/A,N/A,1460
UPI2025002211,2025-11-17,17:56:55,Google Pay,P2P,Peer Transfer,182.21,HDFC Bank,Bank of Baroda,Android,4G,Gurugram,SUCCESS,N/A,N/A,1605
UPI2025002212,2025-12-14,17:03:34,Amazon Pay,P2M,Peer Transfer,4864.19,Axis Bank,Union Bank of India,Android,5G,Delhi,SUCCESS,N/A,N/A,2100
UPI2025002213,2025-09-05,06:18:03,Google Pay,P2P,Peer Transfer,167.47,HDFC Bank,Bank of Baroda,iOS,4G,Jalandhar,SUCCESS,N/A,N/A,261
UPI2025002214,2025-03-16,14:41:06,Google Pay,P2P,Peer Transfer,41.94,Yes Bank,Axis Bank,Android,4G,Delhi,FAILED,Transaction Timeout,Yes,5283
UPI2025002215,2025-12-25,12:59:20,PhonePe,P2P,Peer Transfer,382.67,Canara Bank,HDFC Bank,Android,5G,Delhi,FAILED,Technical Decline by Issuer,Yes,5736
UPI2025002216,2025-12-12,13:58:42,Google Pay,P2M,Utility Bill,2214.99,IndusInd Bank,Union Bank of India,Android,5G,Bengaluru,SUCCESS,N/A,N/A,2111
UPI2025002217,2025-02-11,12:59:24,PhonePe,P2P,Peer Transfer,2302.96,Union Bank of India,Kotak Mahindra Bank,Android,5G,Jaipur,SUCCESS,N/A,N/A,3297
UPI2025002218,2025-08-13,18:33:12,Paytm,P2P,Peer Transfer,142.09,ICICI Bank,Kotak Mahindra Bank,iOS,5G,Ludhiana,SUCCESS,N/A,N/A,1371
UPI2025002219,2025-07-28,09:12:16,PhonePe,P2M,Travel,18.1,Union Bank of India,HDFC Bank,Android,5G,Bhopal,SUCCESS,N/A,N/A,2022
UPI2025002220,2025-05-22,21:15:37,Paytm,P2P,Peer Transfer,475.64,Union Bank of India,ICICI Bank,Android,5G,Bengaluru,SUCCESS,N/A,N/A,2597
UPI2025002221,2025-10-29,17:21:35,Google Pay,P2P,Peer Transfer,4993.75,Yes Bank,Bank of Baroda,Android,4G,Bhopal,SUCCESS,N/A,N/A,1244
UPI2025002222,2025-12-04,09:52:55,Paytm,P2M,Medical/Pharmacy,291.39,SBI,ICICI Bank,Android,WiFi,Chennai,FAILED,Invalid VPA / Beneficiary Not Found,Yes,6904
UPI2025002223,2025-08-06,19:14:16,Google Pay,P2M,Rent,15483.75,Yes Bank,Bank of Baroda,Android,4G,Gurugram,SUCCESS,N/A,N/A,2645
UPI2025002224,2025-04-27,13:15:00,BHIM,P2M,Grocery,271.71,Canara Bank,Axis Bank,Android,5G,Noida,FAILED,Invalid VPA / Beneficiary Not Found,Yes,1440
UPI2025002225,2025-06-27,18:14:35,BHIM,P2M,Entertainment,256.24,ICICI Bank,Canara Bank,Android,5G,Bengaluru,FAILED,Invalid VPA / Beneficiary Not Found,Yes,4637
UPI2025002226,2025-05-04,08:46:30,Paytm,P2P,Peer Transfer,171.13,Kotak Mahindra Bank,Axis Bank,Android,4G,Mumbai,FAILED,Insufficient Balance,Yes,4234
UPI2025002227,2025-11-30,11:12:18,Paytm,P2M,Grocery,388.35,Canara Bank,Axis Bank,Android,5G,Chennai,SUCCESS,N/A,N/A,2503
UPI2025002228,2025-02-06,18:53:59,Paytm,P2M,Peer Transfer,451.68,Kotak Mahindra Bank,HDFC Bank,Android,4G,Lucknow,SUCCESS,N/A,N/A,1741
UPI2025002229,2025-06-18,12:25:25,Paytm,P2P,Peer Transfer,2055.11,Kotak Mahindra Bank,Punjab National Bank,Android,5G,Gurugram,SUCCESS,N/A,N/A,2996
UPI2025002230,2025-03-17,11:17:01,Google Pay,P2P,Peer Transfer,429.57,IDBI Bank,Bank of Baroda,iOS,WiFi,Chandigarh,SUCCESS,N/A,N/A,291
UPI2025002231,2025-05-28,17:23:12,Paytm,P2M,Recharge/Bill Payment,2312.39,IndusInd Bank,Axis Bank,Android,4G,Mumbai,SUCCESS,N/A,N/A,1047
UPI2025002232,2025-04-05,23:45:00,PhonePe,P2P,Peer Transfer,69.33,Bank of Baroda,IDBI Bank,Android,4G,Bengaluru,SUCCESS,N/A,N/A,813
UPI2025002233,2025-11-03,16:07:05,Amazon Pay,P2M,Food Delivery,2347.22,Bank of Baroda,SBI,Android,4G,Chandigarh,SUCCESS,N/A,N/A,960
UPI2025002234,2025-01-12,14:08:25,PhonePe,P2P,Peer Transfer,2638.52,IndusInd Bank,IDBI Bank,Android,5G,Kolkata,SUCCESS,N/A,N/A,2406
UPI2025002235,2025-12-02,15:54:13,Google Pay,P2P,Peer Transfer,315.48,Punjab National Bank,Union Bank of India,Android,5G,Mumbai,SUCCESS,N/A,N/A,1213
UPI2025002236,2025-02-11,11:25:30,PhonePe,P2P,Peer Transfer,160.66,Punjab National Bank,Kotak Mahindra Bank,iOS,5G,Patiala,SUCCESS,N/A,N/A,200
UPI2025002237,2025-05-31,19:43:53,Google Pay,P2M,Food Delivery,12.74,ICICI Bank,SBI,iOS,WiFi,Chandigarh,SUCCESS,N/A,N/A,2829
UPI2025002238,2025-06-08,13:09:49,PhonePe,P2P,Peer Transfer,371.01,Punjab National Bank,Kotak Mahindra Bank,Android,WiFi,Amritsar,SUCCESS,N/A,N/A,1895
UPI2025002239,2025-07-13,17:18:00,Google Pay,P2M,Utility Bill,407.0,SBI,IDBI Bank,Android,4G,Jaipur,SUCCESS,N/A,N/A,1194
UPI2025002240,2025-02-03,11:47:24,Paytm,P2M,Education Fee,1619.11,Bank of Baroda,HDFC Bank,Android,4G,Chandigarh,SUCCESS,N/A,N/A,2102
UPI2025002241,2025-02-14,12:41:12,Paytm,P2M,E-commerce,135.92,Yes Bank,IDBI Bank,Android,4G,Jalandhar,SUCCESS,N/A,N/A,1116
UPI2025002242,2025-10-04,18:57:12,BHIM,P2P,Peer Transfer,493.53,HDFC Bank,SBI,Android,4G,Pune,FAILED,Bank Server Down,Yes,3079
UPI2025002243,2025-01-02,19:19:54,BHIM,P2P,Peer Transfer,430.4,SBI,ICICI Bank,iOS,4G,Hyderabad,FAILED,Transaction Timeout,No,6490
UPI2025002244,2025-10-21,09:43:03,Paytm,P2M,Rent,336.6,Axis Bank,SBI,Android,4G,Patiala,FAILED,Invalid VPA / Beneficiary Not Found,Yes,6374
UPI2025002245,2025-07-27,20:01:32,Paytm,P2M,Utility Bill,220.63,HDFC Bank,ICICI Bank,Android,5G,Lucknow,SUCCESS,N/A,N/A,2770
UPI2025002246,2025-12-03,18:19:49,PhonePe,P2M,Grocery,120.27,IDBI Bank,Punjab National Bank,iOS,WiFi,Pune,FAILED,Network Connectivity Issue,No,4327
UPI2025002247,2025-01-15,22:43:35,WhatsApp Pay,P2P,Peer Transfer,21805.89,Yes Bank,IDBI Bank,iOS,4G,Jalandhar,SUCCESS,N/A,N/A,1395
UPI2025002248,2025-08-29,14:08:06,PhonePe,P2P,Peer Transfer,127.86,HDFC Bank,IDBI Bank,Android,5G,Noida,SUCCESS,N/A,N/A,1434
UPI2025002249,2025-10-12,19:41:01,Paytm,P2M,Travel,1892.99,HDFC Bank,Kotak Mahindra Bank,Android,WiFi,Gurugram,SUCCESS,N/A,N/A,3069
UPI2025002250,2025-06-04,20:08:42,PhonePe,P2M,Travel,20287.15,Axis Bank,Kotak Mahindra Bank,Android,WiFi,Lucknow,FAILED,Invalid VPA / Beneficiary Not Found,Yes,3880
UPI2025002251,2025-10-29,18:10:29,Amazon Pay,P2P,Peer Transfer,689.68,ICICI Bank,IndusInd Bank,Android,4G,Gurugram,SUCCESS,N/A,N/A,1829
UPI2025002252,2025-07-19,01:44:44,Google Pay,P2P,Peer Transfer,950.29,Yes Bank,Kotak Mahindra Bank,Android,WiFi,Amritsar,FAILED,Technical Decline by Issuer,No,4542
UPI2025002253,2025-12-13,17:38:00,PhonePe,P2P,Peer Transfer,55.73,IndusInd Bank,IndusInd Bank,Android,5G,Chandigarh,SUCCESS,N/A,N/A,2097
UPI2025002254,2025-08-30,14:29:09,PhonePe,P2P,Peer Transfer,783.65,IndusInd Bank,Canara Bank,Android,WiFi,Bhopal,SUCCESS,N/A,N/A,2474
UPI2025002255,2025-10-16,15:20:01,Amazon Pay,P2P,Peer Transfer,4880.87,IDBI Bank,Punjab National Bank,Android,WiFi,Jaipur,SUCCESS,N/A,N/A,2092
UPI2025002256,2025-08-03,16:36:04,WhatsApp Pay,P2M,Medical/Pharmacy,286.1,ICICI Bank,IndusInd Bank,iOS,4G,Mumbai,SUCCESS,N/A,N/A,2231
UPI2025002257,2025-06-21,06:07:53,CRED,P2P,Peer Transfer,398.19,Union Bank of India,Kotak Mahindra Bank,iOS,4G,Delhi,FAILED,Transaction Timeout,Yes,3709
UPI2025002258,2025-08-19,17:11:33,WhatsApp Pay,P2P,Peer Transfer,593.8,Union Bank of India,Canara Bank,Android,4G,Pune,SUCCESS,N/A,N/A,2078
UPI2025002259,2025-10-28,08:12:01,Google Pay,P2P,Peer Transfer,2291.19,IDBI Bank,ICICI Bank,Android,5G,Jaipur,SUCCESS,N/A,N/A,1509
UPI2025002260,2025-01-15,14:10:36,Paytm,P2M,Peer Transfer,321.11,SBI,Kotak Mahindra Bank,Android,3G,Amritsar,SUCCESS,N/A,N/A,3002
UPI2025002261,2025-03-15,12:13:52,Google Pay,P2P,Peer Transfer,93.16,Union Bank of India,SBI,iOS,4G,Noida,SUCCESS,N/A,N/A,1071
UPI2025002262,2025-01-08,21:51:16,Paytm,P2M,Recharge/Bill Payment,284.59,Kotak Mahindra Bank,Yes Bank,Android,WiFi,Chennai,SUCCESS,N/A,N/A,876
UPI2025002263,2025-07-02,21:47:40,Google Pay,P2M,Entertainment,70.73,SBI,IDBI Bank,iOS,5G,Hyderabad,SUCCESS,N/A,N/A,1149
UPI2025002264,2025-09-15,22:23:57,PhonePe,P2P,Peer Transfer,41.87,Canara Bank,Punjab National Bank,Android,WiFi,Jalandhar,SUCCESS,N/A,N/A,2129
UPI2025002265,2025-04-29,10:23:14,Google Pay,P2P,Peer Transfer,353.85,IDBI Bank,HDFC Bank,Android,WiFi,Bhopal,SUCCESS,N/A,N/A,1603
UPI2025002266,2025-06-12,12:55:32,Google Pay,P2P,Peer Transfer,14141.93,IDBI Bank,Punjab National Bank,Android,5G,Pune,SUCCESS,N/A,N/A,1771
UPI2025002267,2025-12-26,12:35:27,Paytm,P2P,Peer Transfer,44332.55,Kotak Mahindra Bank,Canara Bank,iOS,WiFi,Gurugram,SUCCESS,N/A,N/A,2373
UPI2025002268,2025-03-01,03:42:51,PhonePe,P2P,Peer Transfer,9429.69,Bank of Baroda,Union Bank of India,iOS,WiFi,Ahmedabad,SUCCESS,N/A,N/A,1372
UPI2025002269,2025-10-28,20:26:49,BHIM,P2M,Utility Bill,155.05,Union Bank of India,Axis Bank,Android,4G,Patiala,SUCCESS,N/A,N/A,371
UPI2025002270,2025-09-26,11:34:02,PhonePe,P2P,Peer Transfer,348.02,IDBI Bank,Punjab National Bank,Android,3G,Delhi,SUCCESS,N/A,N/A,1613
UPI2025002271,2025-07-26,10:29:10,Paytm,P2P,Peer Transfer,200.14,SBI,SBI,Android,WiFi,Jalandhar,SUCCESS,N/A,N/A,1768
UPI2025002272,2025-09-28,13:14:58,Paytm,P2P,Peer Transfer,1080.22,ICICI Bank,IndusInd Bank,Android,WiFi,Ludhiana,SUCCESS,N/A,N/A,983
UPI2025002273,2025-12-26,03:26:08,PhonePe,P2P,Peer Transfer,463.06,Bank of Baroda,HDFC Bank,Android,5G,Ludhiana,SUCCESS,N/A,N/A,3360
UPI2025002274,2025-05-14,02:11:35,Google Pay,P2P,Peer Transfer,1092.07,Axis Bank,Bank of Baroda,Android,WiFi,Hyderabad,SUCCESS,N/A,N/A,2145
UPI2025002275,2025-09-24,17:14:52,Google Pay,P2M,Medical/Pharmacy,35530.86,Canara Bank,IndusInd Bank,Android,WiFi,Bengaluru,FAILED,Incorrect UPI PIN,Yes,6237
UPI2025002276,2025-01-12,10:55:10,PhonePe,P2M,Recharge/Bill Payment,484.23,ICICI Bank,Canara Bank,Android,WiFi,Jaipur,SUCCESS,N/A,N/A,1820
UPI2025002277,2025-11-10,17:07:44,Google Pay,P2P,Peer Transfer,278.58,Bank of Baroda,Canara Bank,Android,5G,Lucknow,SUCCESS,N/A,N/A,2576
UPI2025002278,2025-05-13,21:16:40,Paytm,P2M,Utility Bill,1943.44,SBI,IndusInd Bank,Android,4G,Bengaluru,FAILED,Daily Transaction Limit Exceeded,No,2839
UPI2025002279,2025-05-14,19:20:48,Paytm,P2M,Travel,25139.4,IDBI Bank,Canara Bank,Android,4G,Bengaluru,SUCCESS,N/A,N/A,217
UPI2025002280,2025-03-19,10:16:24,Google Pay,P2M,Entertainment,79.5,ICICI Bank,HDFC Bank,Android,4G,Amritsar,SUCCESS,N/A,N/A,1573
UPI2025002281,2025-04-10,20:11:48,PhonePe,P2P,Peer Transfer,201.95,Union Bank of India,Punjab National Bank,Android,WiFi,Chennai,SUCCESS,N/A,N/A,1456
UPI2025002282,2025-01-06,16:59:03,PhonePe,P2M,Travel,469.91,Axis Bank,HDFC Bank,Android,WiFi,Pune,SUCCESS,N/A,N/A,2466
UPI2025002283,2025-08-21,11:04:27,Paytm,P2P,Peer Transfer,28790.86,SBI,Punjab National Bank,Android,5G,Bhopal,FAILED,Network Connectivity Issue,No,6590
UPI2025002284,2025-10-01,18:28:14,Paytm,P2M,E-commerce,229.99,HDFC Bank,ICICI Bank,Android,4G,Gurugram,SUCCESS,N/A,N/A,1618
UPI2025002285,2025-07-26,22:19:32,PhonePe,P2P,Peer Transfer,4314.25,HDFC Bank,Yes Bank,Android,4G,Pune,SUCCESS,N/A,N/A,3090
UPI2025002286,2025-05-23,05:43:09,PhonePe,P2P,Peer Transfer,428.91,IDBI Bank,Axis Bank,Android,5G,Lucknow,SUCCESS,N/A,N/A,200
UPI2025002287,2025-07-01,09:39:04,Google Pay,P2M,Rent,377.07,Bank of Baroda,Punjab National Bank,Android,4G,Mumbai,SUCCESS,N/A,N/A,200
UPI2025002288,2025-10-02,09:19:15,PhonePe,P2P,Peer Transfer,380.94,IndusInd Bank,Bank of Baroda,Android,WiFi,Amritsar,SUCCESS,N/A,N/A,1828
UPI2025002289,2025-08-16,14:07:43,Paytm,P2P,Peer Transfer,126.75,Bank of Baroda,SBI,Android,4G,Chennai,SUCCESS,N/A,N/A,457
UPI2025002290,2025-06-01,20:21:51,Google Pay,P2M,Education Fee,423.76,Canara Bank,Axis Bank,Android,4G,Mumbai,SUCCESS,N/A,N/A,2965
UPI2025002291,2025-10-11,14:14:52,PhonePe,P2M,E-commerce,204.05,ICICI Bank,HDFC Bank,Android,WiFi,Kolkata,SUCCESS,N/A,N/A,966
UPI2025002292,2025-09-21,13:49:30,Google Pay,P2P,Peer Transfer,328.68,SBI,Bank of Baroda,Android,5G,Ludhiana,SUCCESS,N/A,N/A,711
UPI2025002293,2025-04-24,12:38:47,PhonePe,P2P,Peer Transfer,407.3,IDBI Bank,HDFC Bank,Android,4G,Kolkata,FAILED,Network Connectivity Issue,Yes,8196
UPI2025002294,2025-02-20,18:24:47,BHIM,P2P,Peer Transfer,19912.74,Axis Bank,Union Bank of India,Android,WiFi,Ahmedabad,SUCCESS,N/A,N/A,2691
UPI2025002295,2025-12-08,05:38:20,PhonePe,P2P,Peer Transfer,433.09,Canara Bank,Kotak Mahindra Bank,Android,4G,Ludhiana,SUCCESS,N/A,N/A,2681
UPI2025002296,2025-10-07,18:17:26,Paytm,P2P,Peer Transfer,2965.42,Canara Bank,Yes Bank,Android,5G,Chandigarh,SUCCESS,N/A,N/A,1575
UPI2025002297,2025-06-14,15:06:02,Google Pay,P2M,Entertainment,294.65,Axis Bank,Union Bank of India,Android,4G,Kolkata,FAILED,Incorrect UPI PIN,Yes,4098
UPI2025002298,2025-02-09,15:10:09,Google Pay,P2M,Recharge/Bill Payment,317.45,Axis Bank,Union Bank of India,Android,4G,Delhi,SUCCESS,N/A,N/A,1435
UPI2025002299,2025-10-15,09:46:04,Amazon Pay,P2P,Peer Transfer,1600.28,Yes Bank,Kotak Mahindra Bank,Android,5G,Pune,SUCCESS,N/A,N/A,729
UPI2025002300,2025-01-04,10:36:43,Paytm,P2M,Entertainment,4428.66,HDFC Bank,Yes Bank,iOS,5G,Ludhiana,SUCCESS,N/A,N/A,2197
UPI2025002301,2025-07-18,16:19:41,PhonePe,P2P,Peer Transfer,1678.89,Canara Bank,ICICI Bank,Android,4G,Hyderabad,SUCCESS,N/A,N/A,2538
UPI2025002302,2025-02-08,18:30:58,Google Pay,P2P,Peer Transfer,381.88,HDFC Bank,Kotak Mahindra Bank,Android,WiFi,Ludhiana,SUCCESS,N/A,N/A,1379
UPI2025002303,2025-09-18,15:38:20,Google Pay,P2P,Peer Transfer,3752.43,Axis Bank,Canara Bank,Android,WiFi,Mumbai,SUCCESS,N/A,N/A,3067
UPI2025002304,2025-11-07,16:23:16,WhatsApp Pay,P2P,Peer Transfer,396.59,Kotak Mahindra Bank,IndusInd Bank,Android,4G,Jaipur,SUCCESS,N/A,N/A,1686
UPI2025002305,2025-08-22,09:27:31,Google Pay,P2M,Food Delivery,19739.63,Canara Bank,Canara Bank,Android,5G,Gurugram,SUCCESS,N/A,N/A,1412
UPI2025002306,2025-02-24,19:15:37,PhonePe,P2M,Travel,310.56,HDFC Bank,ICICI Bank,iOS,4G,Pune,SUCCESS,N/A,N/A,3607
UPI2025002307,2025-05-25,12:13:29,Google Pay,P2P,Peer Transfer,2064.52,Union Bank of India,Union Bank of India,Android,3G,Amritsar,SUCCESS,N/A,N/A,2223
UPI2025002308,2025-03-26,17:59:45,Paytm,P2P,Peer Transfer,1288.29,Punjab National Bank,Yes Bank,Android,4G,Jaipur,SUCCESS,N/A,N/A,1893
UPI2025002309,2025-03-10,14:13:46,Google Pay,P2P,Peer Transfer,23.85,Punjab National Bank,Yes Bank,Android,4G,Bengaluru,SUCCESS,N/A,N/A,1359
UPI2025002310,2025-03-09,16:06:23,Google Pay,P2P,Peer Transfer,77.63,Union Bank of India,Axis Bank,Android,5G,Patiala,FAILED,Technical Decline by Issuer,Yes,200
UPI2025002311,2025-01-11,19:24:20,PhonePe,P2M,Entertainment,16.69,IndusInd Bank,Kotak Mahindra Bank,iOS,4G,Bhopal,SUCCESS,N/A,N/A,3119
UPI2025002312,2025-03-31,00:17:34,Google Pay,P2M,E-commerce,1540.29,Yes Bank,IndusInd Bank,Android,4G,Mumbai,SUCCESS,N/A,N/A,531
UPI2025002313,2025-08-12,22:47:09,Paytm,P2P,Peer Transfer,431.82,IDBI Bank,IndusInd Bank,Android,5G,Delhi,SUCCESS,N/A,N/A,2588
UPI2025002314,2025-08-21,09:04:02,Amazon Pay,P2M,Utility Bill,4945.92,SBI,Kotak Mahindra Bank,Android,4G,Bhopal,SUCCESS,N/A,N/A,1519
UPI2025002315,2025-02-19,14:17:30,Google Pay,P2P,Peer Transfer,28.62,Axis Bank,SBI,Android,5G,Jaipur,SUCCESS,N/A,N/A,2312
UPI2025002316,2025-11-26,19:21:43,PhonePe,P2M,Rent,2360.37,IndusInd Bank,IDBI Bank,Android,4G,Noida,SUCCESS,N/A,N/A,1508
UPI2025002317,2025-08-14,16:39:38,Google Pay,P2P,Peer Transfer,354.4,ICICI Bank,ICICI Bank,Android,4G,Patiala,SUCCESS,N/A,N/A,516
UPI2025002318,2025-06-12,12:47:06,PhonePe,P2P,Peer Transfer,471.22,Union Bank of India,Yes Bank,iOS,WiFi,Patiala,FAILED,Incorrect UPI PIN,No,5498
UPI2025002319,2025-11-28,22:45:20,PhonePe,P2M,E-commerce,1227.27,Axis Bank,HDFC Bank,iOS,4G,Chennai,SUCCESS,N/A,N/A,2724
UPI2025002320,2025-05-23,19:28:52,Google Pay,P2P,Peer Transfer,73.92,Kotak Mahindra Bank,HDFC Bank,Android,4G,Noida,SUCCESS,N/A,N/A,1216
UPI2025002321,2025-07-16,06:36:53,Amazon Pay,P2M,Utility Bill,450.13,Union Bank of India,IDBI Bank,Android,5G,Jaipur,SUCCESS,N/A,N/A,1966
UPI2025002322,2025-03-06,17:07:48,Google Pay,P2P,Peer Transfer,495.88,SBI,Canara Bank,iOS,4G,Amritsar,FAILED,Incorrect UPI PIN,No,9303
UPI2025002323,2025-03-17,13:07:51,BHIM,P2M,Education Fee,250.66,HDFC Bank,Canara Bank,Android,5G,Delhi,SUCCESS,N/A,N/A,1738
UPI2025002324,2025-08-22,19:15:30,Paytm,P2M,Medical/Pharmacy,394.54,IndusInd Bank,Bank of Baroda,Android,4G,Pune,SUCCESS,N/A,N/A,533
UPI2025002325,2025-06-13,20:52:55,Google Pay,P2P,Peer Transfer,32672.04,IndusInd Bank,IndusInd Bank,iOS,4G,Hyderabad,SUCCESS,N/A,N/A,1604
UPI2025002326,2025-03-26,16:09:09,Amazon Pay,P2P,Peer Transfer,4858.76,Bank of Baroda,HDFC Bank,Android,WiFi,Amritsar,SUCCESS,N/A,N/A,1536
UPI2025002327,2025-12-08,20:40:47,BHIM,P2M,Recharge/Bill Payment,173.52,Punjab National Bank,Canara Bank,iOS,4G,Amritsar,SUCCESS,N/A,N/A,2811
UPI2025002328,2025-06-07,19:07:44,PhonePe,P2M,Medical/Pharmacy,390.31,Axis Bank,IndusInd Bank,Android,WiFi,Bhopal,SUCCESS,N/A,N/A,2409
UPI2025002329,2025-04-01,07:24:13,Paytm,P2P,Peer Transfer,3025.0,IndusInd Bank,Axis Bank,Android,5G,Jaipur,SUCCESS,N/A,N/A,1753
UPI2025002330,2025-10-14,11:39:02,Paytm,P2M,Medical/Pharmacy,384.06,Kotak Mahindra Bank,IDBI Bank,iOS,5G,Chennai,FAILED,Incorrect UPI PIN,No,5062
UPI2025002331,2025-08-07,23:39:38,BHIM,P2P,Peer Transfer,29.3,IDBI Bank,HDFC Bank,Android,WiFi,Kolkata,SUCCESS,N/A,N/A,1968
UPI2025002332,2025-10-23,21:26:25,PhonePe,P2P,Peer Transfer,2258.38,HDFC Bank,Axis Bank,Android,4G,Patiala,SUCCESS,N/A,N/A,2149
UPI2025002333,2025-07-05,17:07:30,Paytm,P2M,Rent,26951.61,IDBI Bank,Punjab National Bank,iOS,4G,Amritsar,SUCCESS,N/A,N/A,1442
UPI2025002334,2025-10-13,19:17:06,Paytm,P2P,Peer Transfer,152.99,Union Bank of India,IDBI Bank,Android,4G,Pune,FAILED,Incorrect UPI PIN,Yes,1730
UPI2025002335,2025-12-17,01:57:34,Google Pay,P2P,Peer Transfer,49.88,Punjab National Bank,Punjab National Bank,Android,3G,Hyderabad,FAILED,Suspected Fraud - Blocked by Bank,Yes,4463
UPI2025002336,2025-09-27,11:51:53,Paytm,P2M,Entertainment,135.65,SBI,IDBI Bank,Android,5G,Mumbai,FAILED,Invalid VPA / Beneficiary Not Found,Yes,5086
UPI2025002337,2025-01-26,22:26:17,Google Pay,P2P,Peer Transfer,56.88,IndusInd Bank,Punjab National Bank,Android,4G,Bhopal,SUCCESS,N/A,N/A,2883
UPI2025002338,2025-01-26,20:29:02,Google Pay,P2P,Peer Transfer,27730.25,Yes Bank,ICICI Bank,Android,4G,Delhi,SUCCESS,N/A,N/A,459
UPI2025002339,2025-11-17,09:55:04,Paytm,P2M,Medical/Pharmacy,3738.49,HDFC Bank,SBI,Android,5G,Amritsar,SUCCESS,N/A,N/A,589
UPI2025002340,2025-08-19,23:02:40,WhatsApp Pay,P2P,Peer Transfer,345.26,Axis Bank,Canara Bank,Android,5G,Patiala,SUCCESS,N/A,N/A,832
UPI2025002341,2025-10-29,08:22:14,Google Pay,P2M,Food Delivery,24426.63,Kotak Mahindra Bank,HDFC Bank,iOS,5G,Bhopal,SUCCESS,N/A,N/A,2032
UPI2025002342,2025-03-16,16:01:53,Paytm,P2P,Peer Transfer,108.48,Axis Bank,Punjab National Bank,Android,WiFi,Ahmedabad,FAILED,Bank Server Down,Yes,2368
UPI2025002343,2025-10-17,09:26:12,Google Pay,P2P,Peer Transfer,32583.98,Punjab National Bank,Yes Bank,Android,WiFi,Hyderabad,FAILED,Bank Server Down,No,2998
UPI2025002344,2025-10-14,15:27:57,PhonePe,P2P,Peer Transfer,102.29,IDBI Bank,SBI,Android,4G,Ahmedabad,FAILED,Incorrect UPI PIN,No,3900
UPI2025002345,2025-05-30,21:08:35,PhonePe,P2P,Peer Transfer,1956.1,SBI,Canara Bank,Android,WiFi,Lucknow,FAILED,Invalid VPA / Beneficiary Not Found,No,7215
UPI2025002346,2025-12-17,21:51:39,CRED,P2M,Entertainment,86.4,IndusInd Bank,Punjab National Bank,iOS,WiFi,Pune,SUCCESS,N/A,N/A,1670
UPI2025002347,2025-11-10,20:55:27,Google Pay,P2M,Entertainment,331.51,Axis Bank,Bank of Baroda,Android,4G,Chennai,FAILED,Transaction Timeout,Yes,1579
UPI2025002348,2025-01-15,18:51:37,PhonePe,P2P,Peer Transfer,407.47,ICICI Bank,Union Bank of India,Android,WiFi,Ahmedabad,SUCCESS,N/A,N/A,1969
UPI2025002349,2025-08-26,17:42:24,PhonePe,P2P,Peer Transfer,389.67,Kotak Mahindra Bank,Kotak Mahindra Bank,Android,5G,Chennai,FAILED,Invalid VPA / Beneficiary Not Found,Yes,2348
UPI2025002350,2025-11-28,19:01:55,BHIM,P2P,Peer Transfer,2099.52,Kotak Mahindra Bank,IndusInd Bank,iOS,5G,Mumbai,FAILED,Duplicate Transaction Blocked,Yes,5173
UPI2025002351,2025-07-23,10:45:59,WhatsApp Pay,P2P,Peer Transfer,34.57,HDFC Bank,Bank of Baroda,iOS,4G,Kolkata,FAILED,Bank Server Down,Yes,4896
UPI2025002352,2025-07-16,13:01:43,Google Pay,P2P,Peer Transfer,28728.46,Canara Bank,Yes Bank,Android,5G,Amritsar,FAILED,Daily Transaction Limit Exceeded,No,5150
UPI2025002353,2025-05-23,16:40:27,PhonePe,P2M,Fuel,163.34,Bank of Baroda,SBI,Android,WiFi,Kolkata,SUCCESS,N/A,N/A,517
UPI2025002354,2025-06-08,19:36:50,WhatsApp Pay,P2P,Peer Transfer,380.3,Canara Bank,Bank of Baroda,Android,5G,Hyderabad,SUCCESS,N/A,N/A,1608
UPI2025002355,2025-11-05,15:04:30,BHIM,P2P,Peer Transfer,4733.23,Union Bank of India,IndusInd Bank,Android,4G,Ahmedabad,SUCCESS,N/A,N/A,1388
UPI2025002356,2025-11-24,08:03:55,Paytm,P2P,Peer Transfer,304.06,Axis Bank,Union Bank of India,Android,5G,Amritsar,SUCCESS,N/A,N/A,2764
UPI2025002357,2025-12-06,19:32:50,Google Pay,P2P,Peer Transfer,374.43,Kotak Mahindra Bank,Axis Bank,Android,4G,Patiala,SUCCESS,N/A,N/A,2540
UPI2025002358,2025-12-04,05:24:12,PhonePe,P2P,Peer Transfer,114.84,Bank of Baroda,Axis Bank,iOS,4G,Mumbai,SUCCESS,N/A,N/A,2101
UPI2025002359,2025-02-24,13:36:24,PhonePe,P2M,Grocery,64.98,HDFC Bank,IndusInd Bank,Android,5G,Gurugram,SUCCESS,N/A,N/A,1753
UPI2025002360,2025-02-27,20:57:45,PhonePe,P2P,Peer Transfer,2596.85,Bank of Baroda,Union Bank of India,Android,WiFi,Jaipur,SUCCESS,N/A,N/A,2137
UPI2025002361,2025-02-26,05:12:47,PhonePe,P2M,E-commerce,3171.23,Punjab National Bank,Punjab National Bank,Android,4G,Gurugram,SUCCESS,N/A,N/A,1941
UPI2025002362,2025-05-27,18:45:15,Google Pay,P2M,Recharge/Bill Payment,133.53,Union Bank of India,HDFC Bank,Android,4G,Patiala,FAILED,Invalid VPA / Beneficiary Not Found,No,6453
UPI2025002363,2025-01-19,13:14:53,Google Pay,P2P,Peer Transfer,1600.03,Canara Bank,Punjab National Bank,Android,5G,Patiala,FAILED,Bank Server Down,Yes,4233
UPI2025002364,2025-04-06,21:28:34,Google Pay,P2M,Education Fee,27853.79,SBI,Union Bank of India,iOS,5G,Noida,SUCCESS,N/A,N/A,1984
UPI2025002365,2025-07-12,22:54:23,PhonePe,P2M,Fuel,1887.78,Yes Bank,Punjab National Bank,iOS,5G,Chandigarh,SUCCESS,N/A,N/A,1074
UPI2025002366,2025-11-26,09:47:29,Paytm,P2P,Peer Transfer,120.9,SBI,Axis Bank,Android,5G,Ahmedabad,FAILED,NPCI Server Error,Yes,3581
UPI2025002367,2025-12-03,14:29:22,Google Pay,P2P,Peer Transfer,3930.04,IndusInd Bank,Canara Bank,Android,4G,Noida,SUCCESS,N/A,N/A,883
UPI2025002368,2025-09-11,18:03:39,PhonePe,P2M,Peer Transfer,1115.13,SBI,Yes Bank,iOS,5G,Patiala,SUCCESS,N/A,N/A,1066
UPI2025002369,2025-05-19,18:09:15,Paytm,P2P,Peer Transfer,355.7,IDBI Bank,Punjab National Bank,Android,WiFi,Kolkata,SUCCESS,N/A,N/A,803
UPI2025002370,2025-06-14,12:21:11,Amazon Pay,P2M,Travel,114.19,Yes Bank,ICICI Bank,iOS,5G,Ludhiana,SUCCESS,N/A,N/A,3001
UPI2025002371,2025-01-15,10:01:54,CRED,P2P,Peer Transfer,416.77,IDBI Bank,HDFC Bank,Android,WiFi,Lucknow,SUCCESS,N/A,N/A,1054
UPI2025002372,2025-01-31,06:44:48,PhonePe,P2M,Medical/Pharmacy,788.61,IndusInd Bank,IndusInd Bank,iOS,4G,Bengaluru,SUCCESS,N/A,N/A,2417
UPI2025002373,2025-05-04,14:47:28,Paytm,P2P,Peer Transfer,404.15,Punjab National Bank,Kotak Mahindra Bank,Android,4G,Chennai,SUCCESS,N/A,N/A,2300
UPI2025002374,2025-02-06,14:48:41,PhonePe,P2P,Peer Transfer,385.09,Canara Bank,Yes Bank,Android,5G,Patiala,SUCCESS,N/A,N/A,3648
UPI2025002375,2025-09-10,19:53:24,PhonePe,P2M,Rent,21909.17,ICICI Bank,IDBI Bank,Android,4G,Jaipur,SUCCESS,N/A,N/A,2089
UPI2025002376,2025-08-22,16:01:33,Paytm,P2M,Rent,19460.85,HDFC Bank,Punjab National Bank,Android,4G,Amritsar,SUCCESS,N/A,N/A,1904
UPI2025002377,2025-03-14,14:58:18,BHIM,P2M,Utility Bill,87.27,Bank of Baroda,Punjab National Bank,Android,5G,Amritsar,SUCCESS,N/A,N/A,2086
UPI2025002378,2025-01-27,10:22:04,Google Pay,P2P,Peer Transfer,3218.32,HDFC Bank,Union Bank of India,Android,5G,Chennai,SUCCESS,N/A,N/A,1781
UPI2025002379,2025-03-24,15:53:05,Google Pay,P2P,Peer Transfer,327.6,IDBI Bank,IDBI Bank,Android,5G,Ahmedabad,SUCCESS,N/A,N/A,720
UPI2025002380,2025-01-02,09:38:16,Google Pay,P2M,Recharge/Bill Payment,104.02,SBI,IDBI Bank,iOS,4G,Gurugram,SUCCESS,N/A,N/A,2202
UPI2025002381,2025-03-29,19:05:34,Amazon Pay,P2M,Travel,3110.79,Yes Bank,IDBI Bank,Android,WiFi,Noida,SUCCESS,N/A,N/A,1473
UPI2025002382,2025-02-07,09:13:58,PhonePe,P2P,Peer Transfer,48.55,Union Bank of India,Yes Bank,Android,5G,Jalandhar,SUCCESS,N/A,N/A,1605
UPI2025002383,2025-06-12,18:34:52,Google Pay,P2M,Education Fee,954.0,Axis Bank,IndusInd Bank,Android,4G,Bengaluru,SUCCESS,N/A,N/A,2641
UPI2025002384,2025-08-22,11:56:39,BHIM,P2P,Peer Transfer,1105.06,SBI,IndusInd Bank,Android,5G,Mumbai,SUCCESS,N/A,N/A,2132
UPI2025002385,2025-08-04,22:21:23,BHIM,P2P,Peer Transfer,2889.51,HDFC Bank,Kotak Mahindra Bank,Android,4G,Bhopal,FAILED,NPCI Server Error,No,4936
UPI2025002386,2025-05-01,15:36:05,PhonePe,P2M,E-commerce,35518.22,IDBI Bank,SBI,iOS,4G,Hyderabad,SUCCESS,N/A,N/A,2671
UPI2025002387,2025-03-15,10:45:38,CRED,P2M,Food Delivery,199.01,ICICI Bank,Punjab National Bank,Android,WiFi,Chennai,SUCCESS,N/A,N/A,873
UPI2025002388,2025-04-05,22:54:03,BHIM,P2P,Peer Transfer,483.99,IDBI Bank,HDFC Bank,Android,4G,Jalandhar,SUCCESS,N/A,N/A,2004
UPI2025002389,2025-02-03,11:25:05,Google Pay,P2M,Medical/Pharmacy,301.29,HDFC Bank,Bank of Baroda,Android,WiFi,Mumbai,SUCCESS,N/A,N/A,1049
UPI2025002390,2025-01-16,09:51:19,Google Pay,P2P,Peer Transfer,4617.85,Canara Bank,Canara Bank,Android,4G,Delhi,SUCCESS,N/A,N/A,1588
UPI2025002391,2025-12-11,18:23:39,PhonePe,P2P,Peer Transfer,1686.08,Yes Bank,Bank of Baroda,Android,WiFi,Patiala,SUCCESS,N/A,N/A,1853
UPI2025002392,2025-11-07,11:56:19,Google Pay,P2M,Peer Transfer,441.92,Union Bank of India,IDBI Bank,Android,4G,Hyderabad,SUCCESS,N/A,N/A,1911
UPI2025002393,2025-01-22,13:43:05,WhatsApp Pay,P2P,Peer Transfer,46.91,IDBI Bank,HDFC Bank,iOS,WiFi,Jaipur,SUCCESS,N/A,N/A,3619
UPI2025002394,2025-05-28,17:05:01,Google Pay,P2P,Peer Transfer,145.91,IDBI Bank,IDBI Bank,Android,5G,Chandigarh,SUCCESS,N/A,N/A,3448
UPI2025002395,2025-02-17,12:09:26,BHIM,P2M,Utility Bill,2530.24,ICICI Bank,ICICI Bank,Android,4G,Jaipur,FAILED,Network Connectivity Issue,No,2720
UPI2025002396,2025-08-09,18:09:01,PhonePe,P2P,Peer Transfer,455.59,Yes Bank,Punjab National Bank,Android,5G,Ludhiana,FAILED,Transaction Timeout,Yes,2578
UPI2025002397,2025-11-07,16:59:59,WhatsApp Pay,P2P,Peer Transfer,3336.9,Bank of Baroda,Canara Bank,Android,5G,Delhi,SUCCESS,N/A,N/A,836
UPI2025002398,2025-03-03,08:02:41,Paytm,P2P,Peer Transfer,4615.99,Punjab National Bank,Union Bank of India,Android,4G,Jalandhar,SUCCESS,N/A,N/A,1094
UPI2025002399,2025-12-31,07:39:22,Google Pay,P2M,Grocery,250.16,Bank of Baroda,ICICI Bank,Android,3G,Ludhiana,SUCCESS,N/A,N/A,978
UPI2025002400,2025-02-27,20:33:25,Google Pay,P2P,Peer Transfer,4148.0,Kotak Mahindra Bank,SBI,Android,WiFi,Amritsar,SUCCESS,N/A,N/A,2431
UPI2025002401,2025-06-12,18:54:19,Amazon Pay,P2M,Travel,39379.87,Punjab National Bank,Canara Bank,Android,5G,Kolkata,FAILED,Transaction Timeout,Yes,2474
UPI2025002402,2025-02-02,16:46:37,PhonePe,P2M,Fuel,36202.78,Kotak Mahindra Bank,Kotak Mahindra Bank,Android,4G,Jaipur,SUCCESS,N/A,N/A,216
UPI2025002403,2025-11-23,12:51:08,Google Pay,P2P,Peer Transfer,203.36,Union Bank of India,Canara Bank,iOS,4G,Jaipur,SUCCESS,N/A,N/A,917
UPI2025002404,2025-09-28,23:39:39,BHIM,P2P,Peer Transfer,535.3,HDFC Bank,Axis Bank,iOS,4G,Chandigarh,SUCCESS,N/A,N/A,1106
UPI2025002405,2025-02-23,19:01:56,Google Pay,P2M,Education Fee,3214.81,HDFC Bank,IDBI Bank,Android,WiFi,Noida,SUCCESS,N/A,N/A,200
UPI2025002406,2025-04-18,17:28:57,Amazon Pay,P2P,Peer Transfer,419.6,IndusInd Bank,IndusInd Bank,Android,4G,Bengaluru,SUCCESS,N/A,N/A,1165
UPI2025002407,2025-10-11,10:33:37,Paytm,P2P,Peer Transfer,45.19,Bank of Baroda,IDBI Bank,Android,5G,Ahmedabad,SUCCESS,N/A,N/A,2877
UPI2025002408,2025-08-17,17:07:16,PhonePe,P2P,Peer Transfer,154.23,IndusInd Bank,IDBI Bank,Android,4G,Chandigarh,SUCCESS,N/A,N/A,1106
UPI2025002409,2025-08-17,12:05:47,PhonePe,P2P,Peer Transfer,367.12,Axis Bank,Yes Bank,Android,5G,Chandigarh,SUCCESS,N/A,N/A,2540
UPI2025002410,2025-06-02,14:51:35,Google Pay,P2P,Peer Transfer,323.41,Union Bank of India,Union Bank of India,Android,5G,Patiala,SUCCESS,N/A,N/A,1837
UPI2025002411,2025-05-09,12:42:09,PhonePe,P2M,Utility Bill,3803.29,ICICI Bank,Bank of Baroda,Android,4G,Amritsar,SUCCESS,N/A,N/A,2488
UPI2025002412,2025-03-05,18:57:00,Paytm,P2P,Peer Transfer,83.89,HDFC Bank,Union Bank of India,Android,4G,Patiala,SUCCESS,N/A,N/A,3129
UPI2025002413,2025-07-19,12:34:46,Google Pay,P2M,Utility Bill,1665.0,Kotak Mahindra Bank,Canara Bank,Android,4G,Jaipur,SUCCESS,N/A,N/A,2253
UPI2025002414,2025-11-08,15:30:17,Paytm,P2M,Entertainment,233.92,IndusInd Bank,Bank of Baroda,Android,4G,Lucknow,SUCCESS,N/A,N/A,1312
UPI2025002415,2025-02-01,21:20:57,PhonePe,P2M,Recharge/Bill Payment,334.33,IDBI Bank,Bank of Baroda,iOS,5G,Noida,SUCCESS,N/A,N/A,1911
UPI2025002416,2025-10-03,13:17:05,WhatsApp Pay,P2M,Education Fee,358.82,HDFC Bank,IDBI Bank,Android,WiFi,Amritsar,SUCCESS,N/A,N/A,1604
UPI2025002417,2025-05-06,18:53:47,Paytm,P2P,Peer Transfer,36420.48,IndusInd Bank,IndusInd Bank,Android,4G,Patiala,SUCCESS,N/A,N/A,2211
UPI2025002418,2025-05-04,06:22:49,Paytm,P2M,Entertainment,289.16,Punjab National Bank,HDFC Bank,Android,4G,Ludhiana,SUCCESS,N/A,N/A,2190
UPI2025002419,2025-01-20,15:13:22,Paytm,P2M,Travel,317.96,ICICI Bank,SBI,Android,WiFi,Mumbai,SUCCESS,N/A,N/A,2230
UPI2025002420,2025-05-08,15:41:40,Google Pay,P2P,Peer Transfer,462.36,Punjab National Bank,ICICI Bank,Android,5G,Jalandhar,SUCCESS,N/A,N/A,504
UPI2025002421,2025-09-15,16:30:24,PhonePe,P2M,Fuel,249.09,SBI,IndusInd Bank,Android,5G,Mumbai,SUCCESS,N/A,N/A,1994
UPI2025002422,2025-12-06,14:02:17,Google Pay,P2M,Education Fee,96.05,Axis Bank,Axis Bank,Android,WiFi,Kolkata,SUCCESS,N/A,N/A,1482
UPI2025002423,2025-06-20,18:23:50,Amazon Pay,P2M,Entertainment,744.85,Kotak Mahindra Bank,Kotak Mahindra Bank,Android,4G,Hyderabad,SUCCESS,N/A,N/A,2625
UPI2025002424,2025-12-09,01:15:37,Google Pay,P2M,Travel,1964.26,Kotak Mahindra Bank,SBI,Android,4G,Jaipur,SUCCESS,N/A,N/A,1520
UPI2025002425,2025-02-23,14:03:40,PhonePe,P2M,Fuel,215.74,Axis Bank,Kotak Mahindra Bank,Android,4G,Chandigarh,SUCCESS,N/A,N/A,2339
UPI2025002426,2025-11-15,22:26:28,Paytm,P2M,Medical/Pharmacy,2116.24,Yes Bank,ICICI Bank,Android,4G,Mumbai,SUCCESS,N/A,N/A,1958
UPI2025002427,2025-05-19,22:46:56,BHIM,P2P,Peer Transfer,97.48,Yes Bank,Yes Bank,Android,4G,Noida,SUCCESS,N/A,N/A,1697
UPI2025002428,2025-12-06,11:08:05,Amazon Pay,P2P,Peer Transfer,343.23,Kotak Mahindra Bank,ICICI Bank,Android,5G,Jaipur,SUCCESS,N/A,N/A,3239
UPI2025002429,2025-07-18,10:47:25,Google Pay,P2M,Grocery,6631.47,Union Bank of India,IndusInd Bank,iOS,WiFi,Mumbai,SUCCESS,N/A,N/A,200
UPI2025002430,2025-12-14,15:36:06,PhonePe,P2P,Peer Transfer,40620.83,HDFC Bank,Canara Bank,Android,4G,Hyderabad,SUCCESS,N/A,N/A,1193
UPI2025002431,2025-11-05,11:49:10,PhonePe,P2P,Peer Transfer,212.69,Yes Bank,HDFC Bank,Android,5G,Gurugram,SUCCESS,N/A,N/A,1173
UPI2025002432,2025-10-23,10:49:41,PhonePe,P2P,Peer Transfer,283.77,IndusInd Bank,Canara Bank,Android,4G,Kolkata,SUCCESS,N/A,N/A,3477
UPI2025002433,2025-01-15,14:23:20,Google Pay,P2M,Rent,410.37,IndusInd Bank,Punjab National Bank,Android,WiFi,Pune,SUCCESS,N/A,N/A,4052
UPI2025002434,2025-06-17,15:42:31,Google Pay,P2P,Peer Transfer,150.8,Kotak Mahindra Bank,IndusInd Bank,Android,4G,Hyderabad,SUCCESS,N/A,N/A,1364
UPI2025002435,2025-11-30,20:31:25,WhatsApp Pay,P2P,Peer Transfer,40651.28,IDBI Bank,Axis Bank,Android,4G,Chennai,SUCCESS,N/A,N/A,2225
UPI2025002436,2025-01-20,17:07:07,WhatsApp Pay,P2P,Peer Transfer,2979.64,Yes Bank,Punjab National Bank,iOS,WiFi,Hyderabad,SUCCESS,N/A,N/A,200
UPI2025002437,2025-01-28,19:42:16,Paytm,P2P,Peer Transfer,467.3,Canara Bank,ICICI Bank,iOS,5G,Gurugram,SUCCESS,N/A,N/A,1030
UPI2025002438,2025-04-09,07:21:17,Paytm,P2P,Peer Transfer,182.71,IDBI Bank,Yes Bank,Android,5G,Lucknow,SUCCESS,N/A,N/A,1553
UPI2025002439,2025-08-29,17:09:15,BHIM,P2M,Medical/Pharmacy,157.29,Union Bank of India,Bank of Baroda,Android,WiFi,Lucknow,SUCCESS,N/A,N/A,1246
UPI2025002440,2025-08-21,11:31:23,Amazon Pay,P2P,Peer Transfer,428.46,HDFC Bank,Yes Bank,Android,WiFi,Gurugram,SUCCESS,N/A,N/A,1057
UPI2025002441,2025-04-12,16:07:49,Google Pay,P2P,Peer Transfer,1753.21,ICICI Bank,Axis Bank,Android,WiFi,Ahmedabad,SUCCESS,N/A,N/A,1830
UPI2025002442,2025-04-27,02:06:16,PhonePe,P2M,Food Delivery,120.28,IndusInd Bank,Canara Bank,Android,3G,Noida,SUCCESS,N/A,N/A,1030
UPI2025002443,2025-11-10,19:15:18,Google Pay,P2P,Peer Transfer,1435.5,Bank of Baroda,IDBI Bank,Android,4G,Jalandhar,SUCCESS,N/A,N/A,456
UPI2025002444,2025-04-21,12:49:25,Google Pay,P2P,Peer Transfer,173.78,Canara Bank,SBI,iOS,4G,Mumbai,SUCCESS,N/A,N/A,1648
UPI2025002445,2025-08-28,17:42:54,Google Pay,P2M,Travel,265.5,HDFC Bank,Canara Bank,Android,WiFi,Hyderabad,SUCCESS,N/A,N/A,3392
UPI2025002446,2025-07-09,15:44:38,Google Pay,P2P,Peer Transfer,359.23,Union Bank of India,Bank of Baroda,Android,WiFi,Chandigarh,FAILED,Network Connectivity Issue,No,6319
UPI2025002447,2025-10-31,10:35:49,Paytm,P2P,Peer Transfer,2457.55,IndusInd Bank,Kotak Mahindra Bank,Android,4G,Jalandhar,SUCCESS,N/A,N/A,522
UPI2025002448,2025-07-09,23:23:56,Paytm,P2P,Peer Transfer,380.02,Bank of Baroda,IDBI Bank,Android,5G,Chennai,FAILED,Beneficiary Bank Server Down,Yes,4947
UPI2025002449,2025-10-30,06:13:14,BHIM,P2M,Food Delivery,65.83,HDFC Bank,Axis Bank,Android,4G,Chennai,SUCCESS,N/A,N/A,2010
UPI2025002450,2025-05-01,08:40:19,CRED,P2P,Peer Transfer,92.01,Axis Bank,Kotak Mahindra Bank,Android,4G,Noida,SUCCESS,N/A,N/A,3705
UPI2025002451,2025-10-10,15:28:49,BHIM,P2P,Peer Transfer,251.96,HDFC Bank,IDBI Bank,iOS,4G,Ludhiana,SUCCESS,N/A,N/A,1498
UPI2025002452,2025-12-22,13:46:14,BHIM,P2M,Education Fee,29.1,Yes Bank,Kotak Mahindra Bank,Android,4G,Ludhiana,SUCCESS,N/A,N/A,2309
UPI2025002453,2025-11-27,12:42:26,Google Pay,P2M,Fuel,4159.04,IDBI Bank,Canara Bank,Android,WiFi,Chandigarh,SUCCESS,N/A,N/A,2240
UPI2025002454,2025-12-02,18:24:27,WhatsApp Pay,P2M,Utility Bill,498.11,HDFC Bank,HDFC Bank,Android,4G,Amritsar,FAILED,Transaction Timeout,Yes,4610
UPI2025002455,2025-12-03,08:24:05,Amazon Pay,P2M,Education Fee,199.91,IndusInd Bank,Canara Bank,Android,3G,Kolkata,SUCCESS,N/A,N/A,1520
UPI2025002456,2025-12-02,11:48:48,Google Pay,P2M,Travel,218.93,Punjab National Bank,Yes Bank,iOS,5G,Amritsar,SUCCESS,N/A,N/A,2162
UPI2025002457,2025-11-15,11:18:59,Google Pay,P2M,Rent,2837.54,Union Bank of India,HDFC Bank,Android,WiFi,Kolkata,FAILED,Bank Server Down,Yes,7132
UPI2025002458,2025-07-18,22:43:21,Google Pay,P2M,Utility Bill,2023.16,Axis Bank,Union Bank of India,Android,5G,Jalandhar,SUCCESS,N/A,N/A,1621
UPI2025002459,2025-10-08,13:19:49,Google Pay,P2M,Fuel,283.44,Punjab National Bank,Canara Bank,Android,4G,Ludhiana,SUCCESS,N/A,N/A,2659
UPI2025002460,2025-04-12,17:15:12,Google Pay,P2M,Food Delivery,18.99,Punjab National Bank,SBI,Android,4G,Jalandhar,SUCCESS,N/A,N/A,722
UPI2025002461,2025-01-05,09:32:30,Amazon Pay,P2P,Peer Transfer,268.68,Kotak Mahindra Bank,Punjab National Bank,Android,5G,Ludhiana,SUCCESS,N/A,N/A,2845
UPI2025002462,2025-09-14,17:27:06,CRED,P2P,Peer Transfer,1815.48,Axis Bank,Canara Bank,Android,4G,Noida,SUCCESS,N/A,N/A,1633
UPI2025002463,2025-07-07,17:04:40,PhonePe,P2P,Peer Transfer,20409.48,HDFC Bank,Canara Bank,Android,5G,Gurugram,SUCCESS,N/A,N/A,1369
UPI2025002464,2025-01-20,17:06:32,PhonePe,P2P,Peer Transfer,1567.17,IndusInd Bank,Axis Bank,iOS,5G,Jaipur,SUCCESS,N/A,N/A,2264
UPI2025002465,2025-09-12,11:25:16,PhonePe,P2P,Peer Transfer,27647.17,Canara Bank,Punjab National Bank,Android,4G,Kolkata,SUCCESS,N/A,N/A,1297
UPI2025002466,2025-09-23,18:38:43,Google Pay,P2P,Peer Transfer,491.31,Punjab National Bank,IndusInd Bank,Android,5G,Noida,SUCCESS,N/A,N/A,2694
UPI2025002467,2025-03-31,11:21:52,Paytm,P2M,Entertainment,92.52,HDFC Bank,IDBI Bank,Android,4G,Mumbai,SUCCESS,N/A,N/A,2417
UPI2025002468,2025-05-26,15:06:12,PhonePe,P2M,Entertainment,472.99,Union Bank of India,ICICI Bank,iOS,5G,Amritsar,FAILED,Bank Server Down,Yes,3975
UPI2025002469,2025-08-21,10:57:25,Paytm,P2P,Peer Transfer,455.26,Bank of Baroda,ICICI Bank,Android,4G,Patiala,SUCCESS,N/A,N/A,2331
UPI2025002470,2025-12-27,18:35:45,PhonePe,P2P,Peer Transfer,349.53,Bank of Baroda,Punjab National Bank,Android,WiFi,Pune,FAILED,Payer Account Frozen/Inactive,Yes,4187
UPI2025002471,2025-10-21,14:19:12,Paytm,P2P,Peer Transfer,487.42,IndusInd Bank,Yes Bank,Android,4G,Kolkata,SUCCESS,N/A,N/A,1469
UPI2025002472,2025-07-06,11:58:16,PhonePe,P2M,Food Delivery,287.11,Axis Bank,IDBI Bank,Android,4G,Mumbai,SUCCESS,N/A,N/A,1448
UPI2025002473,2025-12-19,19:05:09,Amazon Pay,P2P,Peer Transfer,479.91,Axis Bank,Axis Bank,Android,5G,Noida,SUCCESS,N/A,N/A,2111
UPI2025002474,2025-01-05,21:21:51,Paytm,P2P,Peer Transfer,4400.93,IndusInd Bank,Canara Bank,iOS,4G,Noida,SUCCESS,N/A,N/A,1744
UPI2025002475,2025-03-16,03:26:32,PhonePe,P2P,Peer Transfer,278.98,SBI,IndusInd Bank,Android,WiFi,Jaipur,FAILED,Insufficient Balance,Yes,3326
UPI2025002476,2025-07-30,19:48:40,Paytm,P2P,Peer Transfer,159.42,IndusInd Bank,Bank of Baroda,Android,5G,Bengaluru,SUCCESS,N/A,N/A,1123
UPI2025002477,2025-06-26,18:25:29,PhonePe,P2M,Grocery,30.76,Yes Bank,Kotak Mahindra Bank,Android,4G,Kolkata,SUCCESS,N/A,N/A,2777
UPI2025002478,2025-09-12,19:59:37,Paytm,P2M,E-commerce,3385.04,Canara Bank,Yes Bank,iOS,5G,Noida,SUCCESS,N/A,N/A,2201
UPI2025002479,2025-01-18,10:11:16,PhonePe,P2M,Rent,218.74,Kotak Mahindra Bank,IDBI Bank,Android,WiFi,Noida,SUCCESS,N/A,N/A,1813
UPI2025002480,2025-04-13,23:21:07,Paytm,P2P,Peer Transfer,464.54,Punjab National Bank,Union Bank of India,Android,4G,Ahmedabad,SUCCESS,N/A,N/A,2147
UPI2025002481,2025-06-20,18:13:53,Google Pay,P2P,Peer Transfer,30.71,HDFC Bank,Bank of Baroda,iOS,WiFi,Amritsar,SUCCESS,N/A,N/A,1289
UPI2025002482,2025-06-26,16:54:37,Amazon Pay,P2M,Fuel,13744.69,Bank of Baroda,IndusInd Bank,Android,4G,Bengaluru,FAILED,Insufficient Balance,No,6121
UPI2025002483,2025-08-12,13:19:56,PhonePe,P2M,Travel,187.21,Punjab National Bank,Yes Bank,Android,4G,Chennai,FAILED,Bank Server Down,No,5004
UPI2025002484,2025-04-25,14:17:43,Google Pay,P2P,Peer Transfer,207.83,Axis Bank,IndusInd Bank,Android,WiFi,Jaipur,SUCCESS,N/A,N/A,2339
UPI2025002485,2025-05-16,18:00:53,PhonePe,P2M,Recharge/Bill Payment,3314.29,IDBI Bank,IndusInd Bank,iOS,WiFi,Patiala,FAILED,Beneficiary Bank Server Down,No,2950
UPI2025002486,2025-10-31,15:02:39,Paytm,P2M,Entertainment,247.16,Canara Bank,Canara Bank,Android,5G,Jalandhar,SUCCESS,N/A,N/A,1320
UPI2025002487,2025-12-13,19:09:24,Google Pay,P2P,Peer Transfer,178.04,Canara Bank,IndusInd Bank,Android,WiFi,Chennai,FAILED,Network Connectivity Issue,Yes,3444
UPI2025002488,2025-06-20,18:22:07,Google Pay,P2P,Peer Transfer,45803.41,IndusInd Bank,Kotak Mahindra Bank,Android,4G,Bhopal,SUCCESS,N/A,N/A,785
UPI2025002489,2025-09-11,20:18:12,Google Pay,P2M,E-commerce,90.42,Axis Bank,Yes Bank,Android,4G,Pune,SUCCESS,N/A,N/A,1213
UPI2025002490,2025-05-28,02:25:52,Paytm,P2M,Fuel,3984.17,SBI,Kotak Mahindra Bank,Android,5G,Ludhiana,SUCCESS,N/A,N/A,928
UPI2025002491,2025-05-14,17:12:21,PhonePe,P2M,Peer Transfer,199.74,Kotak Mahindra Bank,Bank of Baroda,Android,4G,Kolkata,SUCCESS,N/A,N/A,1927
UPI2025002492,2025-10-05,19:02:50,PhonePe,P2P,Peer Transfer,54.71,Punjab National Bank,Punjab National Bank,iOS,4G,Bhopal,SUCCESS,N/A,N/A,427
UPI2025002493,2025-05-13,10:07:37,Paytm,P2P,Peer Transfer,172.15,Union Bank of India,SBI,Android,WiFi,Chandigarh,SUCCESS,N/A,N/A,1474
UPI2025002494,2025-01-03,11:28:26,Paytm,P2P,Peer Transfer,42.54,Punjab National Bank,ICICI Bank,Android,5G,Patiala,SUCCESS,N/A,N/A,1910
UPI2025002495,2025-09-05,22:34:25,Google Pay,P2P,Peer Transfer,94.04,ICICI Bank,SBI,Android,4G,Bengaluru,SUCCESS,N/A,N/A,885
UPI2025002496,2025-01-30,20:02:57,Amazon Pay,P2M,Education Fee,34420.98,IndusInd Bank,IDBI Bank,Android,4G,Jalandhar,SUCCESS,N/A,N/A,2284
UPI2025002497,2025-10-29,15:08:34,BHIM,P2M,Recharge/Bill Payment,469.53,IndusInd Bank,Union Bank of India,iOS,5G,Jalandhar,SUCCESS,N/A,N/A,1103
UPI2025002498,2025-09-29,06:51:10,BHIM,P2M,Recharge/Bill Payment,3770.33,IndusInd Bank,Bank of Baroda,Android,4G,Jaipur,SUCCESS,N/A,N/A,1598
UPI2025002499,2025-02-14,13:15:12,Paytm,P2P,Peer Transfer,360.77,Union Bank of India,Union Bank of India,Android,4G,Mumbai,SUCCESS,N/A,N/A,1645
UPI2025002500,2025-03-11,15:19:21,Paytm,P2P,Peer Transfer,458.29,ICICI Bank,SBI,Android,5G,Ludhiana,FAILED,NPCI Server Error,Yes,4206
UPI2025002501,2025-05-23,21:04:25,Google Pay,P2P,Peer Transfer,276.31,Canara Bank,IndusInd Bank,iOS,4G,Hyderabad,SUCCESS,N/A,N/A,693
UPI2025002502,2025-02-21,20:20:41,Paytm,P2P,Peer Transfer,285.2,HDFC Bank,Bank of Baroda,Android,5G,Hyderabad,SUCCESS,N/A,N/A,1429
UPI2025002503,2025-11-17,05:55:46,PhonePe,P2M,Medical/Pharmacy,4287.61,Canara Bank,Union Bank of India,Android,5G,Jalandhar,FAILED,Transaction Timeout,Yes,3559
UPI2025002504,2025-07-11,08:15:44,PhonePe,P2M,Grocery,155.68,Kotak Mahindra Bank,Union Bank of India,Android,WiFi,Hyderabad,SUCCESS,N/A,N/A,3148
UPI2025002505,2025-08-19,08:08:25,PhonePe,P2M,Medical/Pharmacy,1342.15,Punjab National Bank,IDBI Bank,Android,4G,Chennai,FAILED,Bank Server Down,No,3656
UPI2025002506,2025-08-08,13:38:54,CRED,P2P,Peer Transfer,3059.68,Yes Bank,ICICI Bank,Android,4G,Chandigarh,FAILED,Network Connectivity Issue,Yes,6590
UPI2025002507,2025-10-09,18:08:15,Google Pay,P2P,Peer Transfer,498.04,ICICI Bank,IndusInd Bank,Android,4G,Jalandhar,SUCCESS,N/A,N/A,1803
UPI2025002508,2025-08-16,12:10:37,Amazon Pay,P2M,Utility Bill,27705.96,Bank of Baroda,Union Bank of India,iOS,WiFi,Bengaluru,FAILED,Network Connectivity Issue,No,4110
UPI2025002509,2025-09-08,13:18:38,Google Pay,P2P,Peer Transfer,4281.51,SBI,Canara Bank,iOS,4G,Bengaluru,SUCCESS,N/A,N/A,941
UPI2025002510,2025-05-01,20:19:35,BHIM,P2P,Peer Transfer,102.98,Axis Bank,IndusInd Bank,Android,4G,Mumbai,SUCCESS,N/A,N/A,2256
UPI2025002511,2025-07-31,10:04:11,Google Pay,P2M,E-commerce,163.6,IndusInd Bank,Canara Bank,Android,5G,Chennai,SUCCESS,N/A,N/A,2083
UPI2025002512,2025-12-09,18:19:12,Paytm,P2M,Fuel,394.12,Axis Bank,Yes Bank,Android,5G,Noida,FAILED,Duplicate Transaction Blocked,Yes,4404
UPI2025002513,2025-07-05,07:57:25,Paytm,P2M,Utility Bill,211.81,Punjab National Bank,Axis Bank,Android,WiFi,Delhi,SUCCESS,N/A,N/A,1721
UPI2025002514,2025-03-29,10:34:41,Google Pay,P2P,Peer Transfer,35389.56,Punjab National Bank,ICICI Bank,Android,4G,Delhi,SUCCESS,N/A,N/A,1275
UPI2025002515,2025-10-08,05:18:00,PhonePe,P2P,Peer Transfer,48879.59,Kotak Mahindra Bank,IDBI Bank,Android,4G,Ahmedabad,SUCCESS,N/A,N/A,1493
UPI2025002516,2025-06-07,12:49:44,BHIM,P2P,Peer Transfer,3659.16,ICICI Bank,Bank of Baroda,Android,4G,Patiala,SUCCESS,N/A,N/A,1596
UPI2025002517,2025-03-31,05:48:05,Paytm,P2M,Food Delivery,174.68,Punjab National Bank,Yes Bank,Android,4G,Pune,FAILED,Invalid VPA / Beneficiary Not Found,No,3640
UPI2025002518,2025-03-13,19:25:19,Amazon Pay,P2M,Medical/Pharmacy,175.93,Punjab National Bank,Canara Bank,Android,WiFi,Ludhiana,SUCCESS,N/A,N/A,3309
UPI2025002519,2025-09-04,06:17:08,Amazon Pay,P2M,Peer Transfer,56.47,Axis Bank,Axis Bank,Android,5G,Chennai,SUCCESS,N/A,N/A,1062
UPI2025002520,2025-03-05,08:34:40,Google Pay,P2M,Utility Bill,31153.34,Yes Bank,Bank of Baroda,Android,5G,Noida,SUCCESS,N/A,N/A,2842
UPI2025002521,2025-02-02,23:15:55,PhonePe,P2P,Peer Transfer,3823.94,ICICI Bank,ICICI Bank,iOS,5G,Chennai,SUCCESS,N/A,N/A,1352
UPI2025002522,2025-04-02,12:00:02,Paytm,P2M,Peer Transfer,94.5,ICICI Bank,IndusInd Bank,Android,3G,Delhi,SUCCESS,N/A,N/A,942
UPI2025002523,2025-11-24,13:04:55,BHIM,P2P,Peer Transfer,3609.14,Punjab National Bank,Punjab National Bank,Android,4G,Kolkata,SUCCESS,N/A,N/A,596
UPI2025002524,2025-09-13,21:45:58,Google Pay,P2P,Peer Transfer,283.18,Yes Bank,Axis Bank,Android,5G,Delhi,SUCCESS,N/A,N/A,2350
UPI2025002525,2025-06-21,21:51:55,Google Pay,P2M,Fuel,152.84,IndusInd Bank,Axis Bank,iOS,5G,Jaipur,SUCCESS,N/A,N/A,820
UPI2025002526,2025-04-18,11:13:47,Paytm,P2M,Rent,485.9,IndusInd Bank,ICICI Bank,Android,5G,Bhopal,SUCCESS,N/A,N/A,1184
UPI2025002527,2025-05-10,13:15:52,Paytm,P2M,E-commerce,1460.52,Union Bank of India,HDFC Bank,Android,5G,Hyderabad,SUCCESS,N/A,N/A,3187
UPI2025002528,2025-09-02,20:43:13,Google Pay,P2P,Peer Transfer,275.1,Axis Bank,Kotak Mahindra Bank,iOS,4G,Noida,SUCCESS,N/A,N/A,3000
UPI2025002529,2025-01-09,16:34:23,Google Pay,P2P,Peer Transfer,2568.14,Canara Bank,ICICI Bank,Android,4G,Mumbai,SUCCESS,N/A,N/A,934
UPI2025002530,2025-02-18,10:08:20,Google Pay,P2M,Medical/Pharmacy,106.85,SBI,Canara Bank,iOS,4G,Noida,FAILED,Transaction Timeout,No,4500
UPI2025002531,2025-09-04,23:03:17,Google Pay,P2M,Medical/Pharmacy,343.95,Yes Bank,Yes Bank,Android,4G,Amritsar,SUCCESS,N/A,N/A,1429
UPI2025002532,2025-05-25,19:08:20,Google Pay,P2M,Food Delivery,19678.33,SBI,Canara Bank,Android,WiFi,Lucknow,SUCCESS,N/A,N/A,1931
UPI2025002533,2025-05-16,18:14:46,Paytm,P2M,Food Delivery,1900.6,IndusInd Bank,Punjab National Bank,Android,WiFi,Bengaluru,SUCCESS,N/A,N/A,3186
UPI2025002534,2025-07-13,19:20:22,PhonePe,P2P,Peer Transfer,429.62,HDFC Bank,Kotak Mahindra Bank,Android,WiFi,Chandigarh,SUCCESS,N/A,N/A,1326
UPI2025002535,2025-06-09,10:53:50,PhonePe,P2P,Peer Transfer,699.56,IDBI Bank,Kotak Mahindra Bank,iOS,5G,Bhopal,SUCCESS,N/A,N/A,200
UPI2025002536,2025-12-13,21:27:15,Google Pay,P2P,Peer Transfer,274.57,SBI,SBI,iOS,4G,Ahmedabad,FAILED,Incorrect UPI PIN,No,8237
UPI2025002537,2025-05-30,14:22:42,Paytm,P2P,Peer Transfer,1673.76,IndusInd Bank,Canara Bank,Android,4G,Jalandhar,SUCCESS,N/A,N/A,1451
UPI2025002538,2025-06-14,02:59:32,Google Pay,P2P,Peer Transfer,136.13,IndusInd Bank,SBI,Android,4G,Patiala,SUCCESS,N/A,N/A,2441
UPI2025002539,2025-11-26,05:13:38,Google Pay,P2P,Peer Transfer,3295.1,Union Bank of India,Union Bank of India,Android,5G,Delhi,SUCCESS,N/A,N/A,1707
UPI2025002540,2025-12-14,12:07:24,WhatsApp Pay,P2P,Peer Transfer,1612.15,Union Bank of India,Union Bank of India,iOS,5G,Bhopal,SUCCESS,N/A,N/A,3027
UPI2025002541,2025-02-04,15:43:22,WhatsApp Pay,P2M,Utility Bill,45470.27,IndusInd Bank,SBI,Android,5G,Kolkata,SUCCESS,N/A,N/A,2960
UPI2025002542,2025-10-22,15:48:10,PhonePe,P2P,Peer Transfer,51.07,ICICI Bank,Union Bank of India,Android,4G,Noida,FAILED,Insufficient Balance,No,5812
UPI2025002543,2025-08-04,07:42:55,Google Pay,P2P,Peer Transfer,228.52,ICICI Bank,Yes Bank,Android,4G,Ludhiana,SUCCESS,N/A,N/A,798
UPI2025002544,2025-03-28,18:45:49,Google Pay,P2P,Peer Transfer,1986.61,Union Bank of India,Axis Bank,Android,4G,Gurugram,SUCCESS,N/A,N/A,2189
UPI2025002545,2025-08-15,16:36:23,Google Pay,P2M,Peer Transfer,36.93,Punjab National Bank,Bank of Baroda,Android,4G,Mumbai,SUCCESS,N/A,N/A,1361
UPI2025002546,2025-07-06,10:02:27,PhonePe,P2P,Peer Transfer,2051.93,Union Bank of India,IDBI Bank,Android,WiFi,Kolkata,SUCCESS,N/A,N/A,200
UPI2025002547,2025-12-13,07:27:19,PhonePe,P2M,Medical/Pharmacy,100.22,SBI,Bank of Baroda,iOS,4G,Ahmedabad,SUCCESS,N/A,N/A,1726
UPI2025002548,2025-10-19,07:03:58,Paytm,P2M,Recharge/Bill Payment,4818.77,Canara Bank,Axis Bank,Android,4G,Lucknow,SUCCESS,N/A,N/A,2551
UPI2025002549,2025-05-15,13:48:50,Google Pay,P2P,Peer Transfer,1490.58,Canara Bank,IDBI Bank,Android,4G,Jalandhar,FAILED,Beneficiary Bank Server Down,No,5076
UPI2025002550,2025-02-12,16:10:53,PhonePe,P2P,Peer Transfer,179.78,Bank of Baroda,Punjab National Bank,Android,4G,Bengaluru,FAILED,Daily Transaction Limit Exceeded,Yes,5217
UPI2025002551,2025-05-26,21:18:21,PhonePe,P2M,Fuel,62.87,Yes Bank,SBI,Android,4G,Delhi,SUCCESS,N/A,N/A,2215
UPI2025002552,2025-08-16,20:53:13,PhonePe,P2M,E-commerce,174.17,Canara Bank,Kotak Mahindra Bank,Android,5G,Ahmedabad,SUCCESS,N/A,N/A,1701
UPI2025002553,2025-06-02,09:12:51,Paytm,P2P,Peer Transfer,3864.86,Punjab National Bank,Axis Bank,Android,4G,Ludhiana,SUCCESS,N/A,N/A,2136
UPI2025002554,2025-04-24,10:10:39,Google Pay,P2P,Peer Transfer,199.92,Axis Bank,SBI,iOS,4G,Chennai,SUCCESS,N/A,N/A,1563
UPI2025002555,2025-08-08,22:26:20,CRED,P2P,Peer Transfer,394.41,Kotak Mahindra Bank,Kotak Mahindra Bank,Android,5G,Lucknow,FAILED,Transaction Timeout,Yes,6896
UPI2025002556,2025-02-26,11:28:49,PhonePe,P2P,Peer Transfer,19.42,Kotak Mahindra Bank,SBI,Android,4G,Pune,SUCCESS,N/A,N/A,1543
UPI2025002557,2025-04-22,04:24:47,PhonePe,P2P,Peer Transfer,1321.39,HDFC Bank,ICICI Bank,Android,5G,Delhi,SUCCESS,N/A,N/A,2637
UPI2025002558,2025-02-09,21:54:40,Google Pay,P2P,Peer Transfer,269.65,Union Bank of India,SBI,Android,4G,Bhopal,SUCCESS,N/A,N/A,3429
UPI2025002559,2025-11-27,09:37:08,PhonePe,P2M,Entertainment,86.17,Union Bank of India,Punjab National Bank,Android,4G,Bhopal,SUCCESS,N/A,N/A,1385
UPI2025002560,2025-03-17,13:20:08,PhonePe,P2M,Fuel,3586.68,IndusInd Bank,Bank of Baroda,Android,4G,Chandigarh,FAILED,Duplicate Transaction Blocked,No,4444
UPI2025002561,2025-02-27,10:34:53,PhonePe,P2P,Peer Transfer,350.39,IDBI Bank,HDFC Bank,Android,5G,Ahmedabad,SUCCESS,N/A,N/A,3567
UPI2025002562,2025-03-29,21:53:53,Amazon Pay,P2M,Travel,126.28,Union Bank of India,SBI,Android,5G,Bengaluru,SUCCESS,N/A,N/A,2101
UPI2025002563,2025-11-03,07:48:15,Paytm,P2P,Peer Transfer,140.11,Kotak Mahindra Bank,SBI,Android,5G,Mumbai,SUCCESS,N/A,N/A,3090
UPI2025002564,2025-08-09,19:07:53,Google Pay,P2P,Peer Transfer,120.73,IndusInd Bank,IndusInd Bank,Android,WiFi,Chandigarh,SUCCESS,N/A,N/A,1002
UPI2025002565,2025-10-10,14:35:35,Paytm,P2P,Peer Transfer,4684.93,Axis Bank,Punjab National Bank,Android,4G,Hyderabad,FAILED,Invalid VPA / Beneficiary Not Found,Yes,6399
UPI2025002566,2025-02-13,21:54:35,Paytm,P2M,Medical/Pharmacy,4755.82,Punjab National Bank,SBI,iOS,5G,Pune,FAILED,Transaction Timeout,Yes,1069
UPI2025002567,2025-08-17,17:19:19,PhonePe,P2P,Peer Transfer,26014.62,Union Bank of India,Bank of Baroda,Android,4G,Delhi,SUCCESS,N/A,N/A,1014
UPI2025002568,2025-12-17,12:06:18,Paytm,P2P,Peer Transfer,1595.16,Union Bank of India,Canara Bank,Android,4G,Hyderabad,SUCCESS,N/A,N/A,971
UPI2025002569,2025-05-18,18:24:17,Google Pay,P2P,Peer Transfer,283.56,ICICI Bank,ICICI Bank,Android,5G,Hyderabad,SUCCESS,N/A,N/A,1050
UPI2025002570,2025-06-26,18:01:14,Google Pay,P2P,Peer Transfer,458.47,Canara Bank,Punjab National Bank,Android,5G,Gurugram,SUCCESS,N/A,N/A,1885
UPI2025002571,2025-08-23,21:15:38,Google Pay,P2M,Peer Transfer,1632.92,Axis Bank,Kotak Mahindra Bank,Android,4G,Jaipur,SUCCESS,N/A,N/A,1340
UPI2025002572,2025-01-28,00:24:01,Google Pay,P2P,Peer Transfer,4432.19,Kotak Mahindra Bank,Canara Bank,iOS,5G,Bhopal,FAILED,Beneficiary Bank Server Down,No,6243
UPI2025002573,2025-04-04,06:53:02,Google Pay,P2P,Peer Transfer,117.4,Union Bank of India,IndusInd Bank,Android,4G,Bengaluru,FAILED,Incorrect UPI PIN,Yes,5542
UPI2025002574,2025-12-28,11:03:17,PhonePe,P2P,Peer Transfer,407.53,Union Bank of India,Kotak Mahindra Bank,Android,5G,Gurugram,SUCCESS,N/A,N/A,200
UPI2025002575,2025-07-17,10:04:29,Google Pay,P2P,Peer Transfer,102.57,Yes Bank,Axis Bank,Android,3G,Chennai,SUCCESS,N/A,N/A,1635
UPI2025002576,2025-01-02,18:28:31,WhatsApp Pay,P2P,Peer Transfer,304.53,Axis Bank,Yes Bank,Android,4G,Jalandhar,SUCCESS,N/A,N/A,1300
UPI2025002577,2025-11-13,23:02:28,PhonePe,P2P,Peer Transfer,2551.47,HDFC Bank,HDFC Bank,Android,WiFi,Delhi,SUCCESS,N/A,N/A,1841
UPI2025002578,2025-04-18,16:10:59,Google Pay,P2P,Peer Transfer,273.54,Punjab National Bank,Punjab National Bank,iOS,4G,Patiala,SUCCESS,N/A,N/A,2474
UPI2025002579,2025-03-30,10:42:42,PhonePe,P2M,Rent,484.64,Yes Bank,IndusInd Bank,iOS,4G,Amritsar,SUCCESS,N/A,N/A,2375
UPI2025002580,2025-02-12,14:43:01,BHIM,P2P,Peer Transfer,154.73,IDBI Bank,Axis Bank,iOS,WiFi,Delhi,SUCCESS,N/A,N/A,1162
UPI2025002581,2025-09-27,19:37:11,PhonePe,P2P,Peer Transfer,14.68,Kotak Mahindra Bank,Bank of Baroda,Android,4G,Noida,SUCCESS,N/A,N/A,200
UPI2025002582,2025-06-27,10:29:13,WhatsApp Pay,P2M,Recharge/Bill Payment,7348.32,Punjab National Bank,Kotak Mahindra Bank,Android,5G,Chandigarh,SUCCESS,N/A,N/A,802
UPI2025002583,2025-03-18,18:51:35,BHIM,P2M,Utility Bill,101.48,Union Bank of India,Kotak Mahindra Bank,Android,5G,Noida,SUCCESS,N/A,N/A,3157
UPI2025002584,2025-05-31,15:42:05,Google Pay,P2P,Peer Transfer,2403.57,HDFC Bank,Axis Bank,Android,4G,Noida,SUCCESS,N/A,N/A,899
UPI2025002585,2025-06-01,13:02:27,Google Pay,P2M,Entertainment,1101.01,Bank of Baroda,Union Bank of India,iOS,WiFi,Chennai,SUCCESS,N/A,N/A,1636
UPI2025002586,2025-02-15,20:07:24,Google Pay,P2M,Peer Transfer,18.71,SBI,Kotak Mahindra Bank,Android,4G,Lucknow,SUCCESS,N/A,N/A,952
UPI2025002587,2025-06-02,11:13:52,PhonePe,P2P,Peer Transfer,424.1,IDBI Bank,IndusInd Bank,Android,4G,Kolkata,SUCCESS,N/A,N/A,1277
UPI2025002588,2025-01-02,19:14:38,Paytm,P2P,Peer Transfer,447.47,Punjab National Bank,Yes Bank,Android,3G,Bhopal,SUCCESS,N/A,N/A,1796
UPI2025002589,2025-06-04,21:37:09,PhonePe,P2M,Utility Bill,3474.62,ICICI Bank,IndusInd Bank,Android,4G,Amritsar,SUCCESS,N/A,N/A,1512
UPI2025002590,2025-01-21,00:42:05,Paytm,P2M,Grocery,310.3,HDFC Bank,Yes Bank,Android,4G,Mumbai,SUCCESS,N/A,N/A,3240
UPI2025002591,2025-11-25,16:12:35,Google Pay,P2M,Education Fee,3008.64,Punjab National Bank,IDBI Bank,Android,WiFi,Pune,FAILED,Daily Transaction Limit Exceeded,No,6257
UPI2025002592,2025-02-24,17:12:33,BHIM,P2M,Peer Transfer,264.67,Yes Bank,Kotak Mahindra Bank,Android,5G,Bhopal,SUCCESS,N/A,N/A,3013
UPI2025002593,2025-07-05,08:43:59,Google Pay,P2M,Education Fee,31579.49,SBI,Punjab National Bank,Android,5G,Chennai,SUCCESS,N/A,N/A,678
UPI2025002594,2025-04-06,16:26:54,Amazon Pay,P2M,Food Delivery,108.88,Bank of Baroda,Bank of Baroda,Android,4G,Mumbai,SUCCESS,N/A,N/A,332
UPI2025002595,2025-07-25,15:56:08,Google Pay,P2P,Peer Transfer,3594.98,Axis Bank,HDFC Bank,iOS,WiFi,Bengaluru,SUCCESS,N/A,N/A,232
UPI2025002596,2025-01-25,16:40:45,Google Pay,P2P,Peer Transfer,449.05,SBI,ICICI Bank,Android,4G,Patiala,SUCCESS,N/A,N/A,1390
UPI2025002597,2025-06-14,14:20:58,Paytm,P2P,Peer Transfer,54.09,IndusInd Bank,HDFC Bank,Android,4G,Pune,FAILED,Network Connectivity Issue,No,6206
UPI2025002598,2025-10-04,15:14:42,Google Pay,P2M,Education Fee,1918.57,Bank of Baroda,ICICI Bank,Android,WiFi,Jaipur,SUCCESS,N/A,N/A,1549
UPI2025002599,2025-12-20,07:24:56,PhonePe,P2P,Peer Transfer,423.4,Canara Bank,IndusInd Bank,iOS,5G,Amritsar,SUCCESS,N/A,N/A,2061
UPI2025002600,2025-05-02,09:39:26,Paytm,P2M,Fuel,152.57,Punjab National Bank,Punjab National Bank,Android,4G,Patiala,SUCCESS,N/A,N/A,1839
UPI2025002601,2025-10-11,15:32:07,Amazon Pay,P2P,Peer Transfer,383.88,HDFC Bank,HDFC Bank,iOS,4G,Patiala,SUCCESS,N/A,N/A,1709
UPI2025002602,2025-08-23,17:01:20,PhonePe,P2M,Medical/Pharmacy,1081.11,Canara Bank,HDFC Bank,Android,5G,Delhi,SUCCESS,N/A,N/A,1993
UPI2025002603,2025-12-20,12:56:10,Paytm,P2M,Grocery,373.41,Union Bank of India,Canara Bank,Android,4G,Bengaluru,SUCCESS,N/A,N/A,383
UPI2025002604,2025-01-07,17:17:24,WhatsApp Pay,P2P,Peer Transfer,488.8,Canara Bank,ICICI Bank,Android,5G,Jaipur,SUCCESS,N/A,N/A,2134
UPI2025002605,2025-01-09,09:12:20,PhonePe,P2M,Recharge/Bill Payment,394.81,HDFC Bank,Union Bank of India,Android,4G,Noida,SUCCESS,N/A,N/A,3092
UPI2025002606,2025-03-30,18:58:50,PhonePe,P2M,Peer Transfer,881.01,IndusInd Bank,Bank of Baroda,Android,4G,Chandigarh,SUCCESS,N/A,N/A,2056
UPI2025002607,2025-06-25,10:05:04,Google Pay,P2M,Entertainment,47625.22,Yes Bank,Axis Bank,Android,5G,Patiala,FAILED,Bank Server Down,No,3401
UPI2025002608,2025-06-29,19:06:06,Google Pay,P2M,Recharge/Bill Payment,1931.6,Union Bank of India,Punjab National Bank,Android,4G,Ludhiana,SUCCESS,N/A,N/A,1264
UPI2025002609,2025-05-21,12:15:02,Paytm,P2P,Peer Transfer,1336.83,Union Bank of India,IDBI Bank,iOS,5G,Bhopal,FAILED,Beneficiary Bank Server Down,No,3737
UPI2025002610,2025-11-22,19:51:07,Google Pay,P2M,Education Fee,331.84,Canara Bank,Yes Bank,Android,4G,Chennai,SUCCESS,N/A,N/A,1613
UPI2025002611,2025-06-15,22:48:58,Google Pay,P2P,Peer Transfer,496.48,Bank of Baroda,ICICI Bank,Android,4G,Chennai,SUCCESS,N/A,N/A,1615
UPI2025002612,2025-08-02,11:34:30,Google Pay,P2P,Peer Transfer,131.96,Yes Bank,HDFC Bank,Android,5G,Patiala,SUCCESS,N/A,N/A,1452
UPI2025002613,2025-03-23,16:20:04,Google Pay,P2P,Peer Transfer,170.77,IDBI Bank,IDBI Bank,Android,5G,Ludhiana,FAILED,Bank Server Down,Yes,4475
UPI2025002614,2025-07-19,07:19:44,PhonePe,P2P,Peer Transfer,37.36,Punjab National Bank,IDBI Bank,Android,4G,Delhi,FAILED,Bank Server Down,No,3843
UPI2025002615,2025-02-22,08:20:02,Google Pay,P2P,Peer Transfer,52.43,Yes Bank,Union Bank of India,Android,4G,Hyderabad,SUCCESS,N/A,N/A,2968
UPI2025002616,2025-12-07,19:17:12,CRED,P2M,Travel,44569.55,Bank of Baroda,Axis Bank,Android,4G,Bhopal,FAILED,Transaction Timeout,No,5063
UPI2025002617,2025-10-03,12:07:27,BHIM,P2P,Peer Transfer,3059.46,Kotak Mahindra Bank,IndusInd Bank,Android,5G,Ahmedabad,FAILED,Incorrect UPI PIN,Yes,1822
UPI2025002618,2025-05-26,11:16:04,WhatsApp Pay,P2P,Peer Transfer,138.53,Kotak Mahindra Bank,HDFC Bank,Android,5G,Ludhiana,SUCCESS,N/A,N/A,1002
UPI2025002619,2025-04-22,11:47:21,PhonePe,P2M,Food Delivery,373.39,HDFC Bank,Bank of Baroda,Android,4G,Patiala,SUCCESS,N/A,N/A,2984
UPI2025002620,2025-03-08,14:37:08,Google Pay,P2P,Peer Transfer,439.48,HDFC Bank,Bank of Baroda,Android,5G,Patiala,SUCCESS,N/A,N/A,2382
UPI2025002621,2025-10-01,13:46:46,Paytm,P2M,Rent,455.24,HDFC Bank,Bank of Baroda,Android,4G,Pune,SUCCESS,N/A,N/A,1773
UPI2025002622,2025-02-21,17:35:59,Google Pay,P2P,Peer Transfer,401.11,Union Bank of India,Union Bank of India,Android,4G,Ahmedabad,SUCCESS,N/A,N/A,2272
UPI2025002623,2025-12-24,10:03:44,BHIM,P2M,Recharge/Bill Payment,152.91,Punjab National Bank,Canara Bank,iOS,5G,Jalandhar,SUCCESS,N/A,N/A,966
UPI2025002624,2025-01-19,18:05:07,Amazon Pay,P2P,Peer Transfer,298.63,ICICI Bank,Bank of Baroda,Android,WiFi,Chennai,SUCCESS,N/A,N/A,1319
UPI2025002625,2025-07-30,15:11:25,Google Pay,P2P,Peer Transfer,329.82,HDFC Bank,Canara Bank,Android,WiFi,Ludhiana,SUCCESS,N/A,N/A,1732
UPI2025002626,2025-05-20,19:34:57,Paytm,P2M,Entertainment,303.51,SBI,IDBI Bank,Android,5G,Mumbai,SUCCESS,N/A,N/A,2109
UPI2025002627,2025-11-26,19:52:57,Google Pay,P2P,Peer Transfer,27.02,IndusInd Bank,Axis Bank,Android,WiFi,Ahmedabad,SUCCESS,N/A,N/A,3262
UPI2025002628,2025-05-22,16:11:02,PhonePe,P2P,Peer Transfer,4241.91,Bank of Baroda,IndusInd Bank,Android,5G,Mumbai,FAILED,Insufficient Balance,Yes,1776
UPI2025002629,2025-08-19,19:14:01,Paytm,P2P,Peer Transfer,72.79,Bank of Baroda,Canara Bank,Android,WiFi,Kolkata,SUCCESS,N/A,N/A,858
UPI2025002630,2025-09-23,07:24:00,PhonePe,P2M,Grocery,352.5,Bank of Baroda,Union Bank of India,Android,4G,Lucknow,SUCCESS,N/A,N/A,1611
UPI2025002631,2025-03-07,09:49:13,Google Pay,P2M,Travel,78.49,IDBI Bank,Union Bank of India,Android,WiFi,Jalandhar,SUCCESS,N/A,N/A,2418
UPI2025002632,2025-06-18,17:04:08,Paytm,P2M,Peer Transfer,45.41,Yes Bank,IndusInd Bank,Android,4G,Noida,SUCCESS,N/A,N/A,1441
UPI2025002633,2025-12-17,07:07:47,Google Pay,P2M,Entertainment,1837.03,IndusInd Bank,IndusInd Bank,Android,WiFi,Chandigarh,SUCCESS,N/A,N/A,2625
UPI2025002634,2025-09-03,20:21:44,PhonePe,P2P,Peer Transfer,401.39,SBI,Axis Bank,Android,5G,Gurugram,SUCCESS,N/A,N/A,2889
UPI2025002635,2025-12-09,19:32:23,Paytm,P2P,Peer Transfer,1891.65,Union Bank of India,IndusInd Bank,Android,4G,Hyderabad,SUCCESS,N/A,N/A,1196
UPI2025002636,2025-08-12,13:44:15,Google Pay,P2M,Entertainment,35250.14,IndusInd Bank,SBI,Android,5G,Ahmedabad,SUCCESS,N/A,N/A,1663
UPI2025002637,2025-05-02,13:57:41,Paytm,P2P,Peer Transfer,247.95,Punjab National Bank,Punjab National Bank,iOS,5G,Amritsar,SUCCESS,N/A,N/A,2060
UPI2025002638,2025-02-22,12:49:59,PhonePe,P2P,Peer Transfer,560.5,Yes Bank,Axis Bank,Android,4G,Bengaluru,SUCCESS,N/A,N/A,1646
UPI2025002639,2025-01-13,21:46:16,Google Pay,P2M,E-commerce,18147.96,IndusInd Bank,Yes Bank,iOS,5G,Delhi,SUCCESS,N/A,N/A,3447
UPI2025002640,2025-08-24,17:36:27,PhonePe,P2P,Peer Transfer,302.4,Bank of Baroda,Canara Bank,Android,5G,Kolkata,SUCCESS,N/A,N/A,2243
UPI2025002641,2025-11-06,15:24:30,PhonePe,P2M,Entertainment,4161.33,Axis Bank,Punjab National Bank,iOS,5G,Delhi,SUCCESS,N/A,N/A,200
UPI2025002642,2025-09-11,17:51:43,BHIM,P2P,Peer Transfer,461.7,Canara Bank,Kotak Mahindra Bank,iOS,5G,Jalandhar,SUCCESS,N/A,N/A,2069
UPI2025002643,2025-01-10,16:00:31,PhonePe,P2M,Recharge/Bill Payment,1126.38,Axis Bank,Kotak Mahindra Bank,Android,5G,Gurugram,SUCCESS,N/A,N/A,3298
UPI2025002644,2025-01-06,10:12:26,PhonePe,P2P,Peer Transfer,404.29,IndusInd Bank,Bank of Baroda,Android,5G,Delhi,SUCCESS,N/A,N/A,1639
UPI2025002645,2025-03-29,06:08:59,BHIM,P2P,Peer Transfer,94.83,Kotak Mahindra Bank,Bank of Baroda,Android,4G,Kolkata,SUCCESS,N/A,N/A,618
UPI2025002646,2025-04-21,16:09:16,PhonePe,P2P,Peer Transfer,29.08,SBI,Axis Bank,Android,4G,Noida,FAILED,Bank Server Down,No,4982
UPI2025002647,2025-12-11,03:15:45,PhonePe,P2M,Grocery,8158.85,Bank of Baroda,Bank of Baroda,iOS,4G,Delhi,SUCCESS,N/A,N/A,739
UPI2025002648,2025-07-02,10:12:26,CRED,P2M,Entertainment,3935.22,Punjab National Bank,Bank of Baroda,Android,4G,Amritsar,FAILED,Transaction Timeout,No,5365
UPI2025002649,2025-08-20,07:40:09,PhonePe,P2M,Medical/Pharmacy,83.86,IDBI Bank,SBI,Android,5G,Bengaluru,SUCCESS,N/A,N/A,1986
UPI2025002650,2025-03-07,20:58:34,Paytm,P2M,Medical/Pharmacy,2423.37,Yes Bank,IDBI Bank,Android,4G,Bhopal,SUCCESS,N/A,N/A,1683
UPI2025002651,2025-04-07,17:59:16,PhonePe,P2M,Grocery,3890.25,Bank of Baroda,Bank of Baroda,Android,4G,Kolkata,SUCCESS,N/A,N/A,1643
UPI2025002652,2025-07-14,14:49:34,PhonePe,P2M,E-commerce,326.83,Yes Bank,Punjab National Bank,Android,4G,Patiala,SUCCESS,N/A,N/A,1127
UPI2025002653,2025-03-16,15:38:03,Google Pay,P2P,Peer Transfer,657.42,Kotak Mahindra Bank,SBI,Android,5G,Pune,SUCCESS,N/A,N/A,1911
UPI2025002654,2025-05-27,18:52:53,Google Pay,P2P,Peer Transfer,2953.56,Kotak Mahindra Bank,IndusInd Bank,iOS,4G,Delhi,SUCCESS,N/A,N/A,3238
UPI2025002655,2025-05-26,21:43:01,PhonePe,P2P,Peer Transfer,396.96,Canara Bank,IndusInd Bank,Android,WiFi,Ludhiana,SUCCESS,N/A,N/A,1009
UPI2025002656,2025-01-27,22:43:06,Google Pay,P2M,E-commerce,480.37,SBI,Axis Bank,Android,5G,Chennai,SUCCESS,N/A,N/A,913
UPI2025002657,2025-07-04,20:58:07,PhonePe,P2M,E-commerce,68.46,IDBI Bank,HDFC Bank,Android,WiFi,Pune,SUCCESS,N/A,N/A,1344
UPI2025002658,2025-09-04,19:04:47,PhonePe,P2M,Peer Transfer,432.39,IndusInd Bank,Kotak Mahindra Bank,Android,4G,Kolkata,SUCCESS,N/A,N/A,780
UPI2025002659,2025-07-06,06:11:58,PhonePe,P2P,Peer Transfer,205.43,SBI,Union Bank of India,Android,4G,Chennai,SUCCESS,N/A,N/A,1632
UPI2025002660,2025-04-19,09:49:03,Google Pay,P2P,Peer Transfer,397.3,IndusInd Bank,Union Bank of India,Android,5G,Chennai,SUCCESS,N/A,N/A,3754
UPI2025002661,2025-12-12,15:09:03,PhonePe,P2M,Education Fee,42398.8,ICICI Bank,ICICI Bank,iOS,5G,Ludhiana,SUCCESS,N/A,N/A,2543
UPI2025002662,2025-03-07,13:36:35,Google Pay,P2P,Peer Transfer,140.08,Punjab National Bank,Punjab National Bank,Android,5G,Kolkata,FAILED,NPCI Server Error,Yes,3010
UPI2025002663,2025-01-06,19:26:52,Paytm,P2P,Peer Transfer,483.04,SBI,Yes Bank,iOS,4G,Chandigarh,SUCCESS,N/A,N/A,736
UPI2025002664,2025-04-10,20:21:11,PhonePe,P2M,Rent,296.9,Axis Bank,Canara Bank,Android,5G,Bhopal,SUCCESS,N/A,N/A,1239
UPI2025002665,2025-06-21,00:44:44,PhonePe,P2P,Peer Transfer,948.48,Kotak Mahindra Bank,Bank of Baroda,Android,WiFi,Patiala,FAILED,Technical Decline by Issuer,Yes,3904
UPI2025002666,2025-08-24,13:58:09,PhonePe,P2P,Peer Transfer,291.44,ICICI Bank,Kotak Mahindra Bank,Android,4G,Chandigarh,SUCCESS,N/A,N/A,2207
UPI2025002667,2025-09-24,18:45:41,Paytm,P2P,Peer Transfer,266.75,Punjab National Bank,HDFC Bank,Android,4G,Noida,FAILED,Beneficiary Bank Server Down,Yes,3189
UPI2025002668,2025-05-10,12:45:25,PhonePe,P2P,Peer Transfer,102.95,SBI,Axis Bank,iOS,5G,Jaipur,SUCCESS,N/A,N/A,1975
UPI2025002669,2025-07-03,22:36:53,PhonePe,P2P,Peer Transfer,456.52,HDFC Bank,ICICI Bank,Android,WiFi,Amritsar,SUCCESS,N/A,N/A,2600
UPI2025002670,2025-04-12,08:43:23,Google Pay,P2M,Food Delivery,4312.44,Bank of Baroda,Yes Bank,iOS,WiFi,Mumbai,SUCCESS,N/A,N/A,3357
UPI2025002671,2025-02-03,22:35:43,Google Pay,P2P,Peer Transfer,39672.02,SBI,Union Bank of India,iOS,4G,Ludhiana,SUCCESS,N/A,N/A,200
UPI2025002672,2025-10-30,18:25:31,Amazon Pay,P2P,Peer Transfer,380.17,HDFC Bank,Bank of Baroda,Android,5G,Delhi,SUCCESS,N/A,N/A,3244
UPI2025002673,2025-04-21,05:14:14,PhonePe,P2P,Peer Transfer,401.37,Union Bank of India,IndusInd Bank,Android,4G,Chandigarh,SUCCESS,N/A,N/A,2305
UPI2025002674,2025-04-25,13:42:03,PhonePe,P2P,Peer Transfer,81.58,HDFC Bank,HDFC Bank,iOS,WiFi,Delhi,SUCCESS,N/A,N/A,1621
UPI2025002675,2025-01-20,19:31:35,Paytm,P2P,Peer Transfer,3033.42,SBI,IDBI Bank,Android,4G,Ahmedabad,SUCCESS,N/A,N/A,1626
UPI2025002676,2025-03-05,17:59:40,Google Pay,P2P,Peer Transfer,376.4,Yes Bank,IndusInd Bank,Android,3G,Amritsar,SUCCESS,N/A,N/A,594
UPI2025002677,2025-12-10,13:57:39,Paytm,P2M,Utility Bill,23906.05,Canara Bank,Punjab National Bank,Android,5G,Kolkata,SUCCESS,N/A,N/A,2783
UPI2025002678,2025-12-04,16:20:38,BHIM,P2P,Peer Transfer,4885.74,Canara Bank,IDBI Bank,iOS,4G,Chandigarh,SUCCESS,N/A,N/A,2673
UPI2025002679,2025-09-21,17:48:47,Google Pay,P2P,Peer Transfer,352.7,Yes Bank,ICICI Bank,Android,4G,Lucknow,SUCCESS,N/A,N/A,1168
UPI2025002680,2025-03-24,13:02:50,Paytm,P2M,E-commerce,285.76,Bank of Baroda,HDFC Bank,Android,WiFi,Pune,SUCCESS,N/A,N/A,2678
UPI2025002681,2025-11-03,13:48:25,Paytm,P2P,Peer Transfer,416.43,Yes Bank,IndusInd Bank,Android,5G,Jaipur,SUCCESS,N/A,N/A,936
UPI2025002682,2025-01-02,19:20:21,PhonePe,P2P,Peer Transfer,182.25,HDFC Bank,Canara Bank,Android,WiFi,Gurugram,SUCCESS,N/A,N/A,736
UPI2025002683,2025-10-09,12:32:05,Google Pay,P2P,Peer Transfer,334.62,IndusInd Bank,IndusInd Bank,Android,WiFi,Kolkata,SUCCESS,N/A,N/A,2866
UPI2025002684,2025-03-08,11:02:43,PhonePe,P2P,Peer Transfer,348.37,Punjab National Bank,Punjab National Bank,Android,5G,Patiala,FAILED,Incorrect UPI PIN,No,6296
UPI2025002685,2025-05-04,08:28:47,PhonePe,P2P,Peer Transfer,24.11,HDFC Bank,HDFC Bank,iOS,WiFi,Gurugram,SUCCESS,N/A,N/A,865
UPI2025002686,2025-09-27,19:34:16,PhonePe,P2M,Utility Bill,164.49,Kotak Mahindra Bank,Union Bank of India,iOS,4G,Pune,SUCCESS,N/A,N/A,2801
UPI2025002687,2025-01-30,10:52:36,PhonePe,P2P,Peer Transfer,181.22,Union Bank of India,Yes Bank,Android,5G,Jalandhar,SUCCESS,N/A,N/A,3842
UPI2025002688,2025-09-27,21:34:00,Amazon Pay,P2P,Peer Transfer,333.4,SBI,ICICI Bank,iOS,4G,Lucknow,SUCCESS,N/A,N/A,1969
UPI2025002689,2025-07-12,17:08:00,PhonePe,P2P,Peer Transfer,323.3,Bank of Baroda,Punjab National Bank,Android,5G,Noida,SUCCESS,N/A,N/A,2395
UPI2025002690,2025-08-01,19:45:39,Google Pay,P2P,Peer Transfer,441.49,HDFC Bank,Punjab National Bank,Android,5G,Bhopal,SUCCESS,N/A,N/A,2259
UPI2025002691,2025-04-29,12:18:11,PhonePe,P2P,Peer Transfer,62.55,Canara Bank,HDFC Bank,Android,4G,Noida,SUCCESS,N/A,N/A,200
UPI2025002692,2025-12-08,09:16:27,Google Pay,P2P,Peer Transfer,162.24,ICICI Bank,Canara Bank,Android,4G,Chandigarh,SUCCESS,N/A,N/A,1395
UPI2025002693,2025-12-15,09:28:55,WhatsApp Pay,P2M,Education Fee,636.9,Kotak Mahindra Bank,IndusInd Bank,Android,5G,Bhopal,SUCCESS,N/A,N/A,2542
UPI2025002694,2025-07-02,11:17:21,PhonePe,P2M,E-commerce,47.87,Canara Bank,Punjab National Bank,Android,4G,Chandigarh,SUCCESS,N/A,N/A,246
UPI2025002695,2025-08-14,23:13:26,CRED,P2P,Peer Transfer,438.84,SBI,IDBI Bank,Android,4G,Chennai,SUCCESS,N/A,N/A,2235
UPI2025002696,2025-01-25,23:37:13,Google Pay,P2M,Food Delivery,155.12,Axis Bank,Union Bank of India,Android,4G,Gurugram,SUCCESS,N/A,N/A,1761
UPI2025002697,2025-04-25,14:15:27,Paytm,P2P,Peer Transfer,249.77,Yes Bank,Bank of Baroda,iOS,4G,Lucknow,SUCCESS,N/A,N/A,2205
UPI2025002698,2025-11-08,12:45:08,Paytm,P2M,Entertainment,3042.58,Axis Bank,SBI,Android,4G,Hyderabad,SUCCESS,N/A,N/A,1269
UPI2025002699,2025-12-03,11:14:06,PhonePe,P2P,Peer Transfer,4153.74,ICICI Bank,IDBI Bank,Android,4G,Pune,FAILED,Network Connectivity Issue,No,6708
UPI2025002700,2025-03-10,19:58:41,Paytm,P2P,Peer Transfer,7319.97,Canara Bank,HDFC Bank,Android,4G,Ahmedabad,SUCCESS,N/A,N/A,1685
UPI2025002701,2025-12-06,12:12:55,Google Pay,P2M,E-commerce,145.81,HDFC Bank,ICICI Bank,Android,4G,Bhopal,SUCCESS,N/A,N/A,1731
UPI2025002702,2025-08-05,20:34:48,Paytm,P2P,Peer Transfer,353.73,Kotak Mahindra Bank,Kotak Mahindra Bank,Android,4G,Gurugram,SUCCESS,N/A,N/A,304
UPI2025002703,2025-06-05,12:22:27,PhonePe,P2P,Peer Transfer,265.69,Punjab National Bank,HDFC Bank,Android,5G,Bhopal,SUCCESS,N/A,N/A,2072
UPI2025002704,2025-03-10,11:04:10,Amazon Pay,P2P,Peer Transfer,46787.28,Union Bank of India,IDBI Bank,Android,4G,Kolkata,SUCCESS,N/A,N/A,1269
UPI2025002705,2025-08-27,10:37:59,Paytm,P2P,Peer Transfer,470.15,Union Bank of India,Punjab National Bank,Android,4G,Bhopal,SUCCESS,N/A,N/A,1947
UPI2025002706,2025-06-24,20:21:09,Google Pay,P2P,Peer Transfer,427.13,HDFC Bank,Yes Bank,Android,WiFi,Bhopal,SUCCESS,N/A,N/A,1915
UPI2025002707,2025-12-18,13:50:46,Paytm,P2M,Grocery,24140.99,ICICI Bank,Axis Bank,Android,4G,Jaipur,SUCCESS,N/A,N/A,2967
UPI2025002708,2025-04-24,08:28:59,Amazon Pay,P2P,Peer Transfer,18403.25,Canara Bank,Union Bank of India,Android,5G,Kolkata,FAILED,Insufficient Balance,Yes,4341
UPI2025002709,2025-05-28,22:46:15,Google Pay,P2P,Peer Transfer,868.86,Union Bank of India,Canara Bank,Android,4G,Mumbai,SUCCESS,N/A,N/A,2955
UPI2025002710,2025-01-03,12:42:34,Google Pay,P2M,Medical/Pharmacy,367.55,Axis Bank,Punjab National Bank,Android,WiFi,Lucknow,SUCCESS,N/A,N/A,1706
UPI2025002711,2025-05-13,20:11:12,WhatsApp Pay,P2P,Peer Transfer,450.16,ICICI Bank,Canara Bank,Android,4G,Hyderabad,SUCCESS,N/A,N/A,1386
UPI2025002712,2025-05-12,15:45:37,PhonePe,P2M,E-commerce,104.54,SBI,ICICI Bank,Android,5G,Chandigarh,FAILED,Bank Server Down,No,2373
UPI2025002713,2025-06-24,21:01:19,Paytm,P2M,Recharge/Bill Payment,3060.37,Punjab National Bank,SBI,Android,4G,Patiala,SUCCESS,N/A,N/A,2785
UPI2025002714,2025-10-10,18:43:14,CRED,P2M,Fuel,3602.02,Canara Bank,Canara Bank,Android,4G,Bhopal,SUCCESS,N/A,N/A,2912
UPI2025002715,2025-01-27,12:37:26,Paytm,P2M,Entertainment,391.13,Punjab National Bank,Kotak Mahindra Bank,Android,4G,Kolkata,SUCCESS,N/A,N/A,2437
UPI2025002716,2025-01-04,11:17:32,Paytm,P2M,Entertainment,520.17,Punjab National Bank,IDBI Bank,Android,4G,Amritsar,SUCCESS,N/A,N/A,2498
UPI2025002717,2025-01-28,22:10:18,PhonePe,P2P,Peer Transfer,86.15,Bank of Baroda,Bank of Baroda,iOS,4G,Ludhiana,SUCCESS,N/A,N/A,3721
UPI2025002718,2025-06-14,20:15:43,PhonePe,P2M,Utility Bill,81.48,Bank of Baroda,IndusInd Bank,iOS,WiFi,Patiala,SUCCESS,N/A,N/A,1497
UPI2025002719,2025-07-09,13:40:35,PhonePe,P2P,Peer Transfer,121.01,Axis Bank,SBI,iOS,4G,Pune,SUCCESS,N/A,N/A,2462
UPI2025002720,2025-01-12,17:15:46,WhatsApp Pay,P2M,Travel,72.0,Canara Bank,HDFC Bank,Android,4G,Lucknow,SUCCESS,N/A,N/A,2633
UPI2025002721,2025-08-31,05:57:56,PhonePe,P2P,Peer Transfer,82.69,HDFC Bank,SBI,Android,4G,Jalandhar,FAILED,Incorrect UPI PIN,No,957
UPI2025002722,2025-05-07,12:01:08,Paytm,P2P,Peer Transfer,155.46,Canara Bank,Canara Bank,Android,4G,Kolkata,SUCCESS,N/A,N/A,693
UPI2025002723,2025-05-23,16:42:39,PhonePe,P2M,Fuel,18800.09,IDBI Bank,IndusInd Bank,Android,5G,Kolkata,SUCCESS,N/A,N/A,1997
UPI2025002724,2025-05-25,22:01:57,PhonePe,P2M,Travel,192.51,Yes Bank,Axis Bank,Android,5G,Mumbai,SUCCESS,N/A,N/A,1831
UPI2025002725,2025-04-27,14:56:56,WhatsApp Pay,P2M,Peer Transfer,80.15,Punjab National Bank,HDFC Bank,Android,4G,Kolkata,FAILED,NPCI Server Error,No,4005
UPI2025002726,2025-02-25,19:03:29,Amazon Pay,P2M,Recharge/Bill Payment,101.3,Union Bank of India,Yes Bank,Android,4G,Kolkata,FAILED,Insufficient Balance,No,2240
UPI2025002727,2025-03-13,07:53:58,PhonePe,P2P,Peer Transfer,143.13,Punjab National Bank,IDBI Bank,Android,WiFi,Delhi,SUCCESS,N/A,N/A,2616
UPI2025002728,2025-09-16,08:40:24,Paytm,P2P,Peer Transfer,2582.74,Punjab National Bank,Canara Bank,Android,WiFi,Chandigarh,SUCCESS,N/A,N/A,2165
UPI2025002729,2025-01-23,09:46:23,Paytm,P2M,Food Delivery,4008.35,Axis Bank,ICICI Bank,Android,5G,Ahmedabad,SUCCESS,N/A,N/A,1928
UPI2025002730,2025-04-21,01:44:11,PhonePe,P2P,Peer Transfer,4212.68,Kotak Mahindra Bank,Axis Bank,iOS,WiFi,Hyderabad,FAILED,Network Connectivity Issue,Yes,7707
UPI2025002731,2025-08-03,20:23:45,BHIM,P2P,Peer Transfer,159.24,ICICI Bank,Bank of Baroda,Android,5G,Ludhiana,SUCCESS,N/A,N/A,1082
UPI2025002732,2025-11-14,14:58:16,Google Pay,P2M,Medical/Pharmacy,4264.34,Yes Bank,Axis Bank,Android,4G,Bhopal,SUCCESS,N/A,N/A,1387
UPI2025002733,2025-02-03,21:50:07,Google Pay,P2M,E-commerce,1868.32,Punjab National Bank,IDBI Bank,Android,5G,Lucknow,SUCCESS,N/A,N/A,2006
UPI2025002734,2025-03-20,09:49:43,Paytm,P2M,Travel,257.0,IDBI Bank,ICICI Bank,Android,4G,Noida,SUCCESS,N/A,N/A,1148
UPI2025002735,2025-11-15,08:49:07,Google Pay,P2P,Peer Transfer,388.96,ICICI Bank,IndusInd Bank,Android,4G,Mumbai,SUCCESS,N/A,N/A,1367
UPI2025002736,2025-01-16,07:37:54,Google Pay,P2M,Peer Transfer,29.85,SBI,ICICI Bank,Android,5G,Gurugram,SUCCESS,N/A,N/A,1827
UPI2025002737,2025-08-13,12:26:19,BHIM,P2P,Peer Transfer,281.74,ICICI Bank,Axis Bank,Android,5G,Delhi,SUCCESS,N/A,N/A,3198
UPI2025002738,2025-01-28,17:12:20,PhonePe,P2M,E-commerce,369.71,Union Bank of India,IDBI Bank,Android,WiFi,Pune,SUCCESS,N/A,N/A,3032
UPI2025002739,2025-12-09,19:25:31,Google Pay,P2M,Food Delivery,476.03,Punjab National Bank,IDBI Bank,iOS,4G,Jalandhar,SUCCESS,N/A,N/A,2996
UPI2025002740,2025-12-17,15:39:07,Amazon Pay,P2P,Peer Transfer,356.39,Canara Bank,Punjab National Bank,Android,4G,Pune,SUCCESS,N/A,N/A,1269
UPI2025002741,2025-10-31,08:48:56,CRED,P2M,Travel,4537.83,Punjab National Bank,Punjab National Bank,Android,5G,Hyderabad,SUCCESS,N/A,N/A,1596
UPI2025002742,2025-07-04,18:22:03,BHIM,P2P,Peer Transfer,362.56,Canara Bank,Canara Bank,Android,4G,Chennai,FAILED,Insufficient Balance,Yes,5798
UPI2025002743,2025-10-17,09:25:01,BHIM,P2M,Education Fee,2409.95,Yes Bank,Canara Bank,Android,4G,Delhi,SUCCESS,N/A,N/A,801
UPI2025002744,2025-12-12,17:28:54,CRED,P2M,E-commerce,29491.43,Axis Bank,IndusInd Bank,Android,4G,Chennai,FAILED,Bank Server Down,No,1137
UPI2025002745,2025-06-06,20:55:53,WhatsApp Pay,P2M,Rent,26294.68,Kotak Mahindra Bank,Yes Bank,Android,WiFi,Jalandhar,SUCCESS,N/A,N/A,513
UPI2025002746,2025-01-24,03:06:47,Paytm,P2M,Peer Transfer,1014.45,Union Bank of India,SBI,Android,WiFi,Hyderabad,SUCCESS,N/A,N/A,521
UPI2025002747,2025-08-06,13:15:11,Google Pay,P2M,Travel,484.82,Axis Bank,SBI,Android,5G,Noida,SUCCESS,N/A,N/A,2344
UPI2025002748,2025-12-09,17:44:33,PhonePe,P2P,Peer Transfer,45009.33,IndusInd Bank,Yes Bank,Android,5G,Ludhiana,SUCCESS,N/A,N/A,1547
UPI2025002749,2025-07-11,09:33:54,Amazon Pay,P2P,Peer Transfer,52.47,Union Bank of India,IDBI Bank,Android,WiFi,Hyderabad,SUCCESS,N/A,N/A,1049
UPI2025002750,2025-12-04,07:39:49,Google Pay,P2M,E-commerce,49.45,IndusInd Bank,Kotak Mahindra Bank,iOS,5G,Amritsar,SUCCESS,N/A,N/A,1178
UPI2025002751,2025-04-02,13:34:35,Amazon Pay,P2P,Peer Transfer,2323.52,Union Bank of India,IDBI Bank,Android,5G,Jalandhar,FAILED,Incorrect UPI PIN,Yes,3222
UPI2025002752,2025-04-11,17:26:16,PhonePe,P2P,Peer Transfer,436.32,Union Bank of India,Punjab National Bank,iOS,4G,Patiala,SUCCESS,N/A,N/A,827
UPI2025002753,2025-10-04,10:25:14,PhonePe,P2P,Peer Transfer,360.68,HDFC Bank,ICICI Bank,Android,5G,Lucknow,SUCCESS,N/A,N/A,1222
UPI2025002754,2025-08-12,13:25:02,Google Pay,P2P,Peer Transfer,376.79,Bank of Baroda,Union Bank of India,Android,4G,Hyderabad,SUCCESS,N/A,N/A,200
UPI2025002755,2025-01-31,12:11:34,Google Pay,P2P,Peer Transfer,26.09,Punjab National Bank,IDBI Bank,Android,4G,Patiala,SUCCESS,N/A,N/A,1965
UPI2025002756,2025-02-15,07:24:58,Google Pay,P2P,Peer Transfer,467.74,Axis Bank,Kotak Mahindra Bank,Android,4G,Ludhiana,SUCCESS,N/A,N/A,2348
UPI2025002757,2025-05-13,12:40:17,PhonePe,P2P,Peer Transfer,203.14,Bank of Baroda,Punjab National Bank,Android,WiFi,Jaipur,SUCCESS,N/A,N/A,1726
UPI2025002758,2025-04-10,21:49:54,CRED,P2P,Peer Transfer,394.96,Canara Bank,Canara Bank,Android,4G,Ahmedabad,SUCCESS,N/A,N/A,2307
UPI2025002759,2025-09-20,10:43:20,Google Pay,P2P,Peer Transfer,253.05,Bank of Baroda,IndusInd Bank,Android,4G,Ludhiana,SUCCESS,N/A,N/A,1631
UPI2025002760,2025-01-03,19:05:38,WhatsApp Pay,P2P,Peer Transfer,266.61,Yes Bank,ICICI Bank,Android,WiFi,Gurugram,SUCCESS,N/A,N/A,2948
UPI2025002761,2025-08-16,13:17:43,Google Pay,P2M,Entertainment,389.29,HDFC Bank,Yes Bank,Android,WiFi,Jaipur,SUCCESS,N/A,N/A,1450
UPI2025002762,2025-04-01,15:42:50,Amazon Pay,P2M,Utility Bill,171.24,IndusInd Bank,Bank of Baroda,Android,3G,Jalandhar,SUCCESS,N/A,N/A,2543
UPI2025002763,2025-10-31,18:36:05,PhonePe,P2P,Peer Transfer,214.15,Bank of Baroda,SBI,Android,4G,Hyderabad,SUCCESS,N/A,N/A,3525
UPI2025002764,2025-10-20,18:01:15,Google Pay,P2P,Peer Transfer,1068.92,Union Bank of India,Yes Bank,Android,WiFi,Noida,SUCCESS,N/A,N/A,2546
UPI2025002765,2025-01-14,01:26:11,BHIM,P2M,Peer Transfer,135.93,IndusInd Bank,Bank of Baroda,Android,5G,Ahmedabad,SUCCESS,N/A,N/A,1506
UPI2025002766,2025-08-19,21:16:18,PhonePe,P2M,Fuel,778.87,Kotak Mahindra Bank,Kotak Mahindra Bank,Android,4G,Noida,SUCCESS,N/A,N/A,1902
UPI2025002767,2025-09-29,22:54:27,Google Pay,P2P,Peer Transfer,1170.9,Bank of Baroda,ICICI Bank,iOS,4G,Mumbai,SUCCESS,N/A,N/A,1382
UPI2025002768,2025-06-23,09:19:29,PhonePe,P2M,Peer Transfer,4736.35,Punjab National Bank,IDBI Bank,Android,4G,Bengaluru,SUCCESS,N/A,N/A,3081
UPI2025002769,2025-10-04,09:14:52,Google Pay,P2P,Peer Transfer,177.63,Punjab National Bank,IDBI Bank,Android,4G,Delhi,FAILED,Bank Server Down,Yes,3750
UPI2025002770,2025-02-10,08:45:39,Google Pay,P2P,Peer Transfer,246.15,Yes Bank,Bank of Baroda,iOS,5G,Pune,FAILED,Incorrect UPI PIN,No,3539
UPI2025002771,2025-08-08,11:18:05,Paytm,P2M,Utility Bill,391.87,Punjab National Bank,ICICI Bank,iOS,WiFi,Kolkata,SUCCESS,N/A,N/A,1067
UPI2025002772,2025-10-28,08:56:52,Amazon Pay,P2P,Peer Transfer,369.59,Axis Bank,Yes Bank,Android,5G,Noida,SUCCESS,N/A,N/A,1962
UPI2025002773,2025-11-30,12:31:36,CRED,P2P,Peer Transfer,47118.83,HDFC Bank,Yes Bank,iOS,4G,Kolkata,SUCCESS,N/A,N/A,1372
UPI2025002774,2025-09-05,13:45:30,Google Pay,P2P,Peer Transfer,1722.82,HDFC Bank,Bank of Baroda,Android,5G,Mumbai,SUCCESS,N/A,N/A,1202
UPI2025002775,2025-12-03,23:29:02,Paytm,P2P,Peer Transfer,3339.8,Union Bank of India,IndusInd Bank,iOS,WiFi,Noida,SUCCESS,N/A,N/A,2789
UPI2025002776,2025-02-16,07:26:07,Google Pay,P2P,Peer Transfer,3640.12,Kotak Mahindra Bank,Punjab National Bank,Android,4G,Bengaluru,SUCCESS,N/A,N/A,1483
UPI2025002777,2025-11-29,14:03:48,PhonePe,P2P,Peer Transfer,133.49,Bank of Baroda,Punjab National Bank,Android,WiFi,Noida,FAILED,Invalid VPA / Beneficiary Not Found,No,3880
UPI2025002778,2025-07-20,20:54:41,Paytm,P2P,Peer Transfer,190.97,IDBI Bank,ICICI Bank,iOS,5G,Ahmedabad,SUCCESS,N/A,N/A,2506
UPI2025002779,2025-11-22,22:31:29,Google Pay,P2M,Food Delivery,173.05,Canara Bank,Union Bank of India,Android,4G,Amritsar,SUCCESS,N/A,N/A,2061
UPI2025002780,2025-02-06,08:48:41,Paytm,P2M,Recharge/Bill Payment,103.47,Union Bank of India,SBI,Android,4G,Delhi,SUCCESS,N/A,N/A,2154
UPI2025002781,2025-09-16,12:46:01,Google Pay,P2M,E-commerce,2340.44,Kotak Mahindra Bank,Bank of Baroda,Android,4G,Lucknow,SUCCESS,N/A,N/A,3201
UPI2025002782,2025-06-09,11:48:52,Paytm,P2M,Grocery,381.39,ICICI Bank,HDFC Bank,iOS,4G,Noida,FAILED,Invalid VPA / Beneficiary Not Found,No,4874
UPI2025002783,2025-01-09,13:51:15,PhonePe,P2M,Rent,441.81,SBI,Union Bank of India,Android,5G,Patiala,SUCCESS,N/A,N/A,2001
UPI2025002784,2025-12-31,15:10:02,PhonePe,P2M,Education Fee,3638.75,IDBI Bank,SBI,Android,5G,Chandigarh,SUCCESS,N/A,N/A,464
UPI2025002785,2025-09-26,13:46:19,PhonePe,P2P,Peer Transfer,14771.99,Kotak Mahindra Bank,Yes Bank,Android,4G,Noida,SUCCESS,N/A,N/A,2187
UPI2025002786,2025-09-19,19:51:21,PhonePe,P2P,Peer Transfer,171.81,Canara Bank,ICICI Bank,Android,5G,Mumbai,SUCCESS,N/A,N/A,2257
UPI2025002787,2025-07-17,08:06:28,CRED,P2P,Peer Transfer,81.49,Punjab National Bank,Canara Bank,Android,WiFi,Delhi,FAILED,Bank Server Down,Yes,6638
UPI2025002788,2025-02-27,05:27:11,PhonePe,P2P,Peer Transfer,63.2,Axis Bank,SBI,iOS,4G,Hyderabad,SUCCESS,N/A,N/A,1796
UPI2025002789,2025-12-26,12:28:14,Google Pay,P2M,Entertainment,3942.69,IndusInd Bank,IDBI Bank,Android,WiFi,Delhi,SUCCESS,N/A,N/A,1422
UPI2025002790,2025-03-30,11:27:32,PhonePe,P2P,Peer Transfer,361.19,Yes Bank,ICICI Bank,Android,5G,Bengaluru,FAILED,Invalid VPA / Beneficiary Not Found,Yes,4543
UPI2025002791,2025-10-23,16:37:01,Google Pay,P2P,Peer Transfer,179.27,Bank of Baroda,Axis Bank,iOS,4G,Jalandhar,FAILED,Beneficiary Bank Server Down,Yes,3628
UPI2025002792,2025-04-11,08:34:22,Paytm,P2P,Peer Transfer,405.52,ICICI Bank,Union Bank of India,Android,WiFi,Pune,SUCCESS,N/A,N/A,2217
UPI2025002793,2025-03-10,09:48:37,Google Pay,P2M,Rent,2223.35,SBI,Axis Bank,Android,WiFi,Delhi,FAILED,Daily Transaction Limit Exceeded,Yes,9166
UPI2025002794,2025-09-12,09:59:57,Google Pay,P2P,Peer Transfer,457.96,IDBI Bank,Canara Bank,Android,4G,Jalandhar,SUCCESS,N/A,N/A,2966
UPI2025002795,2025-09-03,16:56:51,PhonePe,P2P,Peer Transfer,141.76,Union Bank of India,Punjab National Bank,Android,WiFi,Chandigarh,SUCCESS,N/A,N/A,200
UPI2025002796,2025-07-09,20:40:59,Google Pay,P2P,Peer Transfer,1104.34,Canara Bank,Axis Bank,Android,WiFi,Lucknow,SUCCESS,N/A,N/A,2237
UPI2025002797,2025-09-24,17:30:26,PhonePe,P2P,Peer Transfer,103.1,Kotak Mahindra Bank,Union Bank of India,iOS,5G,Ahmedabad,SUCCESS,N/A,N/A,646
UPI2025002798,2025-10-02,12:19:46,BHIM,P2P,Peer Transfer,458.6,ICICI Bank,HDFC Bank,Android,5G,Pune,SUCCESS,N/A,N/A,1126
UPI2025002799,2025-09-17,08:18:01,PhonePe,P2M,Entertainment,466.06,IDBI Bank,ICICI Bank,Android,WiFi,Patiala,SUCCESS,N/A,N/A,2229
UPI2025002800,2025-05-21,16:16:46,WhatsApp Pay,P2P,Peer Transfer,583.1,Union Bank of India,Union Bank of India,Android,4G,Chennai,SUCCESS,N/A,N/A,974
UPI2025002801,2025-08-24,13:58:43,Paytm,P2P,Peer Transfer,435.75,Axis Bank,Yes Bank,Android,4G,Amritsar,FAILED,Beneficiary Bank Server Down,No,3871
UPI2025002802,2025-11-17,17:22:51,PhonePe,P2M,Grocery,65.57,HDFC Bank,Yes Bank,Android,4G,Patiala,SUCCESS,N/A,N/A,2992
UPI2025002803,2025-12-20,18:33:25,Paytm,P2M,E-commerce,61.74,SBI,Kotak Mahindra Bank,iOS,5G,Noida,FAILED,Incorrect UPI PIN,No,9516
UPI2025002804,2025-09-21,15:15:09,PhonePe,P2M,Rent,3973.51,Bank of Baroda,IDBI Bank,Android,5G,Amritsar,SUCCESS,N/A,N/A,3426
UPI2025002805,2025-11-29,13:10:09,Google Pay,P2M,E-commerce,612.61,Bank of Baroda,IndusInd Bank,iOS,4G,Jalandhar,SUCCESS,N/A,N/A,1755
UPI2025002806,2025-06-11,10:38:16,PhonePe,P2P,Peer Transfer,25642.8,IndusInd Bank,Punjab National Bank,Android,4G,Ahmedabad,SUCCESS,N/A,N/A,1573
UPI2025002807,2025-06-19,18:41:23,Google Pay,P2P,Peer Transfer,793.65,Canara Bank,SBI,Android,4G,Mumbai,FAILED,Insufficient Balance,No,7519
UPI2025002808,2025-07-01,21:24:42,PhonePe,P2M,Medical/Pharmacy,419.55,Yes Bank,IDBI Bank,Android,5G,Chennai,FAILED,Invalid VPA / Beneficiary Not Found,Yes,200
UPI2025002809,2025-10-11,09:58:32,PhonePe,P2M,Food Delivery,45312.56,IndusInd Bank,Axis Bank,Android,4G,Bengaluru,SUCCESS,N/A,N/A,1987
UPI2025002810,2025-01-13,16:19:35,PhonePe,P2M,Grocery,227.86,Kotak Mahindra Bank,IDBI Bank,Android,4G,Chandigarh,SUCCESS,N/A,N/A,2687
UPI2025002811,2025-04-29,21:28:49,Paytm,P2M,Utility Bill,52.79,IndusInd Bank,Yes Bank,Android,4G,Lucknow,SUCCESS,N/A,N/A,3119
UPI2025002812,2025-04-19,07:27:50,Google Pay,P2P,Peer Transfer,113.24,IndusInd Bank,Yes Bank,Android,4G,Patiala,SUCCESS,N/A,N/A,2783
UPI2025002813,2025-12-31,18:42:42,PhonePe,P2P,Peer Transfer,3787.52,Union Bank of India,HDFC Bank,Android,5G,Pune,SUCCESS,N/A,N/A,1891
UPI2025002814,2025-06-12,13:36:53,Google Pay,P2M,E-commerce,35239.45,Canara Bank,Axis Bank,Android,WiFi,Delhi,SUCCESS,N/A,N/A,1121
UPI2025002815,2025-11-02,20:45:20,Google Pay,P2M,Travel,134.85,IndusInd Bank,SBI,Android,WiFi,Mumbai,SUCCESS,N/A,N/A,607
UPI2025002816,2025-06-21,15:57:19,Paytm,P2M,Education Fee,228.89,Canara Bank,HDFC Bank,Android,3G,Hyderabad,SUCCESS,N/A,N/A,3694
UPI2025002817,2025-04-13,12:38:52,PhonePe,P2P,Peer Transfer,174.27,Bank of Baroda,IndusInd Bank,Android,4G,Kolkata,FAILED,Incorrect UPI PIN,Yes,2518
UPI2025002818,2025-08-10,17:53:43,PhonePe,P2M,Recharge/Bill Payment,3615.98,Kotak Mahindra Bank,IndusInd Bank,Android,4G,Pune,SUCCESS,N/A,N/A,1541
UPI2025002819,2025-07-25,12:21:11,CRED,P2M,Travel,231.48,ICICI Bank,HDFC Bank,Android,4G,Chennai,FAILED,Beneficiary Bank Server Down,Yes,3356
UPI2025002820,2025-05-09,20:26:39,Google Pay,P2M,Peer Transfer,214.69,Kotak Mahindra Bank,SBI,Android,4G,Jaipur,SUCCESS,N/A,N/A,3386
UPI2025002821,2025-04-18,13:47:58,PhonePe,P2M,Travel,119.84,Yes Bank,IDBI Bank,Android,4G,Kolkata,FAILED,Invalid VPA / Beneficiary Not Found,No,5707
UPI2025002822,2025-11-13,17:44:20,CRED,P2M,Rent,188.61,Union Bank of India,Kotak Mahindra Bank,iOS,4G,Delhi,FAILED,Network Connectivity Issue,Yes,5756
UPI2025002823,2025-07-22,16:13:13,PhonePe,P2M,Utility Bill,419.41,Union Bank of India,Kotak Mahindra Bank,Android,4G,Pune,SUCCESS,N/A,N/A,2813
UPI2025002824,2025-05-03,18:49:55,Google Pay,P2M,Entertainment,3575.54,IndusInd Bank,Bank of Baroda,Android,5G,Bengaluru,SUCCESS,N/A,N/A,1711
UPI2025002825,2025-12-10,03:11:54,Google Pay,P2P,Peer Transfer,3089.64,Bank of Baroda,Canara Bank,Android,WiFi,Bhopal,FAILED,Invalid VPA / Beneficiary Not Found,No,2807
UPI2025002826,2025-02-05,16:38:36,Paytm,P2M,Utility Bill,70.81,HDFC Bank,Axis Bank,Android,4G,Lucknow,SUCCESS,N/A,N/A,3369
UPI2025002827,2025-08-12,07:52:47,BHIM,P2P,Peer Transfer,3822.76,Axis Bank,IndusInd Bank,Android,5G,Noida,FAILED,Insufficient Balance,Yes,3499
UPI2025002828,2025-05-01,16:09:38,BHIM,P2M,Education Fee,2599.85,IDBI Bank,ICICI Bank,iOS,WiFi,Lucknow,FAILED,Technical Decline by Issuer,No,5564
UPI2025002829,2025-08-22,13:09:37,Google Pay,P2M,Fuel,47598.74,ICICI Bank,HDFC Bank,Android,4G,Chandigarh,FAILED,NPCI Server Error,No,3820
UPI2025002830,2025-11-10,10:42:03,WhatsApp Pay,P2M,Food Delivery,55.5,Axis Bank,Canara Bank,iOS,5G,Lucknow,SUCCESS,N/A,N/A,3557
UPI2025002831,2025-05-16,12:45:28,Google Pay,P2P,Peer Transfer,273.32,SBI,Kotak Mahindra Bank,Android,WiFi,Amritsar,SUCCESS,N/A,N/A,1702
UPI2025002832,2025-11-03,22:08:46,Google Pay,P2M,Peer Transfer,1422.92,Axis Bank,SBI,iOS,4G,Mumbai,SUCCESS,N/A,N/A,1695
UPI2025002833,2025-07-10,17:10:07,Google Pay,P2M,Food Delivery,231.74,Kotak Mahindra Bank,SBI,Android,WiFi,Chandigarh,SUCCESS,N/A,N/A,2069
UPI2025002834,2025-10-03,17:14:55,Paytm,P2P,Peer Transfer,372.38,IndusInd Bank,Axis Bank,Android,4G,Gurugram,SUCCESS,N/A,N/A,309
UPI2025002835,2025-08-14,18:08:03,PhonePe,P2P,Peer Transfer,392.58,ICICI Bank,Axis Bank,Android,5G,Patiala,SUCCESS,N/A,N/A,2172
UPI2025002836,2025-09-25,14:38:54,BHIM,P2M,Utility Bill,461.3,SBI,IndusInd Bank,Android,WiFi,Bhopal,FAILED,Incorrect UPI PIN,Yes,4984
UPI2025002837,2025-03-05,06:09:48,Google Pay,P2P,Peer Transfer,468.54,Axis Bank,Kotak Mahindra Bank,Android,WiFi,Bengaluru,SUCCESS,N/A,N/A,1806
UPI2025002838,2025-12-12,15:00:16,Google Pay,P2M,Rent,8224.28,Kotak Mahindra Bank,SBI,Android,5G,Bengaluru,SUCCESS,N/A,N/A,825
UPI2025002839,2025-11-09,18:53:15,Google Pay,P2P,Peer Transfer,4274.96,IndusInd Bank,Bank of Baroda,Android,4G,Jaipur,FAILED,Daily Transaction Limit Exceeded,No,1637
UPI2025002840,2025-05-10,19:58:32,Google Pay,P2M,Fuel,11189.85,ICICI Bank,IDBI Bank,Android,4G,Bhopal,SUCCESS,N/A,N/A,1736
UPI2025002841,2025-08-29,16:58:53,PhonePe,P2P,Peer Transfer,34.1,Yes Bank,SBI,Android,3G,Mumbai,SUCCESS,N/A,N/A,777
UPI2025002842,2025-09-16,16:01:18,Paytm,P2P,Peer Transfer,1996.01,Canara Bank,Yes Bank,Android,4G,Jalandhar,SUCCESS,N/A,N/A,2008
UPI2025002843,2025-09-01,15:29:25,Paytm,P2M,Medical/Pharmacy,445.63,IndusInd Bank,HDFC Bank,Android,4G,Ahmedabad,SUCCESS,N/A,N/A,3218
UPI2025002844,2025-07-23,22:25:07,PhonePe,P2M,Education Fee,967.02,Punjab National Bank,Yes Bank,Android,WiFi,Chandigarh,SUCCESS,N/A,N/A,1816
UPI2025002845,2025-09-24,12:38:51,PhonePe,P2P,Peer Transfer,1995.02,Kotak Mahindra Bank,HDFC Bank,Android,4G,Bhopal,SUCCESS,N/A,N/A,1799
UPI2025002846,2025-01-04,18:19:38,PhonePe,P2M,Peer Transfer,112.16,Punjab National Bank,Kotak Mahindra Bank,iOS,3G,Patiala,SUCCESS,N/A,N/A,1830
UPI2025002847,2025-01-18,07:23:24,Google Pay,P2P,Peer Transfer,1423.55,Canara Bank,IDBI Bank,Android,4G,Mumbai,SUCCESS,N/A,N/A,1071
UPI2025002848,2025-11-16,21:08:13,Google Pay,P2P,Peer Transfer,495.33,ICICI Bank,Bank of Baroda,Android,4G,Chandigarh,SUCCESS,N/A,N/A,673
UPI2025002849,2025-10-16,12:02:00,PhonePe,P2M,Fuel,3960.6,IDBI Bank,Union Bank of India,Android,WiFi,Chennai,FAILED,Bank Server Down,No,4741
UPI2025002850,2025-05-12,18:00:40,PhonePe,P2P,Peer Transfer,2293.83,IDBI Bank,Axis Bank,Android,4G,Bengaluru,SUCCESS,N/A,N/A,2396
UPI2025002851,2025-05-25,20:01:21,PhonePe,P2P,Peer Transfer,97.12,IndusInd Bank,Axis Bank,Android,4G,Bengaluru,FAILED,Insufficient Balance,Yes,7861
UPI2025002852,2025-12-08,15:58:16,Amazon Pay,P2P,Peer Transfer,285.71,Axis Bank,IDBI Bank,Android,WiFi,Mumbai,SUCCESS,N/A,N/A,1797
UPI2025002853,2025-01-13,19:34:59,Paytm,P2P,Peer Transfer,136.35,Union Bank of India,Axis Bank,iOS,WiFi,Chennai,SUCCESS,N/A,N/A,1779
UPI2025002854,2025-07-07,16:34:09,Paytm,P2M,Food Delivery,4319.39,Punjab National Bank,SBI,iOS,4G,Gurugram,FAILED,Insufficient Balance,Yes,5187
UPI2025002855,2025-08-08,19:57:47,PhonePe,P2M,Grocery,3597.79,Union Bank of India,HDFC Bank,Android,5G,Chandigarh,SUCCESS,N/A,N/A,1864
UPI2025002856,2025-03-05,22:22:29,PhonePe,P2M,Utility Bill,4465.35,IndusInd Bank,Kotak Mahindra Bank,Android,5G,Chennai,SUCCESS,N/A,N/A,1702
UPI2025002857,2025-10-29,21:22:55,Google Pay,P2P,Peer Transfer,34044.88,Axis Bank,IDBI Bank,Android,5G,Jalandhar,SUCCESS,N/A,N/A,2908
UPI2025002858,2025-07-11,19:09:20,Google Pay,P2P,Peer Transfer,198.1,IDBI Bank,ICICI Bank,Android,4G,Mumbai,SUCCESS,N/A,N/A,2193
UPI2025002859,2025-07-24,17:48:11,PhonePe,P2M,Fuel,590.88,Bank of Baroda,SBI,Android,4G,Gurugram,FAILED,Duplicate Transaction Blocked,Yes,5746
UPI2025002860,2025-04-12,13:30:27,PhonePe,P2P,Peer Transfer,80.22,Kotak Mahindra Bank,IDBI Bank,Android,5G,Noida,SUCCESS,N/A,N/A,3273
UPI2025002861,2025-10-02,17:32:28,Google Pay,P2P,Peer Transfer,3991.38,Yes Bank,ICICI Bank,Android,4G,Jalandhar,SUCCESS,N/A,N/A,3308
UPI2025002862,2025-06-01,15:38:12,Google Pay,P2P,Peer Transfer,78.62,IDBI Bank,ICICI Bank,Android,5G,Noida,SUCCESS,N/A,N/A,1625
UPI2025002863,2025-10-04,20:05:16,Paytm,P2P,Peer Transfer,18.26,Punjab National Bank,Axis Bank,Android,4G,Jaipur,FAILED,Technical Decline by Issuer,Yes,5098
UPI2025002864,2025-08-18,18:38:24,WhatsApp Pay,P2P,Peer Transfer,11331.85,Bank of Baroda,IDBI Bank,Android,4G,Mumbai,SUCCESS,N/A,N/A,1238
UPI2025002865,2025-08-26,19:06:51,Google Pay,P2P,Peer Transfer,467.22,Bank of Baroda,Axis Bank,Android,4G,Chennai,FAILED,Bank Server Down,No,4581
UPI2025002866,2025-01-12,07:48:02,Paytm,P2P,Peer Transfer,31.18,Yes Bank,Punjab National Bank,Android,5G,Lucknow,SUCCESS,N/A,N/A,2485
UPI2025002867,2025-07-30,17:52:35,Paytm,P2M,Education Fee,338.26,Yes Bank,HDFC Bank,Android,WiFi,Noida,SUCCESS,N/A,N/A,1451
UPI2025002868,2025-01-21,21:59:51,Amazon Pay,P2M,Recharge/Bill Payment,405.67,HDFC Bank,Bank of Baroda,Android,4G,Chennai,SUCCESS,N/A,N/A,1577
UPI2025002869,2025-12-23,09:08:31,Amazon Pay,P2M,E-commerce,120.73,IndusInd Bank,SBI,Android,4G,Amritsar,SUCCESS,N/A,N/A,1581
UPI2025002870,2025-08-22,11:35:02,Amazon Pay,P2P,Peer Transfer,158.71,Canara Bank,SBI,Android,4G,Ahmedabad,SUCCESS,N/A,N/A,4122
UPI2025002871,2025-12-08,18:57:33,Google Pay,P2P,Peer Transfer,238.28,Kotak Mahindra Bank,Union Bank of India,Android,5G,Noida,SUCCESS,N/A,N/A,1678
UPI2025002872,2025-06-28,02:25:24,PhonePe,P2P,Peer Transfer,1161.81,Bank of Baroda,Kotak Mahindra Bank,Android,4G,Chandigarh,FAILED,Payer Account Frozen/Inactive,No,3064
UPI2025002873,2025-02-16,19:11:50,Paytm,P2P,Peer Transfer,538.19,Union Bank of India,ICICI Bank,iOS,4G,Gurugram,SUCCESS,N/A,N/A,2443
UPI2025002874,2025-07-28,08:35:50,Google Pay,P2P,Peer Transfer,38.02,Canara Bank,ICICI Bank,Android,4G,Jalandhar,FAILED,Insufficient Balance,Yes,5118
UPI2025002875,2025-10-30,12:37:53,PhonePe,P2M,Travel,261.63,ICICI Bank,Yes Bank,Android,WiFi,Delhi,SUCCESS,N/A,N/A,1357
UPI2025002876,2025-07-30,12:14:06,Google Pay,P2M,E-commerce,16999.68,Punjab National Bank,Yes Bank,iOS,5G,Hyderabad,SUCCESS,N/A,N/A,3759
UPI2025002877,2025-08-07,07:33:42,Google Pay,P2P,Peer Transfer,456.46,Kotak Mahindra Bank,Bank of Baroda,iOS,4G,Ludhiana,SUCCESS,N/A,N/A,2512
UPI2025002878,2025-10-19,10:35:43,Google Pay,P2P,Peer Transfer,358.23,IDBI Bank,SBI,Android,WiFi,Jaipur,SUCCESS,N/A,N/A,1285
UPI2025002879,2025-07-25,07:44:26,Paytm,P2M,Rent,4997.57,IndusInd Bank,Bank of Baroda,iOS,5G,Lucknow,SUCCESS,N/A,N/A,2508
UPI2025002880,2025-04-11,08:39:15,PhonePe,P2P,Peer Transfer,1449.36,Axis Bank,HDFC Bank,iOS,4G,Jaipur,SUCCESS,N/A,N/A,2213
UPI2025002881,2025-07-12,09:25:29,PhonePe,P2P,Peer Transfer,131.26,Canara Bank,Canara Bank,Android,4G,Bhopal,SUCCESS,N/A,N/A,2946
UPI2025002882,2025-03-23,19:19:05,PhonePe,P2M,E-commerce,230.19,IndusInd Bank,HDFC Bank,Android,3G,Ludhiana,SUCCESS,N/A,N/A,200
UPI2025002883,2025-09-11,15:19:11,PhonePe,P2P,Peer Transfer,1381.9,Canara Bank,ICICI Bank,Android,4G,Noida,SUCCESS,N/A,N/A,1050
UPI2025002884,2025-02-14,12:01:02,Google Pay,P2M,Medical/Pharmacy,476.23,HDFC Bank,Axis Bank,Android,WiFi,Ahmedabad,SUCCESS,N/A,N/A,2759
UPI2025002885,2025-10-19,09:16:31,PhonePe,P2M,Peer Transfer,266.61,HDFC Bank,Punjab National Bank,Android,4G,Gurugram,SUCCESS,N/A,N/A,1870
UPI2025002886,2025-02-07,19:24:49,BHIM,P2M,Grocery,15.18,Punjab National Bank,Canara Bank,Android,5G,Mumbai,SUCCESS,N/A,N/A,3189
UPI2025002887,2025-12-18,14:33:42,Amazon Pay,P2M,Peer Transfer,114.92,Kotak Mahindra Bank,Canara Bank,Android,5G,Jaipur,SUCCESS,N/A,N/A,930
UPI2025002888,2025-01-15,16:25:07,Google Pay,P2P,Peer Transfer,41814.94,ICICI Bank,Axis Bank,Android,4G,Amritsar,FAILED,Beneficiary Bank Server Down,Yes,2875
UPI2025002889,2025-08-08,13:10:57,Google Pay,P2M,Food Delivery,109.09,Bank of Baroda,IndusInd Bank,Android,WiFi,Lucknow,SUCCESS,N/A,N/A,603
UPI2025002890,2025-09-22,13:12:10,Paytm,P2P,Peer Transfer,2305.47,Canara Bank,Canara Bank,Android,4G,Bengaluru,SUCCESS,N/A,N/A,1543
UPI2025002891,2025-07-01,17:13:40,BHIM,P2P,Peer Transfer,75.66,IDBI Bank,Kotak Mahindra Bank,iOS,4G,Kolkata,SUCCESS,N/A,N/A,4091
UPI2025002892,2025-08-03,17:55:41,Paytm,P2P,Peer Transfer,431.74,Kotak Mahindra Bank,HDFC Bank,Android,4G,Noida,FAILED,Bank Server Down,Yes,7924
UPI2025002893,2025-07-05,19:52:58,BHIM,P2M,E-commerce,49672.61,Punjab National Bank,Axis Bank,iOS,4G,Hyderabad,SUCCESS,N/A,N/A,1434
UPI2025002894,2025-01-20,08:12:09,PhonePe,P2P,Peer Transfer,4516.95,Canara Bank,Yes Bank,Android,WiFi,Jaipur,SUCCESS,N/A,N/A,947
UPI2025002895,2025-11-07,10:21:33,PhonePe,P2P,Peer Transfer,459.51,IDBI Bank,Kotak Mahindra Bank,Android,5G,Hyderabad,SUCCESS,N/A,N/A,2857
UPI2025002896,2025-10-17,06:22:53,Paytm,P2P,Peer Transfer,224.94,IDBI Bank,Axis Bank,Android,4G,Kolkata,SUCCESS,N/A,N/A,200
UPI2025002897,2025-10-06,16:16:01,Paytm,P2P,Peer Transfer,242.08,Axis Bank,Canara Bank,Android,4G,Hyderabad,SUCCESS,N/A,N/A,1249
UPI2025002898,2025-10-18,14:25:20,Amazon Pay,P2P,Peer Transfer,401.62,Yes Bank,IndusInd Bank,iOS,4G,Lucknow,SUCCESS,N/A,N/A,2508
UPI2025002899,2025-12-03,21:49:30,PhonePe,P2P,Peer Transfer,33853.98,Bank of Baroda,Axis Bank,Android,5G,Jaipur,SUCCESS,N/A,N/A,1263
UPI2025002900,2025-03-14,18:07:15,PhonePe,P2M,Education Fee,3387.82,Kotak Mahindra Bank,Punjab National Bank,Android,WiFi,Ludhiana,SUCCESS,N/A,N/A,2275
UPI2025002901,2025-06-28,09:51:56,Google Pay,P2M,Travel,291.17,Bank of Baroda,SBI,Android,WiFi,Hyderabad,SUCCESS,N/A,N/A,2188
UPI2025002902,2025-05-03,07:51:47,Amazon Pay,P2P,Peer Transfer,859.62,Kotak Mahindra Bank,Bank of Baroda,iOS,5G,Patiala,FAILED,NPCI Server Error,No,2151
UPI2025002903,2025-07-01,11:27:17,Paytm,P2M,E-commerce,187.45,Kotak Mahindra Bank,Kotak Mahindra Bank,Android,WiFi,Chandigarh,SUCCESS,N/A,N/A,3361
UPI2025002904,2025-03-18,19:36:39,PhonePe,P2M,Grocery,4836.95,HDFC Bank,Bank of Baroda,Android,WiFi,Ahmedabad,SUCCESS,N/A,N/A,836
UPI2025002905,2025-01-28,05:05:01,Google Pay,P2P,Peer Transfer,2521.13,Canara Bank,Kotak Mahindra Bank,Android,4G,Kolkata,FAILED,Incorrect UPI PIN,Yes,5810
UPI2025002906,2025-08-18,20:30:36,Paytm,P2P,Peer Transfer,4990.48,Axis Bank,Union Bank of India,Android,WiFi,Patiala,FAILED,Incorrect UPI PIN,No,5157
UPI2025002907,2025-06-23,19:23:17,Paytm,P2M,Medical/Pharmacy,3611.24,Canara Bank,Union Bank of India,Android,WiFi,Lucknow,SUCCESS,N/A,N/A,1648
UPI2025002908,2025-10-26,16:11:26,Google Pay,P2M,Education Fee,316.49,Canara Bank,SBI,Android,4G,Noida,FAILED,Insufficient Balance,No,4978
UPI2025002909,2025-09-29,15:07:10,PhonePe,P2P,Peer Transfer,121.88,Axis Bank,IDBI Bank,Android,4G,Bengaluru,FAILED,Beneficiary Bank Server Down,Yes,5846
UPI2025002910,2025-08-21,17:33:19,WhatsApp Pay,P2M,E-commerce,804.53,HDFC Bank,IDBI Bank,iOS,4G,Patiala,SUCCESS,N/A,N/A,1945
UPI2025002911,2025-06-23,01:58:44,PhonePe,P2M,Grocery,555.87,SBI,Canara Bank,Android,WiFi,Lucknow,FAILED,Insufficient Balance,Yes,5492
UPI2025002912,2025-01-16,14:29:33,Google Pay,P2M,Entertainment,3857.68,Union Bank of India,Yes Bank,Android,4G,Jalandhar,SUCCESS,N/A,N/A,3134
UPI2025002913,2025-03-30,10:53:49,PhonePe,P2M,Medical/Pharmacy,121.25,Axis Bank,Kotak Mahindra Bank,Android,5G,Ludhiana,SUCCESS,N/A,N/A,1790
UPI2025002914,2025-12-07,10:08:30,Google Pay,P2P,Peer Transfer,4717.68,SBI,IndusInd Bank,Android,5G,Gurugram,SUCCESS,N/A,N/A,2195
UPI2025002915,2025-09-15,18:51:16,Google Pay,P2P,Peer Transfer,267.34,HDFC Bank,Kotak Mahindra Bank,Android,5G,Gurugram,SUCCESS,N/A,N/A,1073
UPI2025002916,2025-04-12,23:56:02,PhonePe,P2M,Rent,355.89,Yes Bank,IndusInd Bank,Android,4G,Amritsar,SUCCESS,N/A,N/A,1747
UPI2025002917,2025-01-14,13:56:23,PhonePe,P2P,Peer Transfer,362.72,IDBI Bank,Bank of Baroda,Android,WiFi,Bengaluru,SUCCESS,N/A,N/A,2329
UPI2025002918,2025-03-03,09:58:41,Google Pay,P2M,Utility Bill,33989.25,ICICI Bank,IndusInd Bank,Android,4G,Pune,FAILED,Transaction Timeout,No,1878
UPI2025002919,2025-12-20,10:54:25,PhonePe,P2P,Peer Transfer,31895.92,SBI,Axis Bank,Android,5G,Lucknow,SUCCESS,N/A,N/A,328
UPI2025002920,2025-11-05,19:51:11,Paytm,P2P,Peer Transfer,444.7,Axis Bank,ICICI Bank,Android,3G,Lucknow,FAILED,Transaction Timeout,No,2662
UPI2025002921,2025-01-02,02:08:12,Google Pay,P2M,Rent,423.12,Union Bank of India,ICICI Bank,iOS,WiFi,Chandigarh,SUCCESS,N/A,N/A,2217
UPI2025002922,2025-01-22,11:55:07,Paytm,P2P,Peer Transfer,2693.87,SBI,IndusInd Bank,iOS,WiFi,Lucknow,SUCCESS,N/A,N/A,749
UPI2025002923,2025-04-22,17:13:58,PhonePe,P2M,E-commerce,422.6,Canara Bank,Canara Bank,Android,5G,Chandigarh,SUCCESS,N/A,N/A,1503
UPI2025002924,2025-10-06,11:43:20,Google Pay,P2M,Education Fee,4295.26,HDFC Bank,Bank of Baroda,Android,4G,Jalandhar,SUCCESS,N/A,N/A,2447
UPI2025002925,2025-12-05,08:59:17,BHIM,P2M,Food Delivery,1632.85,IndusInd Bank,Bank of Baroda,Android,4G,Lucknow,SUCCESS,N/A,N/A,2056
UPI2025002926,2025-07-01,17:49:33,Paytm,P2P,Peer Transfer,152.74,Yes Bank,IDBI Bank,iOS,5G,Pune,FAILED,Beneficiary Bank Server Down,No,3887
UPI2025002927,2025-10-10,18:53:39,PhonePe,P2M,Entertainment,4110.0,Punjab National Bank,Punjab National Bank,Android,5G,Kolkata,FAILED,Invalid VPA / Beneficiary Not Found,Yes,2414
UPI2025002928,2025-08-04,11:47:07,Amazon Pay,P2P,Peer Transfer,423.95,Bank of Baroda,IDBI Bank,Android,5G,Ahmedabad,SUCCESS,N/A,N/A,2132
UPI2025002929,2025-04-23,04:58:21,Google Pay,P2M,Medical/Pharmacy,369.6,Kotak Mahindra Bank,IndusInd Bank,Android,5G,Jalandhar,SUCCESS,N/A,N/A,2130
UPI2025002930,2025-05-10,14:04:54,Google Pay,P2M,Entertainment,1883.18,IDBI Bank,ICICI Bank,Android,4G,Chennai,SUCCESS,N/A,N/A,3242
UPI2025002931,2025-06-25,16:59:31,Google Pay,P2P,Peer Transfer,84.23,IndusInd Bank,ICICI Bank,iOS,4G,Jalandhar,SUCCESS,N/A,N/A,2860
UPI2025002932,2025-02-27,19:47:37,BHIM,P2M,Peer Transfer,115.77,Axis Bank,Canara Bank,Android,5G,Ahmedabad,SUCCESS,N/A,N/A,788
UPI2025002933,2025-12-13,12:18:35,BHIM,P2M,Entertainment,309.6,IndusInd Bank,IDBI Bank,iOS,WiFi,Bengaluru,SUCCESS,N/A,N/A,2011
UPI2025002934,2025-02-21,09:36:21,Paytm,P2P,Peer Transfer,301.8,Yes Bank,Canara Bank,Android,5G,Kolkata,SUCCESS,N/A,N/A,1850
UPI2025002935,2025-12-28,08:28:27,PhonePe,P2M,Travel,400.82,IndusInd Bank,IDBI Bank,Android,WiFi,Chandigarh,SUCCESS,N/A,N/A,1731
UPI2025002936,2025-09-21,14:23:12,BHIM,P2M,Rent,261.99,Punjab National Bank,Bank of Baroda,Android,4G,Noida,SUCCESS,N/A,N/A,1872
UPI2025002937,2025-09-05,19:03:21,Google Pay,P2M,Fuel,239.23,Bank of Baroda,Bank of Baroda,Android,5G,Kolkata,SUCCESS,N/A,N/A,431
UPI2025002938,2025-05-22,21:51:11,WhatsApp Pay,P2M,Utility Bill,494.44,Kotak Mahindra Bank,Union Bank of India,Android,4G,Noida,SUCCESS,N/A,N/A,2145
UPI2025002939,2025-12-01,18:26:32,Google Pay,P2M,Fuel,434.54,IndusInd Bank,Bank of Baroda,iOS,5G,Mumbai,FAILED,Bank Server Down,No,5318
UPI2025002940,2025-04-25,09:30:05,PhonePe,P2P,Peer Transfer,1822.11,Bank of Baroda,Yes Bank,Android,4G,Chennai,SUCCESS,N/A,N/A,1416
UPI2025002941,2025-03-28,12:24:56,Google Pay,P2M,Food Delivery,3334.48,IndusInd Bank,Yes Bank,Android,4G,Gurugram,SUCCESS,N/A,N/A,1207
UPI2025002942,2025-12-10,14:32:34,PhonePe,P2M,Grocery,259.2,Yes Bank,SBI,Android,WiFi,Bhopal,FAILED,Insufficient Balance,Yes,4847
UPI2025002943,2025-11-23,09:02:10,PhonePe,P2M,E-commerce,477.25,SBI,SBI,Android,5G,Jalandhar,SUCCESS,N/A,N/A,3133
UPI2025002944,2025-06-18,10:37:02,Google Pay,P2M,E-commerce,363.93,SBI,Yes Bank,Android,5G,Gurugram,FAILED,Daily Transaction Limit Exceeded,No,6017
UPI2025002945,2025-08-06,15:13:33,Google Pay,P2P,Peer Transfer,178.2,Canara Bank,Union Bank of India,Android,WiFi,Patiala,SUCCESS,N/A,N/A,200
UPI2025002946,2025-10-18,20:56:53,BHIM,P2P,Peer Transfer,201.12,IDBI Bank,SBI,Android,5G,Amritsar,SUCCESS,N/A,N/A,2907
UPI2025002947,2025-10-16,18:27:18,PhonePe,P2M,Fuel,4353.1,ICICI Bank,IDBI Bank,Android,4G,Chennai,SUCCESS,N/A,N/A,2302
UPI2025002948,2025-03-17,18:48:10,Paytm,P2P,Peer Transfer,334.77,IndusInd Bank,Kotak Mahindra Bank,Android,WiFi,Kolkata,SUCCESS,N/A,N/A,1644
UPI2025002949,2025-09-23,17:30:28,BHIM,P2M,Recharge/Bill Payment,1337.59,Punjab National Bank,Punjab National Bank,Android,5G,Mumbai,SUCCESS,N/A,N/A,2078
UPI2025002950,2025-04-10,12:39:13,CRED,P2M,E-commerce,237.94,IndusInd Bank,IndusInd Bank,Android,4G,Patiala,SUCCESS,N/A,N/A,2289
UPI2025002951,2025-09-11,08:39:17,Google Pay,P2P,Peer Transfer,5292.03,ICICI Bank,Yes Bank,Android,WiFi,Bhopal,SUCCESS,N/A,N/A,2704
UPI2025002952,2025-11-09,12:49:37,PhonePe,P2M,Education Fee,1086.98,Kotak Mahindra Bank,Yes Bank,Android,WiFi,Bhopal,FAILED,Insufficient Balance,No,3714
UPI2025002953,2025-02-26,10:49:41,Paytm,P2P,Peer Transfer,2815.49,Yes Bank,ICICI Bank,Android,4G,Delhi,SUCCESS,N/A,N/A,2207
UPI2025002954,2025-03-22,10:45:35,Paytm,P2M,Food Delivery,149.33,SBI,Kotak Mahindra Bank,Android,4G,Ahmedabad,SUCCESS,N/A,N/A,1560
UPI2025002955,2025-07-22,22:31:32,Google Pay,P2P,Peer Transfer,1849.96,Punjab National Bank,Bank of Baroda,Android,WiFi,Kolkata,SUCCESS,N/A,N/A,2534
UPI2025002956,2025-06-24,17:41:52,Paytm,P2P,Peer Transfer,1596.73,Bank of Baroda,Canara Bank,Android,4G,Lucknow,SUCCESS,N/A,N/A,2858
UPI2025002957,2025-11-27,18:58:25,Paytm,P2P,Peer Transfer,250.66,Canara Bank,Yes Bank,Android,WiFi,Hyderabad,FAILED,Bank Server Down,Yes,6724
UPI2025002958,2025-07-01,04:26:06,Google Pay,P2P,Peer Transfer,46400.04,Kotak Mahindra Bank,Bank of Baroda,Android,4G,Delhi,FAILED,Insufficient Balance,No,3396
UPI2025002959,2025-07-18,13:16:29,Paytm,P2P,Peer Transfer,268.34,Bank of Baroda,ICICI Bank,Android,5G,Mumbai,SUCCESS,N/A,N/A,1003
UPI2025002960,2025-07-24,12:42:01,BHIM,P2M,E-commerce,262.34,Kotak Mahindra Bank,Bank of Baroda,Android,WiFi,Bhopal,SUCCESS,N/A,N/A,1104
UPI2025002961,2025-07-31,06:16:12,Amazon Pay,P2M,Entertainment,438.21,ICICI Bank,IDBI Bank,iOS,4G,Jalandhar,FAILED,Beneficiary Bank Server Down,No,5046
UPI2025002962,2025-10-06,05:17:08,Google Pay,P2P,Peer Transfer,3470.78,Union Bank of India,HDFC Bank,Android,3G,Gurugram,SUCCESS,N/A,N/A,716
UPI2025002963,2025-01-31,18:31:02,Google Pay,P2M,Education Fee,471.71,ICICI Bank,ICICI Bank,Android,5G,Ahmedabad,SUCCESS,N/A,N/A,1500
UPI2025002964,2025-10-25,12:39:38,Google Pay,P2P,Peer Transfer,111.87,ICICI Bank,Canara Bank,Android,5G,Patiala,FAILED,Insufficient Balance,Yes,3274
UPI2025002965,2025-05-03,20:32:52,Google Pay,P2M,Entertainment,3246.12,Punjab National Bank,SBI,Android,5G,Lucknow,FAILED,Insufficient Balance,Yes,3810
UPI2025002966,2025-08-20,18:57:56,CRED,P2P,Peer Transfer,73.47,HDFC Bank,Kotak Mahindra Bank,Android,4G,Jalandhar,SUCCESS,N/A,N/A,1227
UPI2025002967,2025-02-12,11:28:15,WhatsApp Pay,P2P,Peer Transfer,4849.77,ICICI Bank,SBI,Android,4G,Ahmedabad,SUCCESS,N/A,N/A,1045
UPI2025002968,2025-02-03,09:27:26,PhonePe,P2P,Peer Transfer,394.12,SBI,ICICI Bank,Android,WiFi,Lucknow,SUCCESS,N/A,N/A,1187
UPI2025002969,2025-01-09,13:09:16,PhonePe,P2P,Peer Transfer,286.15,Bank of Baroda,Bank of Baroda,Android,4G,Delhi,SUCCESS,N/A,N/A,1451
UPI2025002970,2025-06-07,16:30:47,Google Pay,P2P,Peer Transfer,277.69,Canara Bank,IDBI Bank,Android,WiFi,Lucknow,SUCCESS,N/A,N/A,2477
UPI2025002971,2025-11-25,19:43:59,PhonePe,P2P,Peer Transfer,4291.65,Canara Bank,SBI,Android,5G,Mumbai,SUCCESS,N/A,N/A,200
UPI2025002972,2025-03-11,06:33:05,BHIM,P2M,Recharge/Bill Payment,308.28,Canara Bank,IDBI Bank,iOS,4G,Jalandhar,SUCCESS,N/A,N/A,1427
UPI2025002973,2025-03-31,18:58:14,Google Pay,P2P,Peer Transfer,2591.25,Bank of Baroda,Punjab National Bank,Android,5G,Mumbai,SUCCESS,N/A,N/A,1470
UPI2025002974,2025-06-12,11:52:03,Amazon Pay,P2P,Peer Transfer,932.34,IndusInd Bank,Punjab National Bank,iOS,5G,Pune,FAILED,Incorrect UPI PIN,Yes,4356
UPI2025002975,2025-04-13,13:33:50,PhonePe,P2M,Peer Transfer,235.65,Yes Bank,Bank of Baroda,Android,5G,Ahmedabad,FAILED,Invalid VPA / Beneficiary Not Found,No,5478
UPI2025002976,2025-05-06,17:34:32,Google Pay,P2P,Peer Transfer,105.64,Bank of Baroda,HDFC Bank,Android,4G,Lucknow,SUCCESS,N/A,N/A,2224
UPI2025002977,2025-03-29,22:12:48,Google Pay,P2M,Medical/Pharmacy,389.35,Bank of Baroda,Canara Bank,Android,4G,Delhi,FAILED,Network Connectivity Issue,No,4915
UPI2025002978,2025-02-16,12:16:14,PhonePe,P2M,Recharge/Bill Payment,129.96,Canara Bank,SBI,Android,5G,Hyderabad,SUCCESS,N/A,N/A,1759
UPI2025002979,2025-02-13,19:21:45,Paytm,P2M,Utility Bill,2204.11,IndusInd Bank,ICICI Bank,iOS,4G,Jalandhar,SUCCESS,N/A,N/A,1353
UPI2025002980,2025-09-01,19:47:30,Google Pay,P2P,Peer Transfer,749.26,Yes Bank,Union Bank of India,Android,5G,Chennai,SUCCESS,N/A,N/A,1842
UPI2025002981,2025-05-18,16:31:47,Google Pay,P2P,Peer Transfer,4187.06,IDBI Bank,IndusInd Bank,Android,4G,Delhi,SUCCESS,N/A,N/A,2474
UPI2025002982,2025-10-08,12:52:37,Google Pay,P2M,E-commerce,458.26,Kotak Mahindra Bank,IndusInd Bank,Android,5G,Noida,SUCCESS,N/A,N/A,281
UPI2025002983,2025-12-12,12:41:31,Google Pay,P2M,Rent,3918.7,IndusInd Bank,IDBI Bank,Android,4G,Ahmedabad,SUCCESS,N/A,N/A,2065
UPI2025002984,2025-12-04,12:09:47,PhonePe,P2P,Peer Transfer,96.85,Axis Bank,Bank of Baroda,Android,WiFi,Jaipur,SUCCESS,N/A,N/A,1623
UPI2025002985,2025-01-03,15:25:11,BHIM,P2M,Medical/Pharmacy,2841.67,Canara Bank,Union Bank of India,Android,5G,Amritsar,SUCCESS,N/A,N/A,1730
UPI2025002986,2025-08-14,17:10:26,Google Pay,P2M,Rent,156.36,ICICI Bank,Yes Bank,Android,4G,Bhopal,SUCCESS,N/A,N/A,3937
UPI2025002987,2025-12-01,19:47:07,Google Pay,P2P,Peer Transfer,113.42,IndusInd Bank,Axis Bank,Android,5G,Hyderabad,SUCCESS,N/A,N/A,2905
UPI2025002988,2025-01-02,19:04:41,PhonePe,P2M,Entertainment,4744.23,SBI,Axis Bank,Android,5G,Gurugram,FAILED,Technical Decline by Issuer,No,8904
UPI2025002989,2025-09-17,17:29:29,BHIM,P2P,Peer Transfer,4470.26,Canara Bank,SBI,Android,5G,Jaipur,SUCCESS,N/A,N/A,3001
UPI2025002990,2025-12-09,22:06:36,PhonePe,P2M,Peer Transfer,206.86,Yes Bank,Yes Bank,iOS,4G,Ludhiana,SUCCESS,N/A,N/A,1102
UPI2025002991,2025-06-24,09:20:38,PhonePe,P2M,Peer Transfer,729.38,IDBI Bank,IndusInd Bank,Android,4G,Lucknow,SUCCESS,N/A,N/A,605
UPI2025002992,2025-12-17,19:13:23,PhonePe,P2M,Utility Bill,381.95,IDBI Bank,IndusInd Bank,Android,4G,Gurugram,SUCCESS,N/A,N/A,1348
UPI2025002993,2025-08-25,09:02:03,PhonePe,P2P,Peer Transfer,2134.08,HDFC Bank,Kotak Mahindra Bank,Android,WiFi,Gurugram,SUCCESS,N/A,N/A,1047
UPI2025002994,2025-07-03,09:34:07,PhonePe,P2P,Peer Transfer,3706.98,IDBI Bank,HDFC Bank,Android,5G,Ahmedabad,SUCCESS,N/A,N/A,200
UPI2025002995,2025-08-24,10:55:39,Amazon Pay,P2M,Utility Bill,241.08,Yes Bank,Yes Bank,Android,4G,Pune,SUCCESS,N/A,N/A,2955
UPI2025002996,2025-08-23,15:30:48,Google Pay,P2M,Food Delivery,2228.72,Bank of Baroda,ICICI Bank,Android,4G,Jaipur,SUCCESS,N/A,N/A,1646
UPI2025002997,2025-06-15,16:07:09,PhonePe,P2M,Peer Transfer,335.87,Canara Bank,HDFC Bank,Android,5G,Jalandhar,FAILED,Incorrect UPI PIN,Yes,3858
UPI2025002998,2025-09-01,06:48:35,PhonePe,P2P,Peer Transfer,280.38,Axis Bank,SBI,Android,4G,Noida,SUCCESS,N/A,N/A,1253
UPI2025002999,2025-04-02,11:21:11,PhonePe,P2P,Peer Transfer,319.67,ICICI Bank,SBI,Android,WiFi,Noida,SUCCESS,N/A,N/A,1100
UPI2025003000,2025-07-15,07:11:35,Google Pay,P2M,Fuel,4539.67,IndusInd Bank,Yes Bank,Android,4G,Pune,SUCCESS,N/A,N/A,1576
UPI2025003001,2025-03-06,19:08:37,Google Pay,P2P,Peer Transfer,6493.84,Canara Bank,Yes Bank,Android,WiFi,Ludhiana,SUCCESS,N/A,N/A,2065
UPI2025003002,2025-08-09,17:43:46,BHIM,P2M,Utility Bill,133.89,Canara Bank,Bank of Baroda,Android,4G,Noida,SUCCESS,N/A,N/A,1217
UPI2025003003,2025-07-12,18:49:54,PhonePe,P2P,Peer Transfer,20369.67,Canara Bank,Punjab National Bank,iOS,5G,Jalandhar,SUCCESS,N/A,N/A,1623
UPI2025003004,2025-05-04,09:15:32,Amazon Pay,P2M,Entertainment,107.91,HDFC Bank,HDFC Bank,Android,WiFi,Chandigarh,SUCCESS,N/A,N/A,3068
UPI2025003005,2025-06-28,08:39:17,PhonePe,P2P,Peer Transfer,189.35,IDBI Bank,Axis Bank,Android,4G,Lucknow,SUCCESS,N/A,N/A,200
UPI2025003006,2025-03-14,20:16:12,Google Pay,P2P,Peer Transfer,288.68,HDFC Bank,Kotak Mahindra Bank,iOS,WiFi,Ludhiana,SUCCESS,N/A,N/A,1756
UPI2025003007,2025-07-28,11:01:25,PhonePe,P2M,Peer Transfer,79.11,Punjab National Bank,Axis Bank,Android,4G,Bengaluru,FAILED,Invalid VPA / Beneficiary Not Found,Yes,7552
UPI2025003008,2025-02-26,19:49:47,PhonePe,P2P,Peer Transfer,37083.15,Punjab National Bank,IndusInd Bank,Android,5G,Bengaluru,SUCCESS,N/A,N/A,2490
UPI2025003009,2025-01-01,07:33:51,Google Pay,P2M,Peer Transfer,1365.31,Union Bank of India,Yes Bank,iOS,5G,Bengaluru,FAILED,Insufficient Balance,No,5202
UPI2025003010,2025-09-01,16:23:28,CRED,P2P,Peer Transfer,51.0,Bank of Baroda,Axis Bank,Android,WiFi,Mumbai,FAILED,Bank Server Down,Yes,7252
UPI2025003011,2025-11-29,09:29:23,PhonePe,P2M,Travel,136.44,Yes Bank,HDFC Bank,Android,WiFi,Amritsar,SUCCESS,N/A,N/A,843
UPI2025003012,2025-04-28,19:21:58,PhonePe,P2P,Peer Transfer,403.25,Kotak Mahindra Bank,ICICI Bank,Android,4G,Pune,SUCCESS,N/A,N/A,1677
UPI2025003013,2025-04-08,18:39:45,Paytm,P2P,Peer Transfer,30940.69,ICICI Bank,Yes Bank,Android,5G,Mumbai,SUCCESS,N/A,N/A,819
UPI2025003014,2025-04-06,17:14:17,PhonePe,P2M,Fuel,3151.4,SBI,IndusInd Bank,Android,4G,Delhi,SUCCESS,N/A,N/A,508
UPI2025003015,2025-11-06,18:59:36,PhonePe,P2P,Peer Transfer,2498.72,HDFC Bank,SBI,iOS,4G,Jaipur,FAILED,Insufficient Balance,Yes,2983
UPI2025003016,2025-10-24,18:47:11,Google Pay,P2P,Peer Transfer,426.94,ICICI Bank,ICICI Bank,Android,4G,Mumbai,SUCCESS,N/A,N/A,918
UPI2025003017,2025-01-17,20:21:27,Google Pay,P2M,Medical/Pharmacy,51.43,HDFC Bank,Union Bank of India,Android,4G,Jalandhar,SUCCESS,N/A,N/A,1097
UPI2025003018,2025-05-20,18:00:08,PhonePe,P2P,Peer Transfer,401.95,IndusInd Bank,HDFC Bank,Android,WiFi,Kolkata,SUCCESS,N/A,N/A,1905
UPI2025003019,2025-06-20,17:06:42,PhonePe,P2P,Peer Transfer,169.63,Canara Bank,Union Bank of India,Android,4G,Ahmedabad,SUCCESS,N/A,N/A,2599
UPI2025003020,2025-03-08,06:37:55,Google Pay,P2M,Recharge/Bill Payment,92.26,Yes Bank,HDFC Bank,Android,WiFi,Hyderabad,SUCCESS,N/A,N/A,1720
UPI2025003021,2025-04-23,07:00:48,Google Pay,P2M,Travel,26.31,Union Bank of India,Bank of Baroda,iOS,5G,Bengaluru,SUCCESS,N/A,N/A,1105
UPI2025003022,2025-03-07,13:09:00,Amazon Pay,P2P,Peer Transfer,28032.25,ICICI Bank,IDBI Bank,Android,WiFi,Chandigarh,FAILED,Technical Decline by Issuer,No,5806
UPI2025003023,2025-09-30,11:39:32,PhonePe,P2P,Peer Transfer,28.3,Union Bank of India,Kotak Mahindra Bank,Android,5G,Bhopal,FAILED,Insufficient Balance,No,3093
UPI2025003024,2025-02-18,10:24:29,Amazon Pay,P2M,Travel,343.33,Bank of Baroda,IndusInd Bank,Android,4G,Bengaluru,SUCCESS,N/A,N/A,419
UPI2025003025,2025-05-02,09:09:46,Google Pay,P2M,Food Delivery,169.28,Yes Bank,SBI,Android,5G,Chandigarh,FAILED,Bank Server Down,No,3852
UPI2025003026,2025-07-27,18:56:15,Google Pay,P2M,Grocery,467.64,Union Bank of India,Punjab National Bank,Android,4G,Hyderabad,SUCCESS,N/A,N/A,1560
UPI2025003027,2025-06-02,14:05:40,Google Pay,P2M,Medical/Pharmacy,467.18,ICICI Bank,SBI,Android,WiFi,Hyderabad,FAILED,Beneficiary Bank Server Down,Yes,3867
UPI2025003028,2025-01-16,19:30:24,Google Pay,P2M,E-commerce,3090.88,ICICI Bank,IndusInd Bank,Android,5G,Bhopal,SUCCESS,N/A,N/A,2842
UPI2025003029,2025-10-02,20:27:45,PhonePe,P2P,Peer Transfer,446.1,Canara Bank,Punjab National Bank,Android,WiFi,Noida,SUCCESS,N/A,N/A,1807
UPI2025003030,2025-02-22,06:28:41,PhonePe,P2P,Peer Transfer,171.4,Punjab National Bank,IDBI Bank,Android,4G,Delhi,SUCCESS,N/A,N/A,1793
UPI2025003031,2025-05-24,19:01:44,Paytm,P2M,Recharge/Bill Payment,445.3,IndusInd Bank,IDBI Bank,Android,5G,Chandigarh,SUCCESS,N/A,N/A,807
UPI2025003032,2025-03-13,13:18:56,Google Pay,P2M,Peer Transfer,133.59,IDBI Bank,Yes Bank,Android,5G,Noida,SUCCESS,N/A,N/A,1408
UPI2025003033,2025-06-18,18:48:45,Paytm,P2P,Peer Transfer,298.78,IndusInd Bank,Union Bank of India,Android,5G,Bengaluru,SUCCESS,N/A,N/A,2483
UPI2025003034,2025-03-07,19:32:36,Google Pay,P2P,Peer Transfer,250.83,Kotak Mahindra Bank,Yes Bank,Android,4G,Chennai,SUCCESS,N/A,N/A,799
UPI2025003035,2025-06-15,14:30:56,CRED,P2P,Peer Transfer,1937.97,SBI,Punjab National Bank,iOS,4G,Chennai,SUCCESS,N/A,N/A,1713
UPI2025003036,2025-03-31,06:39:38,PhonePe,P2M,Rent,767.95,Axis Bank,HDFC Bank,Android,5G,Amritsar,SUCCESS,N/A,N/A,3251
UPI2025003037,2025-09-10,09:15:19,Paytm,P2P,Peer Transfer,291.18,IDBI Bank,SBI,Android,3G,Ludhiana,SUCCESS,N/A,N/A,1059
UPI2025003038,2025-05-26,00:35:35,Amazon Pay,P2P,Peer Transfer,196.78,Punjab National Bank,IndusInd Bank,Android,5G,Jaipur,FAILED,Bank Server Down,Yes,10439
UPI2025003039,2025-06-11,17:26:08,Paytm,P2M,Medical/Pharmacy,2801.82,Axis Bank,Union Bank of India,iOS,4G,Hyderabad,SUCCESS,N/A,N/A,2926
UPI2025003040,2025-10-15,12:47:10,Google Pay,P2P,Peer Transfer,1216.25,Bank of Baroda,IndusInd Bank,Android,WiFi,Jalandhar,SUCCESS,N/A,N/A,1689
UPI2025003041,2025-10-16,11:04:22,Google Pay,P2P,Peer Transfer,447.29,IndusInd Bank,Kotak Mahindra Bank,Android,4G,Bengaluru,FAILED,Bank Server Down,Yes,4937
UPI2025003042,2025-02-11,17:55:51,WhatsApp Pay,P2M,Rent,308.17,Axis Bank,Kotak Mahindra Bank,Android,WiFi,Kolkata,SUCCESS,N/A,N/A,3301
UPI2025003043,2025-04-08,06:15:31,Amazon Pay,P2P,Peer Transfer,534.16,ICICI Bank,ICICI Bank,Android,WiFi,Noida,SUCCESS,N/A,N/A,2160
UPI2025003044,2025-11-02,19:55:02,CRED,P2P,Peer Transfer,12.16,Axis Bank,Yes Bank,Android,5G,Chandigarh,SUCCESS,N/A,N/A,2018
UPI2025003045,2025-06-21,06:50:55,PhonePe,P2M,E-commerce,487.52,IndusInd Bank,Yes Bank,Android,WiFi,Chennai,SUCCESS,N/A,N/A,200
UPI2025003046,2025-11-27,18:56:08,WhatsApp Pay,P2M,Entertainment,22614.62,HDFC Bank,HDFC Bank,Android,WiFi,Patiala,SUCCESS,N/A,N/A,2186
UPI2025003047,2025-11-29,14:52:13,Google Pay,P2M,E-commerce,2951.51,Punjab National Bank,IndusInd Bank,Android,3G,Ludhiana,SUCCESS,N/A,N/A,3536
UPI2025003048,2025-07-15,12:15:03,BHIM,P2M,Peer Transfer,64.12,IDBI Bank,Bank of Baroda,iOS,5G,Ludhiana,FAILED,Network Connectivity Issue,Yes,4294
UPI2025003049,2025-07-17,19:15:45,PhonePe,P2M,Utility Bill,3855.88,Union Bank of India,Bank of Baroda,Android,4G,Mumbai,SUCCESS,N/A,N/A,494
UPI2025003050,2025-04-29,06:16:01,PhonePe,P2P,Peer Transfer,434.05,Canara Bank,SBI,Android,4G,Patiala,SUCCESS,N/A,N/A,1619
UPI2025003051,2025-07-02,15:41:50,Paytm,P2P,Peer Transfer,197.12,ICICI Bank,HDFC Bank,Android,5G,Ludhiana,FAILED,Insufficient Balance,Yes,7218
UPI2025003052,2025-03-14,17:42:31,Google Pay,P2P,Peer Transfer,1182.68,IDBI Bank,Axis Bank,Android,4G,Lucknow,FAILED,Insufficient Balance,Yes,1767
UPI2025003053,2025-11-24,12:04:00,Paytm,P2P,Peer Transfer,2865.34,HDFC Bank,Axis Bank,Android,4G,Chennai,SUCCESS,N/A,N/A,2225
UPI2025003054,2025-02-21,05:30:48,CRED,P2M,Utility Bill,183.46,ICICI Bank,Yes Bank,Android,WiFi,Patiala,SUCCESS,N/A,N/A,2354
UPI2025003055,2025-09-26,13:42:05,PhonePe,P2P,Peer Transfer,187.68,HDFC Bank,IDBI Bank,Android,WiFi,Bhopal,SUCCESS,N/A,N/A,1923
UPI2025003056,2025-08-04,14:35:57,BHIM,P2P,Peer Transfer,46.25,Canara Bank,Canara Bank,Android,WiFi,Mumbai,FAILED,Beneficiary Bank Server Down,No,3852
UPI2025003057,2025-02-20,18:38:34,Google Pay,P2M,Utility Bill,3073.55,IndusInd Bank,Axis Bank,Android,4G,Hyderabad,SUCCESS,N/A,N/A,1697
UPI2025003058,2025-03-29,04:23:07,PhonePe,P2M,Travel,139.8,Bank of Baroda,Bank of Baroda,iOS,WiFi,Mumbai,SUCCESS,N/A,N/A,1918
UPI2025003059,2025-11-03,13:46:14,Google Pay,P2M,Grocery,15955.05,Union Bank of India,Union Bank of India,Android,3G,Jaipur,SUCCESS,N/A,N/A,2382
UPI2025003060,2025-10-10,17:15:40,Paytm,P2M,Medical/Pharmacy,34047.07,HDFC Bank,Bank of Baroda,Android,5G,Bengaluru,SUCCESS,N/A,N/A,2244
UPI2025003061,2025-07-29,16:15:42,PhonePe,P2P,Peer Transfer,147.86,ICICI Bank,SBI,Android,4G,Jalandhar,SUCCESS,N/A,N/A,200
UPI2025003062,2025-08-15,09:05:43,PhonePe,P2M,E-commerce,241.25,Punjab National Bank,SBI,Android,WiFi,Chennai,FAILED,Duplicate Transaction Blocked,No,4219
UPI2025003063,2025-09-04,06:22:12,PhonePe,P2P,Peer Transfer,275.66,Yes Bank,Punjab National Bank,Android,4G,Lucknow,SUCCESS,N/A,N/A,3080
UPI2025003064,2025-10-21,09:20:17,Google Pay,P2M,Education Fee,32.76,SBI,Canara Bank,Android,5G,Chennai,SUCCESS,N/A,N/A,1679
UPI2025003065,2025-07-15,20:34:51,PhonePe,P2M,Rent,4991.79,ICICI Bank,Yes Bank,Android,3G,Bengaluru,SUCCESS,N/A,N/A,1634
UPI2025003066,2025-01-13,18:29:49,Google Pay,P2M,Grocery,1553.28,Yes Bank,SBI,Android,5G,Noida,SUCCESS,N/A,N/A,2254
UPI2025003067,2025-01-27,23:50:11,Google Pay,P2P,Peer Transfer,125.72,HDFC Bank,IDBI Bank,Android,5G,Ludhiana,SUCCESS,N/A,N/A,1559
UPI2025003068,2025-04-19,07:56:01,WhatsApp Pay,P2P,Peer Transfer,38586.77,Punjab National Bank,Union Bank of India,Android,5G,Hyderabad,SUCCESS,N/A,N/A,2582
UPI2025003069,2025-02-27,22:08:49,Google Pay,P2M,Peer Transfer,454.71,Canara Bank,SBI,Android,5G,Bengaluru,SUCCESS,N/A,N/A,3544
UPI2025003070,2025-02-15,14:29:49,Google Pay,P2P,Peer Transfer,472.91,Axis Bank,ICICI Bank,Android,5G,Ahmedabad,SUCCESS,N/A,N/A,952
UPI2025003071,2025-10-21,03:15:08,Google Pay,P2P,Peer Transfer,448.11,Kotak Mahindra Bank,Yes Bank,Android,3G,Noida,SUCCESS,N/A,N/A,2418
UPI2025003072,2025-04-10,16:51:43,Google Pay,P2M,Fuel,183.79,Axis Bank,Yes Bank,Android,4G,Bengaluru,SUCCESS,N/A,N/A,2695
UPI2025003073,2025-06-21,16:56:47,PhonePe,P2P,Peer Transfer,287.21,IndusInd Bank,IndusInd Bank,Android,5G,Ahmedabad,SUCCESS,N/A,N/A,1435
UPI2025003074,2025-04-20,19:07:06,Amazon Pay,P2P,Peer Transfer,1390.35,Yes Bank,Axis Bank,Android,WiFi,Ahmedabad,SUCCESS,N/A,N/A,1633
UPI2025003075,2025-04-07,06:16:59,PhonePe,P2P,Peer Transfer,2246.81,Kotak Mahindra Bank,Bank of Baroda,Android,4G,Lucknow,SUCCESS,N/A,N/A,2076
UPI2025003076,2025-12-15,19:03:01,Google Pay,P2P,Peer Transfer,3423.11,Axis Bank,Canara Bank,Android,4G,Jaipur,SUCCESS,N/A,N/A,1786
UPI2025003077,2025-07-02,11:52:50,WhatsApp Pay,P2P,Peer Transfer,427.2,IDBI Bank,Bank of Baroda,Android,4G,Chandigarh,FAILED,Insufficient Balance,Yes,1633
UPI2025003078,2025-02-12,16:07:37,BHIM,P2P,Peer Transfer,43526.73,SBI,Yes Bank,Android,5G,Pune,SUCCESS,N/A,N/A,3772
UPI2025003079,2025-09-10,16:03:50,Google Pay,P2P,Peer Transfer,1761.93,ICICI Bank,ICICI Bank,Android,4G,Patiala,SUCCESS,N/A,N/A,2328
UPI2025003080,2025-06-20,17:15:47,Paytm,P2P,Peer Transfer,338.8,Axis Bank,Union Bank of India,Android,WiFi,Bengaluru,FAILED,Bank Server Down,No,3961
UPI2025003081,2025-05-02,17:39:36,Paytm,P2M,Travel,466.64,Punjab National Bank,Punjab National Bank,Android,4G,Hyderabad,SUCCESS,N/A,N/A,1580
UPI2025003082,2025-05-08,11:28:48,Paytm,P2M,Travel,3940.92,Bank of Baroda,Union Bank of India,Android,5G,Lucknow,FAILED,Insufficient Balance,No,4730
UPI2025003083,2025-08-14,19:42:19,WhatsApp Pay,P2P,Peer Transfer,120.88,ICICI Bank,Axis Bank,Android,4G,Pune,SUCCESS,N/A,N/A,1661
UPI2025003084,2025-07-18,05:13:42,Paytm,P2M,Recharge/Bill Payment,347.75,Yes Bank,Bank of Baroda,Android,4G,Ludhiana,SUCCESS,N/A,N/A,2086
UPI2025003085,2025-07-12,11:55:31,Paytm,P2M,Utility Bill,2426.22,Union Bank of India,HDFC Bank,iOS,WiFi,Lucknow,SUCCESS,N/A,N/A,2159
UPI2025003086,2025-11-03,19:58:08,PhonePe,P2M,Entertainment,490.49,Punjab National Bank,IDBI Bank,Android,4G,Hyderabad,SUCCESS,N/A,N/A,1187
UPI2025003087,2025-04-13,18:15:02,Google Pay,P2P,Peer Transfer,7057.7,Punjab National Bank,SBI,Android,5G,Gurugram,SUCCESS,N/A,N/A,921
UPI2025003088,2025-06-01,11:27:08,WhatsApp Pay,P2P,Peer Transfer,9896.33,Yes Bank,Canara Bank,Android,4G,Chennai,SUCCESS,N/A,N/A,2677
UPI2025003089,2025-11-01,20:35:22,Amazon Pay,P2M,Grocery,3805.01,Punjab National Bank,Yes Bank,Android,4G,Ludhiana,SUCCESS,N/A,N/A,933
UPI2025003090,2025-04-09,02:10:55,PhonePe,P2P,Peer Transfer,2480.99,Bank of Baroda,IDBI Bank,Android,4G,Patiala,FAILED,Network Connectivity Issue,No,3232
UPI2025003091,2025-11-13,09:53:40,Paytm,P2P,Peer Transfer,348.35,Canara Bank,SBI,Android,WiFi,Lucknow,SUCCESS,N/A,N/A,1610
UPI2025003092,2025-12-13,18:45:30,Google Pay,P2P,Peer Transfer,35.3,HDFC Bank,Yes Bank,Android,4G,Delhi,SUCCESS,N/A,N/A,1511
UPI2025003093,2025-03-31,18:44:49,PhonePe,P2M,Education Fee,3736.8,Axis Bank,Yes Bank,iOS,4G,Hyderabad,SUCCESS,N/A,N/A,1953
UPI2025003094,2025-06-28,15:22:09,Paytm,P2P,Peer Transfer,101.68,Axis Bank,Kotak Mahindra Bank,iOS,5G,Hyderabad,SUCCESS,N/A,N/A,2454
UPI2025003095,2025-10-09,10:59:51,Google Pay,P2M,Rent,2018.64,IDBI Bank,IDBI Bank,Android,WiFi,Gurugram,SUCCESS,N/A,N/A,1974
UPI2025003096,2025-03-09,13:12:46,Google Pay,P2M,Utility Bill,397.03,IDBI Bank,Punjab National Bank,Android,4G,Bengaluru,SUCCESS,N/A,N/A,2378
UPI2025003097,2025-02-21,19:59:43,Google Pay,P2P,Peer Transfer,3357.48,SBI,ICICI Bank,iOS,4G,Chandigarh,SUCCESS,N/A,N/A,1654
UPI2025003098,2025-02-09,13:58:52,Google Pay,P2P,Peer Transfer,3410.49,SBI,Yes Bank,Android,5G,Jaipur,SUCCESS,N/A,N/A,3035
UPI2025003099,2025-05-23,07:10:35,PhonePe,P2M,Grocery,27.53,Union Bank of India,HDFC Bank,Android,WiFi,Chandigarh,SUCCESS,N/A,N/A,2155
UPI2025003100,2025-08-23,08:30:49,Paytm,P2P,Peer Transfer,15631.11,Yes Bank,Yes Bank,Android,WiFi,Gurugram,SUCCESS,N/A,N/A,2122
UPI2025003101,2025-02-22,13:59:57,PhonePe,P2P,Peer Transfer,3452.62,Canara Bank,Punjab National Bank,Android,4G,Hyderabad,FAILED,Invalid VPA / Beneficiary Not Found,No,1353
UPI2025003102,2025-12-08,13:46:50,Google Pay,P2M,Peer Transfer,320.9,Canara Bank,Union Bank of India,Android,5G,Amritsar,FAILED,PIN Retry Limit Exceeded,Yes,2259
UPI2025003103,2025-01-05,08:00:31,PhonePe,P2P,Peer Transfer,33290.8,ICICI Bank,HDFC Bank,iOS,5G,Gurugram,SUCCESS,N/A,N/A,1809
UPI2025003104,2025-12-07,15:50:24,CRED,P2M,Food Delivery,220.55,Bank of Baroda,Axis Bank,Android,4G,Pune,FAILED,Insufficient Balance,Yes,1699
UPI2025003105,2025-08-06,15:12:04,PhonePe,P2M,Peer Transfer,4598.05,Axis Bank,SBI,iOS,4G,Jalandhar,SUCCESS,N/A,N/A,1628
UPI2025003106,2025-07-01,13:53:57,Google Pay,P2P,Peer Transfer,36808.0,ICICI Bank,IndusInd Bank,Android,WiFi,Mumbai,SUCCESS,N/A,N/A,2062
UPI2025003107,2025-07-20,12:57:49,Google Pay,P2M,Medical/Pharmacy,38590.69,IDBI Bank,Canara Bank,Android,WiFi,Ludhiana,SUCCESS,N/A,N/A,2008
UPI2025003108,2025-06-09,15:01:00,PhonePe,P2P,Peer Transfer,178.89,Canara Bank,ICICI Bank,Android,5G,Mumbai,SUCCESS,N/A,N/A,1865
UPI2025003109,2025-10-20,07:37:54,Paytm,P2P,Peer Transfer,3792.97,Punjab National Bank,Bank of Baroda,Android,5G,Kolkata,SUCCESS,N/A,N/A,2076
UPI2025003110,2025-10-27,04:15:13,Google Pay,P2M,Peer Transfer,186.39,Bank of Baroda,IndusInd Bank,Android,5G,Lucknow,FAILED,Bank Server Down,No,233
UPI2025003111,2025-01-12,09:12:00,BHIM,P2P,Peer Transfer,5427.78,Union Bank of India,Union Bank of India,Android,WiFi,Ahmedabad,SUCCESS,N/A,N/A,2132
UPI2025003112,2025-06-30,11:10:50,Paytm,P2M,Grocery,3125.88,HDFC Bank,Axis Bank,Android,5G,Patiala,SUCCESS,N/A,N/A,1810
UPI2025003113,2025-05-16,14:50:31,PhonePe,P2P,Peer Transfer,187.0,Yes Bank,Union Bank of India,iOS,5G,Bengaluru,SUCCESS,N/A,N/A,1761
UPI2025003114,2025-01-17,11:53:58,PhonePe,P2P,Peer Transfer,330.72,Axis Bank,Kotak Mahindra Bank,Android,4G,Chennai,FAILED,Bank Server Down,Yes,4127
UPI2025003115,2025-07-29,20:18:49,Paytm,P2M,E-commerce,298.17,SBI,Punjab National Bank,Android,4G,Kolkata,SUCCESS,N/A,N/A,1742
UPI2025003116,2025-09-22,21:16:58,PhonePe,P2M,Fuel,269.34,HDFC Bank,Canara Bank,Android,WiFi,Jalandhar,SUCCESS,N/A,N/A,708
UPI2025003117,2025-12-18,11:27:50,Amazon Pay,P2P,Peer Transfer,267.98,IDBI Bank,Kotak Mahindra Bank,iOS,4G,Bhopal,SUCCESS,N/A,N/A,1887
UPI2025003118,2025-09-27,13:32:47,BHIM,P2P,Peer Transfer,179.13,IDBI Bank,Bank of Baroda,Android,5G,Mumbai,FAILED,Transaction Timeout,No,3980
UPI2025003119,2025-06-27,16:27:18,WhatsApp Pay,P2M,Utility Bill,312.25,Union Bank of India,Canara Bank,Android,5G,Kolkata,FAILED,Beneficiary Bank Server Down,Yes,5389
UPI2025003120,2025-03-04,11:13:56,BHIM,P2P,Peer Transfer,4779.36,Kotak Mahindra Bank,IDBI Bank,Android,5G,Chandigarh,SUCCESS,N/A,N/A,1765
UPI2025003121,2025-04-11,23:59:28,PhonePe,P2P,Peer Transfer,2542.27,Punjab National Bank,Canara Bank,Android,5G,Jalandhar,SUCCESS,N/A,N/A,1152
UPI2025003122,2025-01-27,19:53:28,PhonePe,P2M,Rent,4551.25,IndusInd Bank,ICICI Bank,iOS,4G,Delhi,SUCCESS,N/A,N/A,1237
UPI2025003123,2025-10-28,18:14:42,WhatsApp Pay,P2P,Peer Transfer,356.99,IDBI Bank,ICICI Bank,Android,4G,Noida,FAILED,Bank Server Down,No,4686
UPI2025003124,2025-03-13,23:09:54,Google Pay,P2M,Entertainment,367.0,SBI,Union Bank of India,Android,WiFi,Lucknow,SUCCESS,N/A,N/A,2152
UPI2025003125,2025-02-14,12:09:45,Google Pay,P2P,Peer Transfer,3716.25,Bank of Baroda,Kotak Mahindra Bank,Android,5G,Ludhiana,SUCCESS,N/A,N/A,2388
UPI2025003126,2025-05-10,20:51:34,Google Pay,P2P,Peer Transfer,3186.32,Yes Bank,IndusInd Bank,iOS,4G,Hyderabad,FAILED,Technical Decline by Issuer,Yes,1445
UPI2025003127,2025-09-05,12:41:12,Google Pay,P2P,Peer Transfer,1669.62,Union Bank of India,Bank of Baroda,iOS,4G,Chennai,SUCCESS,N/A,N/A,2781
UPI2025003128,2025-11-08,13:01:47,PhonePe,P2P,Peer Transfer,344.52,SBI,Kotak Mahindra Bank,Android,WiFi,Bengaluru,SUCCESS,N/A,N/A,2740
UPI2025003129,2025-11-02,10:55:28,Google Pay,P2M,Food Delivery,9193.5,SBI,Punjab National Bank,Android,5G,Ahmedabad,SUCCESS,N/A,N/A,2037
UPI2025003130,2025-04-21,09:35:28,Google Pay,P2M,Travel,454.27,IDBI Bank,Yes Bank,Android,WiFi,Chennai,SUCCESS,N/A,N/A,2016
UPI2025003131,2025-12-06,06:22:57,PhonePe,P2M,Rent,8365.85,Canara Bank,Punjab National Bank,Android,3G,Gurugram,SUCCESS,N/A,N/A,2831
UPI2025003132,2025-02-17,14:18:48,PhonePe,P2P,Peer Transfer,3532.39,Canara Bank,Punjab National Bank,Android,5G,Pune,SUCCESS,N/A,N/A,2511
UPI2025003133,2025-04-08,07:46:38,PhonePe,P2P,Peer Transfer,93.12,Canara Bank,ICICI Bank,Android,5G,Amritsar,FAILED,Insufficient Balance,Yes,1937
UPI2025003134,2025-03-26,15:37:53,BHIM,P2P,Peer Transfer,367.43,ICICI Bank,HDFC Bank,Android,4G,Bengaluru,FAILED,Duplicate Transaction Blocked,No,4356
UPI2025003135,2025-01-03,11:17:32,Google Pay,P2P,Peer Transfer,149.63,Bank of Baroda,Kotak Mahindra Bank,Android,4G,Hyderabad,FAILED,PIN Retry Limit Exceeded,No,4015
UPI2025003136,2025-05-28,12:18:20,PhonePe,P2M,Food Delivery,2941.97,IndusInd Bank,Axis Bank,Android,WiFi,Ahmedabad,SUCCESS,N/A,N/A,1269
UPI2025003137,2025-09-11,12:58:50,BHIM,P2M,Entertainment,2442.95,Canara Bank,Kotak Mahindra Bank,Android,4G,Hyderabad,SUCCESS,N/A,N/A,1810
UPI2025003138,2025-06-03,05:22:08,Google Pay,P2M,Utility Bill,493.57,Yes Bank,IDBI Bank,Android,4G,Kolkata,SUCCESS,N/A,N/A,2274
UPI2025003139,2025-12-26,09:31:23,Google Pay,P2P,Peer Transfer,203.61,IndusInd Bank,IndusInd Bank,Android,4G,Bhopal,SUCCESS,N/A,N/A,1065
UPI2025003140,2025-02-25,13:19:47,Google Pay,P2P,Peer Transfer,4488.96,ICICI Bank,SBI,Android,5G,Delhi,SUCCESS,N/A,N/A,1485
UPI2025003141,2025-08-24,09:52:34,PhonePe,P2M,Travel,309.9,Yes Bank,Axis Bank,Android,4G,Delhi,SUCCESS,N/A,N/A,232
UPI2025003142,2025-07-06,08:26:55,WhatsApp Pay,P2P,Peer Transfer,115.3,Axis Bank,IndusInd Bank,Android,WiFi,Hyderabad,SUCCESS,N/A,N/A,2767
UPI2025003143,2025-03-17,06:44:12,CRED,P2M,Food Delivery,316.35,Axis Bank,Axis Bank,Android,4G,Gurugram,SUCCESS,N/A,N/A,2524
UPI2025003144,2025-01-09,12:16:32,PhonePe,P2P,Peer Transfer,1001.97,Bank of Baroda,Union Bank of India,Android,5G,Lucknow,FAILED,Bank Server Down,Yes,4427
UPI2025003145,2025-04-18,09:38:29,WhatsApp Pay,P2M,Education Fee,2953.36,Bank of Baroda,Canara Bank,Android,4G,Chennai,SUCCESS,N/A,N/A,3476
UPI2025003146,2025-12-08,15:41:32,PhonePe,P2P,Peer Transfer,4825.76,HDFC Bank,Yes Bank,Android,4G,Patiala,SUCCESS,N/A,N/A,1233
UPI2025003147,2025-06-17,22:15:42,CRED,P2M,Medical/Pharmacy,1224.3,Union Bank of India,IDBI Bank,Android,5G,Patiala,SUCCESS,N/A,N/A,592
UPI2025003148,2025-01-27,13:34:59,Google Pay,P2M,Rent,310.51,Yes Bank,Kotak Mahindra Bank,Android,5G,Bengaluru,SUCCESS,N/A,N/A,3175
UPI2025003149,2025-12-22,18:08:16,BHIM,P2M,Travel,381.69,IndusInd Bank,Punjab National Bank,Android,4G,Jalandhar,SUCCESS,N/A,N/A,991
UPI2025003150,2025-12-10,17:34:18,Google Pay,P2M,Entertainment,11999.3,Union Bank of India,Bank of Baroda,iOS,5G,Patiala,SUCCESS,N/A,N/A,1782
UPI2025003151,2025-10-10,19:56:03,Google Pay,P2M,Entertainment,473.93,SBI,ICICI Bank,Android,5G,Delhi,SUCCESS,N/A,N/A,2218
UPI2025003152,2025-08-29,11:46:47,Paytm,P2P,Peer Transfer,10.12,ICICI Bank,SBI,iOS,5G,Bengaluru,SUCCESS,N/A,N/A,2835
UPI2025003153,2025-02-18,18:51:23,Paytm,P2M,Medical/Pharmacy,4588.01,IndusInd Bank,SBI,Android,4G,Ahmedabad,SUCCESS,N/A,N/A,906
UPI2025003154,2025-10-08,10:44:11,Google Pay,P2P,Peer Transfer,9753.93,HDFC Bank,Kotak Mahindra Bank,Android,5G,Pune,SUCCESS,N/A,N/A,1306
UPI2025003155,2025-09-21,12:33:09,Google Pay,P2P,Peer Transfer,368.17,IDBI Bank,ICICI Bank,Android,5G,Mumbai,SUCCESS,N/A,N/A,2161
UPI2025003156,2025-01-06,10:41:31,Google Pay,P2M,Food Delivery,4180.43,IndusInd Bank,Union Bank of India,Android,WiFi,Delhi,FAILED,Incorrect UPI PIN,Yes,8209
UPI2025003157,2025-10-20,21:03:31,Google Pay,P2M,Rent,89.83,SBI,IDBI Bank,iOS,WiFi,Gurugram,FAILED,Transaction Timeout,No,6916
UPI2025003158,2025-08-08,16:29:01,Google Pay,P2P,Peer Transfer,330.03,Punjab National Bank,SBI,Android,4G,Ludhiana,SUCCESS,N/A,N/A,1372
UPI2025003159,2025-02-07,17:11:15,Paytm,P2P,Peer Transfer,3321.27,IDBI Bank,IDBI Bank,iOS,WiFi,Noida,SUCCESS,N/A,N/A,3202
UPI2025003160,2025-09-07,09:27:22,PhonePe,P2P,Peer Transfer,345.15,Canara Bank,Kotak Mahindra Bank,Android,4G,Pune,SUCCESS,N/A,N/A,1188
UPI2025003161,2025-05-01,15:06:18,PhonePe,P2M,Travel,304.86,HDFC Bank,ICICI Bank,Android,4G,Pune,SUCCESS,N/A,N/A,2122
UPI2025003162,2025-11-07,18:47:55,Google Pay,P2P,Peer Transfer,123.74,Punjab National Bank,ICICI Bank,Android,4G,Mumbai,SUCCESS,N/A,N/A,200
UPI2025003163,2025-12-29,16:13:56,Google Pay,P2P,Peer Transfer,7217.61,Axis Bank,Yes Bank,Android,4G,Bhopal,SUCCESS,N/A,N/A,2943
UPI2025003164,2025-09-08,20:32:11,Amazon Pay,P2P,Peer Transfer,217.33,Canara Bank,Canara Bank,Android,WiFi,Mumbai,SUCCESS,N/A,N/A,2094
UPI2025003165,2025-08-23,19:55:02,Google Pay,P2M,Recharge/Bill Payment,250.98,HDFC Bank,IDBI Bank,iOS,4G,Pune,SUCCESS,N/A,N/A,2083
UPI2025003166,2025-11-02,12:29:42,Amazon Pay,P2P,Peer Transfer,249.7,Punjab National Bank,ICICI Bank,Android,4G,Amritsar,SUCCESS,N/A,N/A,853
UPI2025003167,2025-01-14,19:45:25,BHIM,P2P,Peer Transfer,842.45,IDBI Bank,Yes Bank,Android,4G,Hyderabad,SUCCESS,N/A,N/A,601
UPI2025003168,2025-03-15,12:56:13,PhonePe,P2P,Peer Transfer,27425.84,Punjab National Bank,Punjab National Bank,Android,WiFi,Patiala,SUCCESS,N/A,N/A,2646
UPI2025003169,2025-04-09,08:44:48,CRED,P2M,Entertainment,474.09,IDBI Bank,SBI,Android,4G,Chennai,SUCCESS,N/A,N/A,2348
UPI2025003170,2025-07-14,10:10:29,PhonePe,P2M,Entertainment,436.97,Yes Bank,Union Bank of India,iOS,4G,Noida,FAILED,Transaction Timeout,Yes,4211
UPI2025003171,2025-07-29,18:13:02,Google Pay,P2M,Utility Bill,115.6,IndusInd Bank,SBI,Android,5G,Chandigarh,SUCCESS,N/A,N/A,2114
UPI2025003172,2025-10-11,19:41:30,WhatsApp Pay,P2P,Peer Transfer,33243.11,Bank of Baroda,Punjab National Bank,Android,4G,Amritsar,SUCCESS,N/A,N/A,2610
UPI2025003173,2025-05-01,22:41:01,Google Pay,P2M,E-commerce,362.0,Punjab National Bank,Kotak Mahindra Bank,Android,4G,Jaipur,SUCCESS,N/A,N/A,661
UPI2025003174,2025-11-03,22:42:26,BHIM,P2M,Food Delivery,312.89,Union Bank of India,Punjab National Bank,Android,5G,Jalandhar,SUCCESS,N/A,N/A,3497
UPI2025003175,2025-06-30,11:13:20,CRED,P2P,Peer Transfer,3318.35,HDFC Bank,Union Bank of India,Android,WiFi,Noida,SUCCESS,N/A,N/A,986
UPI2025003176,2025-09-19,12:45:52,PhonePe,P2P,Peer Transfer,155.57,IndusInd Bank,Kotak Mahindra Bank,Android,4G,Pune,SUCCESS,N/A,N/A,1065
UPI2025003177,2025-06-23,18:09:11,PhonePe,P2P,Peer Transfer,361.59,Kotak Mahindra Bank,IDBI Bank,Android,4G,Ludhiana,SUCCESS,N/A,N/A,2388
UPI2025003178,2025-03-13,22:08:20,Google Pay,P2P,Peer Transfer,344.77,Punjab National Bank,Bank of Baroda,iOS,5G,Jalandhar,SUCCESS,N/A,N/A,2816
UPI2025003179,2025-02-20,10:25:26,Google Pay,P2P,Peer Transfer,427.26,HDFC Bank,Punjab National Bank,Android,4G,Amritsar,SUCCESS,N/A,N/A,1542
UPI2025003180,2025-07-03,05:04:14,Paytm,P2M,Recharge/Bill Payment,461.17,ICICI Bank,ICICI Bank,Android,5G,Jalandhar,SUCCESS,N/A,N/A,1945
UPI2025003181,2025-10-22,08:57:42,Google Pay,P2M,Medical/Pharmacy,27196.9,ICICI Bank,ICICI Bank,Android,5G,Ahmedabad,SUCCESS,N/A,N/A,1021
UPI2025003182,2025-12-15,08:16:01,PhonePe,P2M,Peer Transfer,155.86,Kotak Mahindra Bank,Yes Bank,Android,4G,Delhi,SUCCESS,N/A,N/A,1108
UPI2025003183,2025-07-01,15:13:42,CRED,P2P,Peer Transfer,3931.37,Punjab National Bank,Canara Bank,Android,4G,Chennai,SUCCESS,N/A,N/A,1950
UPI2025003184,2025-05-01,11:27:25,PhonePe,P2M,Travel,736.64,Punjab National Bank,IDBI Bank,iOS,WiFi,Ahmedabad,FAILED,Bank Server Down,Yes,7421
UPI2025003185,2025-09-22,18:57:46,Google Pay,P2M,Medical/Pharmacy,431.0,Bank of Baroda,Bank of Baroda,Android,4G,Noida,SUCCESS,N/A,N/A,1927
UPI2025003186,2025-05-27,12:48:54,Google Pay,P2P,Peer Transfer,40546.97,ICICI Bank,Bank of Baroda,Android,5G,Ahmedabad,SUCCESS,N/A,N/A,2931
UPI2025003187,2025-12-09,13:34:52,Paytm,P2P,Peer Transfer,116.94,IDBI Bank,ICICI Bank,Android,5G,Chennai,FAILED,Network Connectivity Issue,No,3387
UPI2025003188,2025-04-09,16:56:56,CRED,P2P,Peer Transfer,405.98,Kotak Mahindra Bank,Kotak Mahindra Bank,Android,WiFi,Ahmedabad,SUCCESS,N/A,N/A,2265
UPI2025003189,2025-10-16,12:34:03,CRED,P2P,Peer Transfer,3352.34,Union Bank of India,Kotak Mahindra Bank,Android,4G,Gurugram,SUCCESS,N/A,N/A,2739
UPI2025003190,2025-07-02,21:39:10,Google Pay,P2M,Fuel,40.5,Punjab National Bank,IndusInd Bank,iOS,WiFi,Lucknow,FAILED,PIN Retry Limit Exceeded,No,11357
UPI2025003191,2025-05-06,13:05:14,Paytm,P2M,Education Fee,403.75,Punjab National Bank,SBI,Android,5G,Bengaluru,SUCCESS,N/A,N/A,2142
UPI2025003192,2025-07-31,03:25:37,Paytm,P2P,Peer Transfer,4525.51,Punjab National Bank,Canara Bank,Android,4G,Jalandhar,SUCCESS,N/A,N/A,3181
UPI2025003193,2025-07-11,16:50:15,Paytm,P2M,Food Delivery,34165.31,IndusInd Bank,Union Bank of India,Android,WiFi,Amritsar,SUCCESS,N/A,N/A,242
UPI2025003194,2025-01-11,06:13:06,PhonePe,P2P,Peer Transfer,200.33,Bank of Baroda,ICICI Bank,Android,4G,Bengaluru,SUCCESS,N/A,N/A,1100
UPI2025003195,2025-03-25,06:12:15,BHIM,P2M,E-commerce,3148.0,Kotak Mahindra Bank,Yes Bank,Android,4G,Ludhiana,SUCCESS,N/A,N/A,1322
UPI2025003196,2025-03-10,06:31:02,Google Pay,P2M,Travel,484.93,HDFC Bank,Union Bank of India,Android,4G,Bengaluru,FAILED,Bank Server Down,Yes,4693
UPI2025003197,2025-11-26,21:06:42,Paytm,P2P,Peer Transfer,7050.76,Canara Bank,Yes Bank,iOS,5G,Ludhiana,FAILED,Insufficient Balance,Yes,8210
UPI2025003198,2025-08-14,16:48:47,Google Pay,P2M,E-commerce,44717.25,Canara Bank,Kotak Mahindra Bank,iOS,4G,Ahmedabad,SUCCESS,N/A,N/A,2140
UPI2025003199,2025-07-25,10:13:50,BHIM,P2P,Peer Transfer,225.14,Canara Bank,HDFC Bank,Android,4G,Noida,SUCCESS,N/A,N/A,2841
UPI2025003200,2025-08-29,07:29:40,Google Pay,P2M,Grocery,453.87,IDBI Bank,IDBI Bank,Android,4G,Amritsar,SUCCESS,N/A,N/A,2813
UPI2025003201,2025-11-24,10:02:39,Google Pay,P2P,Peer Transfer,780.1,IDBI Bank,IDBI Bank,iOS,5G,Jalandhar,SUCCESS,N/A,N/A,1921
UPI2025003202,2025-10-05,15:07:11,BHIM,P2P,Peer Transfer,109.96,ICICI Bank,HDFC Bank,Android,4G,Jalandhar,FAILED,Daily Transaction Limit Exceeded,Yes,1605
UPI2025003203,2025-02-23,17:48:22,Google Pay,P2P,Peer Transfer,297.8,Canara Bank,Kotak Mahindra Bank,Android,WiFi,Amritsar,FAILED,Insufficient Balance,Yes,3702
UPI2025003204,2025-08-08,12:18:10,PhonePe,P2P,Peer Transfer,290.95,IDBI Bank,Axis Bank,Android,5G,Bengaluru,SUCCESS,N/A,N/A,1869
UPI2025003205,2025-02-02,12:32:07,Google Pay,P2M,Rent,3525.14,Kotak Mahindra Bank,Canara Bank,Android,5G,Ludhiana,FAILED,Insufficient Balance,Yes,5595
UPI2025003206,2025-06-04,20:48:10,PhonePe,P2P,Peer Transfer,3553.82,Axis Bank,SBI,Android,5G,Mumbai,SUCCESS,N/A,N/A,2453
UPI2025003207,2025-11-10,21:21:13,Paytm,P2M,Grocery,170.59,SBI,Punjab National Bank,Android,4G,Gurugram,SUCCESS,N/A,N/A,1941
UPI2025003208,2025-01-29,05:21:01,PhonePe,P2P,Peer Transfer,356.05,Bank of Baroda,SBI,Android,4G,Ahmedabad,SUCCESS,N/A,N/A,1861
UPI2025003209,2025-07-10,13:14:50,PhonePe,P2P,Peer Transfer,415.23,Punjab National Bank,Kotak Mahindra Bank,Android,5G,Bhopal,SUCCESS,N/A,N/A,1363
UPI2025003210,2025-03-30,23:41:28,PhonePe,P2M,Medical/Pharmacy,195.59,Yes Bank,Punjab National Bank,iOS,4G,Kolkata,SUCCESS,N/A,N/A,327
UPI2025003211,2025-01-04,06:57:10,PhonePe,P2M,Entertainment,35164.4,Canara Bank,Yes Bank,Android,5G,Bhopal,FAILED,Insufficient Balance,No,9166
UPI2025003212,2025-08-01,20:08:00,PhonePe,P2P,Peer Transfer,54.77,HDFC Bank,ICICI Bank,Android,4G,Jalandhar,SUCCESS,N/A,N/A,2163
UPI2025003213,2025-07-27,03:56:39,PhonePe,P2P,Peer Transfer,257.01,Bank of Baroda,SBI,Android,4G,Mumbai,SUCCESS,N/A,N/A,200
UPI2025003214,2025-09-05,17:17:54,WhatsApp Pay,P2P,Peer Transfer,486.63,HDFC Bank,IDBI Bank,Android,4G,Bhopal,SUCCESS,N/A,N/A,2950
UPI2025003215,2025-11-12,19:36:27,Amazon Pay,P2M,Utility Bill,2852.72,Union Bank of India,Kotak Mahindra Bank,Android,4G,Hyderabad,SUCCESS,N/A,N/A,2702
UPI2025003216,2025-06-23,18:38:01,Google Pay,P2M,E-commerce,2129.25,Punjab National Bank,Union Bank of India,Android,5G,Bengaluru,SUCCESS,N/A,N/A,2938
UPI2025003217,2025-12-21,07:48:54,Google Pay,P2P,Peer Transfer,149.92,Bank of Baroda,IDBI Bank,Android,4G,Chennai,SUCCESS,N/A,N/A,1295
UPI2025003218,2025-01-28,16:21:08,Google Pay,P2P,Peer Transfer,670.77,Kotak Mahindra Bank,IDBI Bank,Android,5G,Bengaluru,SUCCESS,N/A,N/A,1642
UPI2025003219,2025-04-30,11:59:57,PhonePe,P2P,Peer Transfer,471.43,Canara Bank,SBI,Android,4G,Ludhiana,SUCCESS,N/A,N/A,200
UPI2025003220,2025-05-16,22:19:28,PhonePe,P2P,Peer Transfer,479.25,ICICI Bank,Canara Bank,Android,WiFi,Chandigarh,FAILED,Technical Decline by Issuer,No,3349
UPI2025003221,2025-09-08,17:34:17,PhonePe,P2M,Medical/Pharmacy,24128.07,Union Bank of India,Canara Bank,Android,5G,Chennai,SUCCESS,N/A,N/A,1330
UPI2025003222,2025-08-29,16:12:13,Paytm,P2P,Peer Transfer,40.98,Bank of Baroda,IDBI Bank,Android,4G,Hyderabad,FAILED,Network Connectivity Issue,Yes,3005
UPI2025003223,2025-07-15,12:27:12,Paytm,P2M,Fuel,90.27,Union Bank of India,Punjab National Bank,Android,4G,Chennai,SUCCESS,N/A,N/A,1056
UPI2025003224,2025-08-05,10:46:48,PhonePe,P2P,Peer Transfer,439.03,Yes Bank,Bank of Baroda,Android,4G,Bhopal,SUCCESS,N/A,N/A,1019
UPI2025003225,2025-06-26,12:50:09,PhonePe,P2M,Fuel,188.93,Bank of Baroda,Axis Bank,iOS,WiFi,Amritsar,FAILED,Insufficient Balance,Yes,4050
UPI2025003226,2025-04-06,10:03:07,Google Pay,P2P,Peer Transfer,33963.86,ICICI Bank,HDFC Bank,Android,4G,Kolkata,FAILED,NPCI Server Error,Yes,3245
UPI2025003227,2025-03-08,19:33:35,PhonePe,P2P,Peer Transfer,489.33,Axis Bank,Axis Bank,Android,4G,Lucknow,SUCCESS,N/A,N/A,3042
UPI2025003228,2025-10-06,07:58:56,Paytm,P2P,Peer Transfer,3478.2,Punjab National Bank,Axis Bank,Android,4G,Mumbai,FAILED,Bank Server Down,No,5618
UPI2025003229,2025-04-13,11:36:21,PhonePe,P2M,Food Delivery,271.66,Punjab National Bank,ICICI Bank,Android,5G,Ahmedabad,FAILED,Transaction Timeout,Yes,6355
UPI2025003230,2025-04-03,14:57:23,Google Pay,P2P,Peer Transfer,4718.03,IndusInd Bank,HDFC Bank,iOS,4G,Noida,SUCCESS,N/A,N/A,1232
UPI2025003231,2025-03-09,20:42:24,Google Pay,P2M,Entertainment,4566.12,IndusInd Bank,IndusInd Bank,Android,4G,Jalandhar,SUCCESS,N/A,N/A,1273
UPI2025003232,2025-09-11,20:39:33,Amazon Pay,P2M,Food Delivery,477.53,Bank of Baroda,Yes Bank,Android,WiFi,Delhi,SUCCESS,N/A,N/A,2856
UPI2025003233,2025-11-11,07:23:41,Google Pay,P2M,Entertainment,45048.41,Union Bank of India,Axis Bank,iOS,4G,Pune,FAILED,PIN Retry Limit Exceeded,No,4396
UPI2025003234,2025-08-05,09:20:47,Google Pay,P2M,Food Delivery,278.68,HDFC Bank,SBI,Android,4G,Ahmedabad,SUCCESS,N/A,N/A,1105
UPI2025003235,2025-04-03,18:34:40,Paytm,P2P,Peer Transfer,272.67,Kotak Mahindra Bank,ICICI Bank,Android,3G,Mumbai,SUCCESS,N/A,N/A,2310
UPI2025003236,2025-09-03,13:27:26,Paytm,P2P,Peer Transfer,2522.01,IndusInd Bank,Kotak Mahindra Bank,Android,WiFi,Patiala,SUCCESS,N/A,N/A,2694
UPI2025003237,2025-06-23,20:38:06,Amazon Pay,P2P,Peer Transfer,2215.14,ICICI Bank,HDFC Bank,Android,WiFi,Delhi,SUCCESS,N/A,N/A,979
UPI2025003238,2025-01-04,13:54:49,Google Pay,P2M,Food Delivery,152.83,HDFC Bank,Bank of Baroda,Android,4G,Ludhiana,FAILED,Payer Account Frozen/Inactive,Yes,5018
UPI2025003239,2025-01-18,00:16:48,Google Pay,P2M,Peer Transfer,356.7,Canara Bank,ICICI Bank,Android,WiFi,Gurugram,SUCCESS,N/A,N/A,1429
UPI2025003240,2025-09-06,08:59:11,Google Pay,P2P,Peer Transfer,1926.9,Kotak Mahindra Bank,HDFC Bank,Android,5G,Chandigarh,SUCCESS,N/A,N/A,1775
UPI2025003241,2025-11-27,13:25:48,PhonePe,P2M,Entertainment,334.09,IndusInd Bank,Yes Bank,Android,4G,Delhi,SUCCESS,N/A,N/A,2640
UPI2025003242,2025-09-09,06:05:17,BHIM,P2P,Peer Transfer,246.92,ICICI Bank,Punjab National Bank,Android,4G,Noida,FAILED,Invalid VPA / Beneficiary Not Found,Yes,3635
UPI2025003243,2025-06-14,06:22:37,PhonePe,P2M,Medical/Pharmacy,488.89,Union Bank of India,IDBI Bank,Android,5G,Hyderabad,SUCCESS,N/A,N/A,2431
UPI2025003244,2025-05-06,17:44:27,Google Pay,P2M,Education Fee,30684.6,Canara Bank,IDBI Bank,Android,4G,Kolkata,SUCCESS,N/A,N/A,978
UPI2025003245,2025-07-05,15:42:52,PhonePe,P2P,Peer Transfer,267.83,Union Bank of India,Axis Bank,Android,5G,Bengaluru,FAILED,Transaction Timeout,No,2781
UPI2025003246,2025-10-11,17:06:20,Google Pay,P2M,E-commerce,240.0,Punjab National Bank,Axis Bank,Android,WiFi,Ludhiana,SUCCESS,N/A,N/A,1824
UPI2025003247,2025-07-26,12:35:40,PhonePe,P2P,Peer Transfer,119.86,Yes Bank,Kotak Mahindra Bank,Android,5G,Jalandhar,SUCCESS,N/A,N/A,2034
UPI2025003248,2025-09-20,13:58:25,Google Pay,P2M,Recharge/Bill Payment,4810.16,Canara Bank,Bank of Baroda,Android,4G,Ahmedabad,FAILED,Insufficient Balance,Yes,7135
UPI2025003249,2025-05-01,19:18:58,Google Pay,P2M,Medical/Pharmacy,183.46,SBI,ICICI Bank,Android,4G,Lucknow,SUCCESS,N/A,N/A,445
UPI2025003250,2025-08-24,16:20:25,PhonePe,P2M,Utility Bill,38268.03,Bank of Baroda,ICICI Bank,Android,WiFi,Kolkata,FAILED,Bank Server Down,No,5303
UPI2025003251,2025-12-24,17:23:49,Paytm,P2P,Peer Transfer,9636.67,Canara Bank,Axis Bank,iOS,5G,Lucknow,SUCCESS,N/A,N/A,3096
UPI2025003252,2025-10-19,08:04:10,Google Pay,P2M,Fuel,28812.85,Bank of Baroda,IDBI Bank,Android,WiFi,Delhi,FAILED,Beneficiary Bank Server Down,Yes,5204
UPI2025003253,2025-03-07,19:54:30,PhonePe,P2M,Peer Transfer,53.92,Yes Bank,ICICI Bank,Android,WiFi,Patiala,SUCCESS,N/A,N/A,1056
UPI2025003254,2025-03-04,09:39:25,PhonePe,P2M,Peer Transfer,661.14,Yes Bank,IndusInd Bank,Android,4G,Pune,SUCCESS,N/A,N/A,2483
UPI2025003255,2025-05-12,10:28:00,Google Pay,P2P,Peer Transfer,2086.38,Punjab National Bank,HDFC Bank,Android,WiFi,Ahmedabad,FAILED,Transaction Timeout,Yes,5361
UPI2025003256,2025-12-12,11:53:44,PhonePe,P2M,Utility Bill,4229.13,HDFC Bank,IDBI Bank,iOS,WiFi,Jaipur,SUCCESS,N/A,N/A,2012
UPI2025003257,2025-05-10,08:18:26,Google Pay,P2P,Peer Transfer,219.21,ICICI Bank,IDBI Bank,Android,4G,Gurugram,SUCCESS,N/A,N/A,1586
UPI2025003258,2025-01-09,12:15:13,Google Pay,P2P,Peer Transfer,276.43,Kotak Mahindra Bank,HDFC Bank,Android,5G,Jalandhar,SUCCESS,N/A,N/A,1374
UPI2025003259,2025-07-22,09:24:57,PhonePe,P2M,Rent,93.21,IndusInd Bank,Axis Bank,Android,4G,Mumbai,SUCCESS,N/A,N/A,1408
UPI2025003260,2025-11-09,20:24:03,CRED,P2M,E-commerce,210.94,Axis Bank,IDBI Bank,Android,WiFi,Ahmedabad,SUCCESS,N/A,N/A,1012
UPI2025003261,2025-07-25,17:15:26,Paytm,P2M,Utility Bill,49471.12,Kotak Mahindra Bank,SBI,Android,5G,Jalandhar,FAILED,Beneficiary Bank Server Down,No,8062
UPI2025003262,2025-01-19,18:43:58,Google Pay,P2M,Entertainment,36492.29,IndusInd Bank,Axis Bank,Android,5G,Patiala,SUCCESS,N/A,N/A,2309
UPI2025003263,2025-06-27,18:29:15,BHIM,P2P,Peer Transfer,3363.36,Bank of Baroda,Canara Bank,Android,4G,Delhi,FAILED,NPCI Server Error,Yes,2728
UPI2025003264,2025-08-27,11:55:44,Google Pay,P2M,Food Delivery,191.92,Bank of Baroda,IDBI Bank,iOS,4G,Jalandhar,SUCCESS,N/A,N/A,2498
UPI2025003265,2025-05-25,09:52:03,PhonePe,P2P,Peer Transfer,498.61,IDBI Bank,ICICI Bank,Android,5G,Mumbai,FAILED,Daily Transaction Limit Exceeded,No,5280
UPI2025003266,2025-05-01,22:33:20,PhonePe,P2P,Peer Transfer,1824.94,SBI,Canara Bank,Android,4G,Chandigarh,SUCCESS,N/A,N/A,2811
UPI2025003267,2025-06-14,01:28:18,Paytm,P2M,Rent,45422.27,Bank of Baroda,Yes Bank,iOS,4G,Gurugram,SUCCESS,N/A,N/A,1327
UPI2025003268,2025-03-03,07:59:57,CRED,P2M,Rent,219.44,Punjab National Bank,Union Bank of India,iOS,5G,Chennai,SUCCESS,N/A,N/A,2485
UPI2025003269,2025-11-21,20:29:15,Google Pay,P2P,Peer Transfer,11.99,IndusInd Bank,Punjab National Bank,Android,WiFi,Amritsar,SUCCESS,N/A,N/A,2377
UPI2025003270,2025-09-16,03:14:47,Paytm,P2M,Entertainment,487.9,Bank of Baroda,Union Bank of India,Android,4G,Lucknow,SUCCESS,N/A,N/A,2254
UPI2025003271,2025-07-28,10:49:35,PhonePe,P2M,Rent,23413.52,HDFC Bank,IndusInd Bank,Android,WiFi,Lucknow,SUCCESS,N/A,N/A,2339
UPI2025003272,2025-05-30,17:21:39,PhonePe,P2M,Fuel,182.72,IDBI Bank,IDBI Bank,Android,WiFi,Ahmedabad,SUCCESS,N/A,N/A,1025
UPI2025003273,2025-06-17,10:20:09,Google Pay,P2P,Peer Transfer,2898.69,IndusInd Bank,SBI,Android,4G,Ahmedabad,SUCCESS,N/A,N/A,3304
UPI2025003274,2025-12-07,20:47:33,PhonePe,P2P,Peer Transfer,215.07,Union Bank of India,Bank of Baroda,Android,4G,Mumbai,SUCCESS,N/A,N/A,2247
UPI2025003275,2025-07-02,18:38:43,PhonePe,P2M,Fuel,2606.46,SBI,HDFC Bank,Android,WiFi,Pune,SUCCESS,N/A,N/A,1253
UPI2025003276,2025-02-25,18:21:57,Google Pay,P2M,Grocery,314.81,ICICI Bank,Union Bank of India,Android,4G,Mumbai,SUCCESS,N/A,N/A,2184
UPI2025003277,2025-12-16,17:53:40,PhonePe,P2M,Grocery,74.92,Punjab National Bank,IDBI Bank,Android,4G,Bengaluru,SUCCESS,N/A,N/A,1835
UPI2025003278,2025-04-26,01:31:37,PhonePe,P2P,Peer Transfer,462.38,Yes Bank,IDBI Bank,iOS,4G,Kolkata,SUCCESS,N/A,N/A,1359
UPI2025003279,2025-07-09,12:41:11,Paytm,P2M,Recharge/Bill Payment,288.47,IDBI Bank,Yes Bank,Android,WiFi,Noida,SUCCESS,N/A,N/A,3435
UPI2025003280,2025-07-15,11:05:22,Paytm,P2P,Peer Transfer,3925.45,Kotak Mahindra Bank,Kotak Mahindra Bank,Android,4G,Chennai,FAILED,Bank Server Down,No,7195
UPI2025003281,2025-09-21,13:55:26,PhonePe,P2M,Peer Transfer,39925.85,IndusInd Bank,Punjab National Bank,Android,WiFi,Pune,SUCCESS,N/A,N/A,1862
UPI2025003282,2025-06-08,16:21:36,Amazon Pay,P2M,Food Delivery,1514.27,Bank of Baroda,HDFC Bank,iOS,4G,Jalandhar,SUCCESS,N/A,N/A,1064
UPI2025003283,2025-06-11,23:11:08,Google Pay,P2P,Peer Transfer,41894.7,Bank of Baroda,HDFC Bank,Android,5G,Mumbai,SUCCESS,N/A,N/A,2125
UPI2025003284,2025-02-01,21:41:45,PhonePe,P2M,Fuel,2006.73,IndusInd Bank,Canara Bank,Android,WiFi,Jaipur,SUCCESS,N/A,N/A,699
UPI2025003285,2025-08-03,11:30:36,Paytm,P2M,Travel,4862.3,Union Bank of India,Yes Bank,Android,4G,Patiala,SUCCESS,N/A,N/A,1267
UPI2025003286,2025-01-23,12:31:40,Google Pay,P2P,Peer Transfer,378.29,IDBI Bank,Axis Bank,iOS,3G,Amritsar,SUCCESS,N/A,N/A,3049
UPI2025003287,2025-11-13,15:05:27,Google Pay,P2M,Recharge/Bill Payment,153.25,Axis Bank,SBI,Android,4G,Ludhiana,FAILED,Bank Server Down,No,6826
UPI2025003288,2025-10-20,16:36:52,PhonePe,P2P,Peer Transfer,266.36,Kotak Mahindra Bank,Axis Bank,Android,4G,Gurugram,SUCCESS,N/A,N/A,1777
UPI2025003289,2025-05-15,10:24:00,PhonePe,P2P,Peer Transfer,262.71,ICICI Bank,ICICI Bank,Android,4G,Noida,FAILED,Invalid VPA / Beneficiary Not Found,Yes,1473
UPI2025003290,2025-05-26,12:46:18,Google Pay,P2P,Peer Transfer,201.96,IndusInd Bank,Union Bank of India,Android,WiFi,Ludhiana,SUCCESS,N/A,N/A,625
UPI2025003291,2025-10-03,03:54:47,Google Pay,P2P,Peer Transfer,315.71,Axis Bank,SBI,Android,WiFi,Amritsar,SUCCESS,N/A,N/A,3008
UPI2025003292,2025-04-29,19:24:13,Paytm,P2M,E-commerce,4474.29,Bank of Baroda,ICICI Bank,Android,WiFi,Mumbai,FAILED,Beneficiary Bank Server Down,No,4038
UPI2025003293,2025-01-05,22:53:34,Google Pay,P2M,Peer Transfer,4179.12,Kotak Mahindra Bank,Yes Bank,Android,5G,Patiala,SUCCESS,N/A,N/A,3202
UPI2025003294,2025-09-14,06:21:12,Amazon Pay,P2M,Food Delivery,40.41,Yes Bank,HDFC Bank,Android,4G,Mumbai,SUCCESS,N/A,N/A,200
UPI2025003295,2025-11-05,16:51:13,Paytm,P2P,Peer Transfer,93.01,Kotak Mahindra Bank,Kotak Mahindra Bank,Android,5G,Ahmedabad,SUCCESS,N/A,N/A,3380
UPI2025003296,2025-07-16,06:15:10,PhonePe,P2P,Peer Transfer,2776.67,Bank of Baroda,IndusInd Bank,Android,4G,Noida,SUCCESS,N/A,N/A,3191
UPI2025003297,2025-10-06,09:42:38,Google Pay,P2P,Peer Transfer,254.33,SBI,Axis Bank,Android,5G,Jalandhar,SUCCESS,N/A,N/A,1481
UPI2025003298,2025-02-11,17:09:45,Google Pay,P2M,Entertainment,257.03,Bank of Baroda,ICICI Bank,iOS,4G,Chennai,SUCCESS,N/A,N/A,1876
UPI2025003299,2025-08-15,16:03:52,BHIM,P2P,Peer Transfer,1713.73,IDBI Bank,Axis Bank,Android,5G,Delhi,SUCCESS,N/A,N/A,2616
UPI2025003300,2025-01-27,08:54:49,PhonePe,P2M,Peer Transfer,1655.14,ICICI Bank,Punjab National Bank,Android,5G,Mumbai,SUCCESS,N/A,N/A,2781
UPI2025003301,2025-03-04,19:38:32,Google Pay,P2M,Rent,225.49,Union Bank of India,ICICI Bank,Android,4G,Chennai,SUCCESS,N/A,N/A,2444
UPI2025003302,2025-06-10,10:05:15,PhonePe,P2M,Entertainment,331.36,HDFC Bank,Kotak Mahindra Bank,Android,4G,Gurugram,SUCCESS,N/A,N/A,2620
UPI2025003303,2025-03-06,22:45:51,Paytm,P2M,Utility Bill,1525.15,HDFC Bank,IndusInd Bank,Android,WiFi,Ludhiana,SUCCESS,N/A,N/A,474
UPI2025003304,2025-02-20,15:35:54,Google Pay,P2M,Rent,40772.79,Punjab National Bank,Axis Bank,Android,5G,Kolkata,SUCCESS,N/A,N/A,2116
UPI2025003305,2025-11-20,19:26:55,PhonePe,P2M,Education Fee,366.28,IDBI Bank,Axis Bank,iOS,4G,Kolkata,FAILED,Invalid VPA / Beneficiary Not Found,No,3254
UPI2025003306,2025-01-14,17:37:54,Google Pay,P2P,Peer Transfer,3567.64,Bank of Baroda,IndusInd Bank,Android,4G,Jalandhar,FAILED,Incorrect UPI PIN,No,2397
UPI2025003307,2025-10-15,18:23:59,Paytm,P2M,Food Delivery,185.99,Axis Bank,Kotak Mahindra Bank,Android,4G,Chandigarh,SUCCESS,N/A,N/A,2651
UPI2025003308,2025-01-12,13:06:35,Paytm,P2P,Peer Transfer,2754.49,Yes Bank,Axis Bank,Android,5G,Delhi,SUCCESS,N/A,N/A,2538
UPI2025003309,2025-06-20,08:42:08,Google Pay,P2M,Education Fee,315.02,Axis Bank,Yes Bank,iOS,4G,Mumbai,FAILED,Invalid VPA / Beneficiary Not Found,No,5624
UPI2025003310,2025-06-15,12:30:27,CRED,P2M,E-commerce,23360.64,Canara Bank,ICICI Bank,Android,4G,Hyderabad,SUCCESS,N/A,N/A,2151
UPI2025003311,2025-12-14,12:26:30,Google Pay,P2M,Rent,12248.34,Yes Bank,HDFC Bank,Android,4G,Kolkata,SUCCESS,N/A,N/A,2719
UPI2025003312,2025-04-22,19:54:12,PhonePe,P2P,Peer Transfer,3935.38,Canara Bank,Canara Bank,Android,WiFi,Jalandhar,SUCCESS,N/A,N/A,2540
UPI2025003313,2025-01-30,12:46:38,Google Pay,P2P,Peer Transfer,153.04,IDBI Bank,Bank of Baroda,Android,5G,Bhopal,SUCCESS,N/A,N/A,1141
UPI2025003314,2025-04-04,18:03:48,PhonePe,P2P,Peer Transfer,8445.59,Union Bank of India,Kotak Mahindra Bank,Android,4G,Jalandhar,SUCCESS,N/A,N/A,681
UPI2025003315,2025-02-23,22:51:11,PhonePe,P2P,Peer Transfer,2285.34,Kotak Mahindra Bank,ICICI Bank,iOS,WiFi,Delhi,SUCCESS,N/A,N/A,1617
UPI2025003316,2025-08-07,11:03:19,Google Pay,P2P,Peer Transfer,82.35,HDFC Bank,Punjab National Bank,iOS,5G,Chennai,SUCCESS,N/A,N/A,1750
UPI2025003317,2025-01-06,04:04:58,PhonePe,P2P,Peer Transfer,462.54,SBI,SBI,Android,WiFi,Hyderabad,SUCCESS,N/A,N/A,1766
UPI2025003318,2025-12-23,18:14:40,Google Pay,P2P,Peer Transfer,24748.15,Canara Bank,Punjab National Bank,Android,5G,Delhi,SUCCESS,N/A,N/A,1043
UPI2025003319,2025-04-18,07:06:36,PhonePe,P2P,Peer Transfer,272.02,IndusInd Bank,Kotak Mahindra Bank,Android,4G,Jalandhar,SUCCESS,N/A,N/A,1476
UPI2025003320,2025-05-16,11:59:42,PhonePe,P2M,Recharge/Bill Payment,78.42,Punjab National Bank,Yes Bank,Android,4G,Mumbai,SUCCESS,N/A,N/A,1577
UPI2025003321,2025-08-15,17:12:48,PhonePe,P2P,Peer Transfer,491.42,Punjab National Bank,IDBI Bank,Android,5G,Ahmedabad,FAILED,Insufficient Balance,No,5100
UPI2025003322,2025-08-30,16:52:37,Google Pay,P2M,Recharge/Bill Payment,473.85,Yes Bank,Axis Bank,Android,5G,Chennai,SUCCESS,N/A,N/A,200
UPI2025003323,2025-07-01,12:27:02,CRED,P2M,Education Fee,81.41,Kotak Mahindra Bank,ICICI Bank,Android,4G,Mumbai,SUCCESS,N/A,N/A,3876
UPI2025003324,2025-10-31,21:19:01,Paytm,P2M,Entertainment,216.71,IndusInd Bank,IndusInd Bank,Android,5G,Ahmedabad,SUCCESS,N/A,N/A,1130
UPI2025003325,2025-09-29,17:01:33,Google Pay,P2P,Peer Transfer,391.5,Axis Bank,Kotak Mahindra Bank,Android,5G,Jalandhar,SUCCESS,N/A,N/A,2536
UPI2025003326,2025-12-05,17:28:45,Google Pay,P2P,Peer Transfer,1154.4,Kotak Mahindra Bank,Kotak Mahindra Bank,Android,4G,Bengaluru,SUCCESS,N/A,N/A,1535
UPI2025003327,2025-04-30,15:35:20,Google Pay,P2P,Peer Transfer,353.02,Axis Bank,HDFC Bank,Android,4G,Kolkata,SUCCESS,N/A,N/A,3134
UPI2025003328,2025-06-24,12:28:31,Google Pay,P2M,Utility Bill,426.75,ICICI Bank,IDBI Bank,Android,5G,Delhi,SUCCESS,N/A,N/A,200
UPI2025003329,2025-01-23,21:33:28,Google Pay,P2P,Peer Transfer,461.73,Canara Bank,Punjab National Bank,Android,WiFi,Amritsar,SUCCESS,N/A,N/A,3997
UPI2025003330,2025-11-21,01:26:00,PhonePe,P2P,Peer Transfer,244.93,Canara Bank,Union Bank of India,Android,5G,Hyderabad,SUCCESS,N/A,N/A,1378
UPI2025003331,2025-07-03,17:11:24,PhonePe,P2P,Peer Transfer,845.33,Canara Bank,HDFC Bank,Android,5G,Patiala,SUCCESS,N/A,N/A,3549
UPI2025003332,2025-04-11,17:06:44,Paytm,P2P,Peer Transfer,94.65,Bank of Baroda,Axis Bank,Android,4G,Ahmedabad,SUCCESS,N/A,N/A,1849
UPI2025003333,2025-04-26,17:52:33,PhonePe,P2M,Utility Bill,35138.56,Bank of Baroda,ICICI Bank,iOS,5G,Delhi,SUCCESS,N/A,N/A,2058
UPI2025003334,2025-11-14,14:06:48,Amazon Pay,P2M,Entertainment,466.98,HDFC Bank,Bank of Baroda,iOS,WiFi,Bhopal,SUCCESS,N/A,N/A,3307
UPI2025003335,2025-01-29,11:27:18,Paytm,P2M,Grocery,210.89,Canara Bank,SBI,Android,WiFi,Bhopal,FAILED,Transaction Timeout,Yes,5497
UPI2025003336,2025-10-13,09:04:55,PhonePe,P2P,Peer Transfer,443.12,Punjab National Bank,Kotak Mahindra Bank,Android,WiFi,Kolkata,SUCCESS,N/A,N/A,2047
UPI2025003337,2025-06-16,05:58:40,Google Pay,P2P,Peer Transfer,4578.2,IDBI Bank,Bank of Baroda,Android,WiFi,Bhopal,SUCCESS,N/A,N/A,1666
UPI2025003338,2025-04-05,11:56:23,Google Pay,P2P,Peer Transfer,30293.52,Bank of Baroda,Canara Bank,Android,WiFi,Kolkata,SUCCESS,N/A,N/A,2232
UPI2025003339,2025-11-28,15:40:08,PhonePe,P2P,Peer Transfer,233.3,Union Bank of India,Union Bank of India,Android,WiFi,Hyderabad,SUCCESS,N/A,N/A,1932
UPI2025003340,2025-10-14,20:09:29,Google Pay,P2P,Peer Transfer,985.21,HDFC Bank,Yes Bank,Android,WiFi,Gurugram,SUCCESS,N/A,N/A,2823
UPI2025003341,2025-05-27,15:29:47,Google Pay,P2M,E-commerce,461.43,Kotak Mahindra Bank,IDBI Bank,Android,4G,Bhopal,SUCCESS,N/A,N/A,1901
UPI2025003342,2025-04-19,13:48:28,Paytm,P2P,Peer Transfer,324.07,IDBI Bank,ICICI Bank,Android,3G,Jalandhar,SUCCESS,N/A,N/A,1842
UPI2025003343,2025-11-06,16:11:46,PhonePe,P2M,Rent,3209.22,Punjab National Bank,HDFC Bank,iOS,WiFi,Pune,FAILED,Invalid VPA / Beneficiary Not Found,Yes,5833
UPI2025003344,2025-12-31,18:54:25,Google Pay,P2M,Rent,464.32,Axis Bank,Yes Bank,Android,5G,Hyderabad,SUCCESS,N/A,N/A,2406
UPI2025003345,2025-04-19,06:34:39,Google Pay,P2M,E-commerce,234.97,Union Bank of India,Union Bank of India,Android,WiFi,Delhi,SUCCESS,N/A,N/A,1916
UPI2025003346,2025-05-15,12:01:12,Amazon Pay,P2P,Peer Transfer,2160.04,ICICI Bank,Union Bank of India,Android,4G,Ahmedabad,SUCCESS,N/A,N/A,1581
UPI2025003347,2025-01-04,11:28:37,BHIM,P2P,Peer Transfer,167.3,Union Bank of India,Kotak Mahindra Bank,Android,WiFi,Gurugram,SUCCESS,N/A,N/A,3044
UPI2025003348,2025-06-19,17:05:12,Google Pay,P2P,Peer Transfer,142.9,IDBI Bank,Bank of Baroda,Android,WiFi,Patiala,SUCCESS,N/A,N/A,590
UPI2025003349,2025-05-02,12:40:13,Google Pay,P2M,Education Fee,393.4,Kotak Mahindra Bank,SBI,iOS,WiFi,Amritsar,FAILED,Transaction Timeout,No,5428
UPI2025003350,2025-07-31,13:33:38,Paytm,P2P,Peer Transfer,170.36,Yes Bank,Punjab National Bank,iOS,5G,Jaipur,FAILED,Bank Server Down,Yes,5635
UPI2025003351,2025-11-27,15:24:02,Google Pay,P2P,Peer Transfer,19.18,ICICI Bank,IDBI Bank,iOS,5G,Ludhiana,SUCCESS,N/A,N/A,461
UPI2025003352,2025-03-22,17:25:19,PhonePe,P2M,Utility Bill,32.21,Union Bank of India,Punjab National Bank,Android,5G,Mumbai,SUCCESS,N/A,N/A,200
UPI2025003353,2025-04-04,10:41:45,Google Pay,P2P,Peer Transfer,360.43,Yes Bank,SBI,Android,5G,Bengaluru,SUCCESS,N/A,N/A,1883
UPI2025003354,2025-04-02,18:27:11,CRED,P2P,Peer Transfer,475.06,ICICI Bank,Union Bank of India,iOS,4G,Ahmedabad,SUCCESS,N/A,N/A,1440
UPI2025003355,2025-07-27,16:29:39,Amazon Pay,P2P,Peer Transfer,3000.36,Kotak Mahindra Bank,ICICI Bank,Android,4G,Bengaluru,SUCCESS,N/A,N/A,1780
UPI2025003356,2025-07-18,11:27:05,Google Pay,P2M,Rent,236.31,IDBI Bank,Kotak Mahindra Bank,Android,4G,Jaipur,SUCCESS,N/A,N/A,3314
UPI2025003357,2025-04-26,13:01:40,Google Pay,P2M,E-commerce,1283.29,Punjab National Bank,IndusInd Bank,Android,5G,Bengaluru,SUCCESS,N/A,N/A,1964
UPI2025003358,2025-10-07,12:52:08,Amazon Pay,P2M,Travel,971.62,Punjab National Bank,HDFC Bank,Android,5G,Bhopal,SUCCESS,N/A,N/A,200
UPI2025003359,2025-07-02,20:14:54,BHIM,P2P,Peer Transfer,20641.1,HDFC Bank,Kotak Mahindra Bank,iOS,WiFi,Hyderabad,FAILED,Incorrect UPI PIN,Yes,2425
UPI2025003360,2025-03-17,12:47:16,BHIM,P2P,Peer Transfer,4258.07,SBI,Canara Bank,Android,WiFi,Chennai,SUCCESS,N/A,N/A,1093
UPI2025003361,2025-08-28,14:01:10,Google Pay,P2M,Utility Bill,8648.37,Yes Bank,SBI,iOS,4G,Patiala,SUCCESS,N/A,N/A,200
UPI2025003362,2025-02-06,10:21:14,WhatsApp Pay,P2M,Entertainment,486.92,Yes Bank,Axis Bank,Android,4G,Kolkata,SUCCESS,N/A,N/A,1329
UPI2025003363,2025-10-13,19:10:36,Amazon Pay,P2P,Peer Transfer,258.02,Union Bank of India,IDBI Bank,Android,5G,Amritsar,FAILED,Network Connectivity Issue,Yes,3240
UPI2025003364,2025-09-18,20:04:22,Paytm,P2P,Peer Transfer,289.42,ICICI Bank,SBI,iOS,5G,Chandigarh,FAILED,Bank Server Down,Yes,5195
UPI2025003365,2025-01-02,07:52:10,PhonePe,P2P,Peer Transfer,1763.38,Kotak Mahindra Bank,ICICI Bank,Android,4G,Delhi,SUCCESS,N/A,N/A,1199
UPI2025003366,2025-03-30,23:08:17,Paytm,P2P,Peer Transfer,4861.02,IndusInd Bank,HDFC Bank,Android,4G,Pune,SUCCESS,N/A,N/A,2124
UPI2025003367,2025-09-25,18:23:02,Paytm,P2P,Peer Transfer,354.25,ICICI Bank,Canara Bank,Android,4G,Pune,SUCCESS,N/A,N/A,1571
UPI2025003368,2025-07-16,22:18:03,Paytm,P2P,Peer Transfer,3202.69,Yes Bank,Axis Bank,Android,4G,Hyderabad,FAILED,Invalid VPA / Beneficiary Not Found,No,5973
UPI2025003369,2025-10-14,14:12:14,CRED,P2M,Food Delivery,324.46,Union Bank of India,Kotak Mahindra Bank,Android,4G,Pune,SUCCESS,N/A,N/A,2983
UPI2025003370,2025-08-18,17:32:20,BHIM,P2M,Fuel,214.5,Bank of Baroda,SBI,iOS,5G,Noida,SUCCESS,N/A,N/A,1287
UPI2025003371,2025-05-10,16:53:20,Google Pay,P2P,Peer Transfer,953.62,ICICI Bank,Axis Bank,Android,4G,Delhi,SUCCESS,N/A,N/A,1899
UPI2025003372,2025-04-23,10:36:44,Google Pay,P2P,Peer Transfer,151.63,HDFC Bank,IDBI Bank,Android,WiFi,Ludhiana,FAILED,Invalid VPA / Beneficiary Not Found,Yes,6715
UPI2025003373,2025-07-25,17:32:44,Google Pay,P2P,Peer Transfer,129.03,Union Bank of India,Kotak Mahindra Bank,iOS,WiFi,Noida,SUCCESS,N/A,N/A,2174
UPI2025003374,2025-04-19,16:25:24,WhatsApp Pay,P2P,Peer Transfer,373.47,Canara Bank,ICICI Bank,Android,4G,Ahmedabad,SUCCESS,N/A,N/A,1452
UPI2025003375,2025-11-05,13:06:09,Google Pay,P2P,Peer Transfer,275.3,HDFC Bank,Union Bank of India,Android,5G,Gurugram,SUCCESS,N/A,N/A,1723
UPI2025003376,2025-05-19,19:08:50,PhonePe,P2P,Peer Transfer,332.47,IndusInd Bank,Yes Bank,Android,5G,Lucknow,FAILED,Insufficient Balance,Yes,1835
UPI2025003377,2025-10-28,17:30:28,PhonePe,P2P,Peer Transfer,173.46,IDBI Bank,Kotak Mahindra Bank,Android,5G,Delhi,FAILED,Invalid VPA / Beneficiary Not Found,Yes,6346
UPI2025003378,2025-06-05,13:04:29,Google Pay,P2M,E-commerce,183.77,Punjab National Bank,Yes Bank,Android,5G,Hyderabad,FAILED,Network Connectivity Issue,No,5401
UPI2025003379,2025-03-31,18:14:00,Google Pay,P2P,Peer Transfer,72.04,IndusInd Bank,Bank of Baroda,Android,5G,Jaipur,FAILED,Daily Transaction Limit Exceeded,No,843
UPI2025003380,2025-03-15,09:51:35,BHIM,P2M,Grocery,1986.29,Axis Bank,Punjab National Bank,Android,4G,Noida,SUCCESS,N/A,N/A,3255
UPI2025003381,2025-04-29,13:21:17,Paytm,P2M,Entertainment,1234.95,Axis Bank,Yes Bank,iOS,4G,Delhi,SUCCESS,N/A,N/A,2778
UPI2025003382,2025-06-11,13:04:38,Google Pay,P2M,Entertainment,1901.19,Kotak Mahindra Bank,Bank of Baroda,Android,4G,Delhi,SUCCESS,N/A,N/A,255
UPI2025003383,2025-10-28,17:01:21,PhonePe,P2M,Rent,4172.57,Kotak Mahindra Bank,Union Bank of India,Android,WiFi,Gurugram,SUCCESS,N/A,N/A,1023
UPI2025003384,2025-01-08,11:07:45,Paytm,P2M,Fuel,486.23,Bank of Baroda,Kotak Mahindra Bank,iOS,4G,Amritsar,SUCCESS,N/A,N/A,1271
UPI2025003385,2025-12-15,17:42:50,PhonePe,P2M,Utility Bill,183.69,Yes Bank,Canara Bank,Android,WiFi,Bengaluru,SUCCESS,N/A,N/A,1517
UPI2025003386,2025-07-16,13:14:26,Google Pay,P2P,Peer Transfer,1781.56,HDFC Bank,HDFC Bank,Android,4G,Bhopal,SUCCESS,N/A,N/A,1758
UPI2025003387,2025-06-12,13:58:07,WhatsApp Pay,P2M,Rent,128.77,Kotak Mahindra Bank,Bank of Baroda,Android,WiFi,Bhopal,SUCCESS,N/A,N/A,3155
UPI2025003388,2025-11-23,18:53:07,Google Pay,P2M,Education Fee,612.66,Canara Bank,Union Bank of India,Android,WiFi,Amritsar,SUCCESS,N/A,N/A,1146
UPI2025003389,2025-09-19,16:39:56,PhonePe,P2P,Peer Transfer,48716.47,Yes Bank,Union Bank of India,Android,4G,Bhopal,SUCCESS,N/A,N/A,1016
UPI2025003390,2025-12-07,12:29:45,Google Pay,P2P,Peer Transfer,2563.83,IDBI Bank,Punjab National Bank,iOS,4G,Gurugram,SUCCESS,N/A,N/A,1129
UPI2025003391,2025-08-08,12:31:01,PhonePe,P2M,Fuel,149.37,HDFC Bank,Kotak Mahindra Bank,Android,5G,Bengaluru,SUCCESS,N/A,N/A,1699
UPI2025003392,2025-04-29,00:03:47,Paytm,P2P,Peer Transfer,1053.9,SBI,Canara Bank,Android,4G,Bengaluru,FAILED,Bank Server Down,No,4079
UPI2025003393,2025-01-16,13:38:31,Google Pay,P2M,Recharge/Bill Payment,425.88,Kotak Mahindra Bank,Union Bank of India,Android,5G,Kolkata,SUCCESS,N/A,N/A,1153
UPI2025003394,2025-04-29,08:59:13,Paytm,P2M,Peer Transfer,66.19,Punjab National Bank,IndusInd Bank,iOS,5G,Lucknow,FAILED,NPCI Server Error,No,8164
UPI2025003395,2025-07-06,17:51:26,PhonePe,P2P,Peer Transfer,185.58,Bank of Baroda,Punjab National Bank,iOS,5G,Chennai,SUCCESS,N/A,N/A,1785
UPI2025003396,2025-09-30,22:42:46,Google Pay,P2M,Grocery,220.04,Yes Bank,Canara Bank,iOS,4G,Chandigarh,SUCCESS,N/A,N/A,1556
UPI2025003397,2025-10-05,16:50:27,Paytm,P2P,Peer Transfer,396.22,Canara Bank,Canara Bank,Android,5G,Ludhiana,SUCCESS,N/A,N/A,1729
UPI2025003398,2025-02-11,14:59:14,Paytm,P2M,Recharge/Bill Payment,495.29,Punjab National Bank,SBI,Android,WiFi,Delhi,FAILED,Insufficient Balance,No,4961
UPI2025003399,2025-06-08,17:54:31,PhonePe,P2M,Grocery,38588.85,ICICI Bank,Canara Bank,Android,3G,Chennai,SUCCESS,N/A,N/A,1136
UPI2025003400,2025-10-02,18:29:06,PhonePe,P2M,Grocery,4984.53,Axis Bank,IDBI Bank,Android,WiFi,Ahmedabad,FAILED,Daily Transaction Limit Exceeded,Yes,9055
UPI2025003401,2025-10-07,16:01:44,Google Pay,P2M,Entertainment,209.3,Union Bank of India,Union Bank of India,iOS,4G,Jaipur,FAILED,NPCI Server Error,No,2924
UPI2025003402,2025-06-20,03:47:22,Google Pay,P2M,E-commerce,398.19,HDFC Bank,Kotak Mahindra Bank,Android,4G,Ahmedabad,SUCCESS,N/A,N/A,1377
UPI2025003403,2025-04-16,20:08:21,PhonePe,P2M,Education Fee,7016.73,Punjab National Bank,Kotak Mahindra Bank,Android,5G,Jalandhar,SUCCESS,N/A,N/A,2289
UPI2025003404,2025-01-09,12:58:06,PhonePe,P2P,Peer Transfer,126.36,IDBI Bank,Bank of Baroda,Android,4G,Mumbai,SUCCESS,N/A,N/A,3241
UPI2025003405,2025-01-12,17:55:30,Google Pay,P2M,Utility Bill,4133.8,ICICI Bank,ICICI Bank,Android,WiFi,Patiala,SUCCESS,N/A,N/A,1932
UPI2025003406,2025-06-19,12:20:18,Paytm,P2M,Recharge/Bill Payment,2868.86,Bank of Baroda,Axis Bank,Android,5G,Bengaluru,SUCCESS,N/A,N/A,573
UPI2025003407,2025-06-09,22:17:14,PhonePe,P2M,Education Fee,3624.25,IDBI Bank,ICICI Bank,Android,WiFi,Chennai,SUCCESS,N/A,N/A,2198
UPI2025003408,2025-01-05,12:56:04,Google Pay,P2M,Entertainment,61.4,Union Bank of India,SBI,Android,4G,Jaipur,SUCCESS,N/A,N/A,1021
UPI2025003409,2025-06-22,19:48:59,Amazon Pay,P2P,Peer Transfer,37.93,Union Bank of India,Kotak Mahindra Bank,Android,4G,Patiala,FAILED,Insufficient Balance,Yes,6027
UPI2025003410,2025-10-13,12:23:31,Google Pay,P2M,Grocery,203.47,ICICI Bank,IndusInd Bank,Android,5G,Hyderabad,SUCCESS,N/A,N/A,1759
UPI2025003411,2025-02-19,18:21:59,Paytm,P2P,Peer Transfer,32441.52,IndusInd Bank,IDBI Bank,Android,4G,Kolkata,SUCCESS,N/A,N/A,1636
UPI2025003412,2025-08-20,08:25:15,Google Pay,P2P,Peer Transfer,4139.34,SBI,SBI,Android,5G,Mumbai,SUCCESS,N/A,N/A,1577
UPI2025003413,2025-07-07,19:37:55,Paytm,P2P,Peer Transfer,4734.3,IDBI Bank,Bank of Baroda,Android,5G,Gurugram,SUCCESS,N/A,N/A,2921
UPI2025003414,2025-05-10,09:53:11,PhonePe,P2M,Fuel,720.1,Axis Bank,Punjab National Bank,Android,4G,Ludhiana,SUCCESS,N/A,N/A,1274
UPI2025003415,2025-08-31,23:27:44,Google Pay,P2P,Peer Transfer,379.91,Axis Bank,Punjab National Bank,Android,4G,Jaipur,FAILED,Insufficient Balance,No,5376
UPI2025003416,2025-12-22,13:21:15,Google Pay,P2M,Fuel,2597.86,ICICI Bank,ICICI Bank,iOS,WiFi,Delhi,SUCCESS,N/A,N/A,2268
UPI2025003417,2025-07-18,07:00:06,Google Pay,P2P,Peer Transfer,325.77,IDBI Bank,HDFC Bank,Android,4G,Bhopal,SUCCESS,N/A,N/A,370
UPI2025003418,2025-01-17,18:35:38,Amazon Pay,P2P,Peer Transfer,209.44,Yes Bank,Punjab National Bank,Android,WiFi,Bhopal,SUCCESS,N/A,N/A,1018
UPI2025003419,2025-12-23,19:46:52,Paytm,P2M,Education Fee,382.87,HDFC Bank,ICICI Bank,Android,WiFi,Pune,FAILED,Insufficient Balance,No,5122
UPI2025003420,2025-05-06,14:51:37,PhonePe,P2M,Education Fee,8447.13,SBI,Bank of Baroda,Android,4G,Ludhiana,FAILED,Incorrect UPI PIN,No,5439
UPI2025003421,2025-05-13,23:35:53,Paytm,P2M,Medical/Pharmacy,130.4,IDBI Bank,IDBI Bank,Android,WiFi,Pune,SUCCESS,N/A,N/A,3078
UPI2025003422,2025-09-07,14:52:42,PhonePe,P2P,Peer Transfer,422.79,IndusInd Bank,IndusInd Bank,Android,4G,Pune,SUCCESS,N/A,N/A,1968
UPI2025003423,2025-02-07,13:26:36,Google Pay,P2M,Food Delivery,3385.47,SBI,ICICI Bank,Android,WiFi,Ahmedabad,SUCCESS,N/A,N/A,540
UPI2025003424,2025-06-23,19:49:16,Google Pay,P2M,Rent,1323.49,HDFC Bank,ICICI Bank,Android,5G,Jalandhar,SUCCESS,N/A,N/A,1963
UPI2025003425,2025-03-03,05:52:51,Google Pay,P2M,Fuel,236.34,Union Bank of India,Union Bank of India,Android,5G,Kolkata,SUCCESS,N/A,N/A,1666
UPI2025003426,2025-11-26,09:00:55,PhonePe,P2P,Peer Transfer,232.33,SBI,Axis Bank,Android,4G,Patiala,SUCCESS,N/A,N/A,3338
UPI2025003427,2025-09-24,12:45:57,Amazon Pay,P2P,Peer Transfer,155.13,Kotak Mahindra Bank,Kotak Mahindra Bank,iOS,WiFi,Bengaluru,FAILED,Incorrect UPI PIN,No,6032
UPI2025003428,2025-05-15,19:19:15,Amazon Pay,P2M,Fuel,3765.61,IndusInd Bank,Yes Bank,Android,4G,Lucknow,FAILED,Bank Server Down,No,7365
UPI2025003429,2025-10-02,21:56:20,Google Pay,P2M,Grocery,2310.88,ICICI Bank,ICICI Bank,Android,4G,Hyderabad,SUCCESS,N/A,N/A,1466
UPI2025003430,2025-08-03,20:24:16,Google Pay,P2P,Peer Transfer,177.62,ICICI Bank,Kotak Mahindra Bank,Android,WiFi,Lucknow,SUCCESS,N/A,N/A,2351
UPI2025003431,2025-12-29,18:31:16,PhonePe,P2P,Peer Transfer,4958.43,Kotak Mahindra Bank,HDFC Bank,Android,4G,Gurugram,FAILED,Incorrect UPI PIN,No,5198
UPI2025003432,2025-01-15,14:23:17,Paytm,P2M,Entertainment,267.64,Punjab National Bank,ICICI Bank,Android,4G,Bhopal,SUCCESS,N/A,N/A,1555
UPI2025003433,2025-02-18,16:00:27,PhonePe,P2M,Recharge/Bill Payment,37185.32,Bank of Baroda,Kotak Mahindra Bank,Android,WiFi,Patiala,SUCCESS,N/A,N/A,2419
UPI2025003434,2025-06-28,13:10:08,Google Pay,P2P,Peer Transfer,3972.38,Union Bank of India,Axis Bank,Android,4G,Hyderabad,FAILED,Incorrect UPI PIN,No,5179
UPI2025003435,2025-10-01,18:22:21,Paytm,P2M,Grocery,258.81,Canara Bank,Union Bank of India,Android,WiFi,Chandigarh,SUCCESS,N/A,N/A,3479
UPI2025003436,2025-01-07,06:29:31,Google Pay,P2P,Peer Transfer,3480.11,SBI,Kotak Mahindra Bank,Android,WiFi,Ludhiana,FAILED,Bank Server Down,No,3854
UPI2025003437,2025-04-22,10:14:49,PhonePe,P2P,Peer Transfer,774.96,Axis Bank,Punjab National Bank,iOS,5G,Pune,SUCCESS,N/A,N/A,2100
UPI2025003438,2025-01-12,18:11:15,Paytm,P2P,Peer Transfer,3689.17,HDFC Bank,Union Bank of India,Android,4G,Chennai,SUCCESS,N/A,N/A,1458
UPI2025003439,2025-09-05,05:27:27,Paytm,P2P,Peer Transfer,445.65,IDBI Bank,Punjab National Bank,Android,4G,Delhi,SUCCESS,N/A,N/A,3157
UPI2025003440,2025-02-07,06:55:03,Google Pay,P2P,Peer Transfer,34237.98,Union Bank of India,Axis Bank,Android,5G,Bhopal,FAILED,Insufficient Balance,Yes,5522
UPI2025003441,2025-08-01,13:45:30,Paytm,P2P,Peer Transfer,4723.1,Bank of Baroda,Yes Bank,iOS,5G,Ahmedabad,FAILED,Bank Server Down,No,1331
UPI2025003442,2025-08-28,08:16:08,PhonePe,P2P,Peer Transfer,37.69,Canara Bank,Canara Bank,Android,5G,Lucknow,SUCCESS,N/A,N/A,3081
UPI2025003443,2025-05-12,05:06:42,BHIM,P2P,Peer Transfer,344.05,Union Bank of India,Bank of Baroda,Android,WiFi,Gurugram,SUCCESS,N/A,N/A,554
UPI2025003444,2025-01-14,10:24:12,PhonePe,P2M,Education Fee,192.49,IndusInd Bank,Kotak Mahindra Bank,Android,WiFi,Ahmedabad,FAILED,Network Connectivity Issue,No,3306
UPI2025003445,2025-11-06,17:29:21,Amazon Pay,P2M,Education Fee,72.62,Yes Bank,IDBI Bank,Android,5G,Ahmedabad,SUCCESS,N/A,N/A,1928
UPI2025003446,2025-07-04,05:24:36,Paytm,P2M,Recharge/Bill Payment,687.76,IDBI Bank,Axis Bank,Android,4G,Delhi,FAILED,Duplicate Transaction Blocked,Yes,2986
UPI2025003447,2025-06-08,06:26:45,Paytm,P2M,Fuel,64.8,Yes Bank,Canara Bank,Android,3G,Chennai,SUCCESS,N/A,N/A,1022
UPI2025003448,2025-11-05,06:48:36,PhonePe,P2M,Rent,32.79,Kotak Mahindra Bank,Axis Bank,iOS,WiFi,Kolkata,SUCCESS,N/A,N/A,1811
UPI2025003449,2025-04-23,18:20:50,PhonePe,P2P,Peer Transfer,4618.13,IDBI Bank,HDFC Bank,Android,5G,Amritsar,SUCCESS,N/A,N/A,2314
UPI2025003450,2025-09-03,11:40:03,Google Pay,P2P,Peer Transfer,35899.69,Punjab National Bank,Canara Bank,Android,4G,Jaipur,SUCCESS,N/A,N/A,3049
UPI2025003451,2025-07-16,20:37:24,Amazon Pay,P2M,Peer Transfer,239.01,Bank of Baroda,Punjab National Bank,iOS,WiFi,Chennai,SUCCESS,N/A,N/A,1921
UPI2025003452,2025-10-02,14:40:40,Google Pay,P2P,Peer Transfer,3869.48,ICICI Bank,SBI,Android,4G,Ludhiana,FAILED,Incorrect UPI PIN,Yes,200
UPI2025003453,2025-06-08,17:38:03,PhonePe,P2P,Peer Transfer,121.57,Bank of Baroda,HDFC Bank,Android,4G,Hyderabad,SUCCESS,N/A,N/A,958
UPI2025003454,2025-10-25,18:02:36,Paytm,P2M,Utility Bill,35.95,Canara Bank,HDFC Bank,iOS,4G,Gurugram,FAILED,Invalid VPA / Beneficiary Not Found,No,6671
UPI2025003455,2025-05-18,14:30:57,Google Pay,P2P,Peer Transfer,3470.54,ICICI Bank,Yes Bank,iOS,WiFi,Ahmedabad,SUCCESS,N/A,N/A,705
UPI2025003456,2025-10-07,17:25:27,PhonePe,P2M,Education Fee,166.27,Yes Bank,ICICI Bank,Android,4G,Lucknow,FAILED,Insufficient Balance,Yes,4008
UPI2025003457,2025-10-16,11:11:41,Google Pay,P2M,E-commerce,4009.29,Punjab National Bank,Axis Bank,Android,WiFi,Chennai,SUCCESS,N/A,N/A,2301
UPI2025003458,2025-06-23,17:31:28,Google Pay,P2P,Peer Transfer,344.27,IDBI Bank,ICICI Bank,iOS,4G,Noida,SUCCESS,N/A,N/A,2351
UPI2025003459,2025-03-22,17:00:19,Paytm,P2M,Fuel,36210.31,IndusInd Bank,Canara Bank,Android,WiFi,Mumbai,SUCCESS,N/A,N/A,1089
UPI2025003460,2025-09-24,16:55:32,Google Pay,P2M,Peer Transfer,333.49,Kotak Mahindra Bank,HDFC Bank,Android,5G,Hyderabad,SUCCESS,N/A,N/A,505
UPI2025003461,2025-06-02,20:26:38,Paytm,P2P,Peer Transfer,28.61,Yes Bank,Punjab National Bank,Android,WiFi,Mumbai,SUCCESS,N/A,N/A,3105
UPI2025003462,2025-10-19,21:18:49,Google Pay,P2P,Peer Transfer,120.45,Kotak Mahindra Bank,Kotak Mahindra Bank,Android,WiFi,Delhi,FAILED,Bank Server Down,Yes,2255
UPI2025003463,2025-12-28,23:58:36,PhonePe,P2P,Peer Transfer,386.68,ICICI Bank,Bank of Baroda,Android,5G,Jaipur,SUCCESS,N/A,N/A,2040
UPI2025003464,2025-05-05,18:30:35,Paytm,P2M,Recharge/Bill Payment,495.2,IDBI Bank,SBI,Android,4G,Ahmedabad,SUCCESS,N/A,N/A,2567
UPI2025003465,2025-11-23,12:46:26,Paytm,P2M,Food Delivery,3746.61,HDFC Bank,ICICI Bank,Android,5G,Jalandhar,SUCCESS,N/A,N/A,1036
UPI2025003466,2025-09-18,21:06:49,PhonePe,P2P,Peer Transfer,36.42,ICICI Bank,Canara Bank,Android,4G,Delhi,SUCCESS,N/A,N/A,1274
UPI2025003467,2025-01-25,16:53:21,PhonePe,P2M,Grocery,734.71,Kotak Mahindra Bank,Axis Bank,Android,4G,Chandigarh,SUCCESS,N/A,N/A,3105
UPI2025003468,2025-02-15,18:03:22,Paytm,P2P,Peer Transfer,417.54,Kotak Mahindra Bank,Punjab National Bank,Android,WiFi,Delhi,SUCCESS,N/A,N/A,794
UPI2025003469,2025-11-22,20:06:05,Google Pay,P2M,E-commerce,369.62,Yes Bank,Bank of Baroda,iOS,5G,Noida,SUCCESS,N/A,N/A,2137
UPI2025003470,2025-09-18,16:38:26,PhonePe,P2M,Recharge/Bill Payment,1936.13,ICICI Bank,Canara Bank,Android,5G,Bhopal,SUCCESS,N/A,N/A,647
UPI2025003471,2025-06-28,13:03:21,PhonePe,P2M,Grocery,156.85,Union Bank of India,IndusInd Bank,Android,3G,Jaipur,SUCCESS,N/A,N/A,232
UPI2025003472,2025-08-22,21:20:18,Paytm,P2P,Peer Transfer,936.09,ICICI Bank,Canara Bank,Android,5G,Jalandhar,SUCCESS,N/A,N/A,2826
UPI2025003473,2025-11-17,07:08:25,PhonePe,P2M,Travel,58.27,Axis Bank,Canara Bank,Android,4G,Patiala,SUCCESS,N/A,N/A,1414
UPI2025003474,2025-11-24,15:04:23,PhonePe,P2P,Peer Transfer,417.22,HDFC Bank,IDBI Bank,Android,4G,Hyderabad,FAILED,Transaction Timeout,Yes,8505
UPI2025003475,2025-10-08,16:50:26,Paytm,P2M,Medical/Pharmacy,385.27,Canara Bank,Kotak Mahindra Bank,Android,5G,Chandigarh,SUCCESS,N/A,N/A,3102
UPI2025003476,2025-05-24,12:08:44,PhonePe,P2M,Travel,2814.14,Union Bank of India,Canara Bank,Android,WiFi,Chandigarh,SUCCESS,N/A,N/A,2019
UPI2025003477,2025-08-01,18:45:11,PhonePe,P2P,Peer Transfer,2364.72,Axis Bank,Axis Bank,Android,WiFi,Gurugram,SUCCESS,N/A,N/A,2811
UPI2025003478,2025-02-10,12:57:12,PhonePe,P2P,Peer Transfer,2057.58,IndusInd Bank,Yes Bank,Android,4G,Gurugram,SUCCESS,N/A,N/A,2891
UPI2025003479,2025-11-27,18:17:26,Google Pay,P2P,Peer Transfer,476.77,Bank of Baroda,Bank of Baroda,Android,WiFi,Pune,FAILED,Insufficient Balance,No,4829
UPI2025003480,2025-08-02,21:46:43,Google Pay,P2M,Entertainment,32.92,Union Bank of India,SBI,Android,5G,Lucknow,SUCCESS,N/A,N/A,2818
UPI2025003481,2025-10-18,17:34:07,Paytm,P2P,Peer Transfer,461.68,Bank of Baroda,Union Bank of India,Android,WiFi,Bhopal,SUCCESS,N/A,N/A,2223
UPI2025003482,2025-11-16,13:38:31,BHIM,P2P,Peer Transfer,4809.22,Punjab National Bank,Punjab National Bank,Android,4G,Bhopal,SUCCESS,N/A,N/A,2689
UPI2025003483,2025-10-11,15:27:24,Google Pay,P2P,Peer Transfer,1343.88,Kotak Mahindra Bank,Yes Bank,Android,4G,Pune,SUCCESS,N/A,N/A,3440
UPI2025003484,2025-11-14,13:17:47,PhonePe,P2M,Peer Transfer,256.99,Axis Bank,Axis Bank,iOS,4G,Patiala,SUCCESS,N/A,N/A,947
UPI2025003485,2025-03-08,14:39:59,Google Pay,P2P,Peer Transfer,188.06,SBI,ICICI Bank,Android,5G,Noida,SUCCESS,N/A,N/A,1028
UPI2025003486,2025-05-02,05:10:07,PhonePe,P2M,Grocery,126.21,SBI,Bank of Baroda,Android,4G,Patiala,FAILED,Beneficiary Bank Server Down,No,5483
UPI2025003487,2025-08-07,13:38:04,Google Pay,P2P,Peer Transfer,135.91,IndusInd Bank,Canara Bank,iOS,4G,Ludhiana,SUCCESS,N/A,N/A,2078
UPI2025003488,2025-10-19,18:20:37,Google Pay,P2P,Peer Transfer,391.76,Union Bank of India,HDFC Bank,Android,3G,Pune,SUCCESS,N/A,N/A,1184
UPI2025003489,2025-05-22,09:28:41,PhonePe,P2P,Peer Transfer,200.32,Bank of Baroda,Union Bank of India,Android,5G,Lucknow,SUCCESS,N/A,N/A,2555
UPI2025003490,2025-12-05,12:07:15,Google Pay,P2P,Peer Transfer,2606.83,Yes Bank,IndusInd Bank,iOS,4G,Jaipur,FAILED,Bank Server Down,No,200
UPI2025003491,2025-05-05,09:30:16,PhonePe,P2P,Peer Transfer,4344.93,Canara Bank,Punjab National Bank,Android,4G,Pune,SUCCESS,N/A,N/A,2285
UPI2025003492,2025-07-20,13:23:24,Amazon Pay,P2P,Peer Transfer,4669.45,HDFC Bank,IndusInd Bank,Android,5G,Gurugram,SUCCESS,N/A,N/A,1510
UPI2025003493,2025-05-25,14:55:42,PhonePe,P2M,Peer Transfer,80.87,Axis Bank,ICICI Bank,Android,WiFi,Delhi,SUCCESS,N/A,N/A,1088
UPI2025003494,2025-01-05,11:22:47,Google Pay,P2P,Peer Transfer,168.19,Axis Bank,Kotak Mahindra Bank,Android,4G,Mumbai,SUCCESS,N/A,N/A,1545
UPI2025003495,2025-04-18,11:11:18,PhonePe,P2M,Food Delivery,4279.36,Yes Bank,IDBI Bank,iOS,4G,Pune,SUCCESS,N/A,N/A,2253
UPI2025003496,2025-12-10,20:49:48,PhonePe,P2P,Peer Transfer,111.43,Axis Bank,Axis Bank,Android,WiFi,Lucknow,SUCCESS,N/A,N/A,1938
UPI2025003497,2025-07-03,11:58:52,PhonePe,P2M,Recharge/Bill Payment,334.56,Union Bank of India,SBI,Android,5G,Bengaluru,SUCCESS,N/A,N/A,1837
UPI2025003498,2025-12-22,00:31:35,PhonePe,P2M,Education Fee,195.39,Yes Bank,Bank of Baroda,Android,5G,Noida,SUCCESS,N/A,N/A,2299
UPI2025003499,2025-06-30,19:27:15,Google Pay,P2P,Peer Transfer,12431.69,Canara Bank,Canara Bank,Android,5G,Pune,SUCCESS,N/A,N/A,1592
UPI2025003500,2025-11-25,12:01:36,PhonePe,P2P,Peer Transfer,66.22,IndusInd Bank,Canara Bank,Android,4G,Ludhiana,SUCCESS,N/A,N/A,442
UPI2025003501,2025-10-20,05:41:18,Google Pay,P2P,Peer Transfer,415.22,Bank of Baroda,Yes Bank,Android,5G,Amritsar,SUCCESS,N/A,N/A,1835
UPI2025003502,2025-12-14,22:49:47,Google Pay,P2M,Peer Transfer,727.9,HDFC Bank,SBI,Android,4G,Chandigarh,SUCCESS,N/A,N/A,1990
UPI2025003503,2025-02-27,13:10:22,Google Pay,P2P,Peer Transfer,27031.61,Axis Bank,SBI,Android,4G,Lucknow,SUCCESS,N/A,N/A,2309
UPI2025003504,2025-02-17,06:28:20,Google Pay,P2M,Entertainment,357.34,Union Bank of India,IDBI Bank,Android,WiFi,Kolkata,SUCCESS,N/A,N/A,1364
UPI2025003505,2025-10-06,20:50:54,BHIM,P2P,Peer Transfer,302.73,Canara Bank,Yes Bank,Android,5G,Ludhiana,SUCCESS,N/A,N/A,286
UPI2025003506,2025-10-04,11:12:44,PhonePe,P2P,Peer Transfer,1098.89,SBI,Bank of Baroda,Android,5G,Noida,FAILED,Beneficiary Bank Server Down,No,7132
UPI2025003507,2025-05-25,03:29:47,Paytm,P2P,Peer Transfer,10.61,SBI,Bank of Baroda,Android,4G,Patiala,SUCCESS,N/A,N/A,2989
UPI2025003508,2025-01-26,18:34:06,Google Pay,P2M,Grocery,231.85,Union Bank of India,Axis Bank,iOS,4G,Gurugram,SUCCESS,N/A,N/A,347
UPI2025003509,2025-03-29,13:56:52,PhonePe,P2P,Peer Transfer,488.44,ICICI Bank,HDFC Bank,iOS,5G,Ahmedabad,FAILED,Beneficiary Bank Server Down,Yes,3203
UPI2025003510,2025-01-01,20:27:44,Google Pay,P2P,Peer Transfer,104.19,SBI,Union Bank of India,Android,4G,Hyderabad,SUCCESS,N/A,N/A,200
UPI2025003511,2025-07-14,09:55:27,Paytm,P2P,Peer Transfer,335.22,Union Bank of India,HDFC Bank,Android,5G,Patiala,SUCCESS,N/A,N/A,2412
UPI2025003512,2025-06-10,05:25:30,PhonePe,P2P,Peer Transfer,2747.28,Bank of Baroda,IndusInd Bank,Android,5G,Kolkata,SUCCESS,N/A,N/A,757
UPI2025003513,2025-11-11,00:47:48,Paytm,P2M,Recharge/Bill Payment,1109.22,Canara Bank,Canara Bank,Android,4G,Delhi,FAILED,Daily Transaction Limit Exceeded,No,2610
UPI2025003514,2025-07-27,17:47:32,PhonePe,P2P,Peer Transfer,1592.12,SBI,Yes Bank,Android,4G,Chennai,FAILED,Bank Server Down,Yes,4830
UPI2025003515,2025-10-21,12:30:40,Google Pay,P2P,Peer Transfer,223.77,Union Bank of India,SBI,iOS,4G,Ahmedabad,FAILED,Insufficient Balance,Yes,1264
UPI2025003516,2025-12-30,18:37:15,Google Pay,P2P,Peer Transfer,22858.32,Kotak Mahindra Bank,SBI,Android,WiFi,Bengaluru,FAILED,Transaction Timeout,No,5399
UPI2025003517,2025-06-19,07:41:18,Google Pay,P2M,Medical/Pharmacy,442.13,Punjab National Bank,Canara Bank,Android,4G,Ahmedabad,SUCCESS,N/A,N/A,1282
UPI2025003518,2025-04-27,03:41:35,PhonePe,P2P,Peer Transfer,389.24,ICICI Bank,Yes Bank,Android,WiFi,Delhi,SUCCESS,N/A,N/A,959
UPI2025003519,2025-05-30,11:50:19,Paytm,P2M,Rent,3411.35,Bank of Baroda,Kotak Mahindra Bank,Android,WiFi,Gurugram,SUCCESS,N/A,N/A,865
UPI2025003520,2025-12-24,17:50:41,PhonePe,P2P,Peer Transfer,2324.62,Union Bank of India,Axis Bank,Android,WiFi,Ahmedabad,SUCCESS,N/A,N/A,3129
UPI2025003521,2025-10-27,14:47:06,PhonePe,P2P,Peer Transfer,278.63,Union Bank of India,IDBI Bank,Android,WiFi,Ahmedabad,SUCCESS,N/A,N/A,200
UPI2025003522,2025-09-17,09:17:41,Paytm,P2M,Travel,451.38,IndusInd Bank,Yes Bank,Android,4G,Delhi,SUCCESS,N/A,N/A,3820
UPI2025003523,2025-10-11,03:22:13,PhonePe,P2P,Peer Transfer,361.48,IDBI Bank,Union Bank of India,Android,WiFi,Bhopal,SUCCESS,N/A,N/A,1612
UPI2025003524,2025-07-31,19:26:31,Paytm,P2P,Peer Transfer,19103.48,Bank of Baroda,HDFC Bank,Android,4G,Chennai,FAILED,Transaction Timeout,No,3436
UPI2025003525,2025-03-23,06:52:00,WhatsApp Pay,P2M,Travel,1359.36,Union Bank of India,HDFC Bank,iOS,WiFi,Bengaluru,SUCCESS,N/A,N/A,200
UPI2025003526,2025-01-07,10:40:34,Google Pay,P2M,Education Fee,2800.22,IndusInd Bank,HDFC Bank,Android,4G,Jaipur,SUCCESS,N/A,N/A,1331
UPI2025003527,2025-04-12,21:24:09,PhonePe,P2P,Peer Transfer,40096.21,Axis Bank,HDFC Bank,Android,4G,Chandigarh,SUCCESS,N/A,N/A,3976
UPI2025003528,2025-08-19,14:25:11,Paytm,P2P,Peer Transfer,174.09,ICICI Bank,IndusInd Bank,Android,5G,Ahmedabad,SUCCESS,N/A,N/A,1771
UPI2025003529,2025-05-22,04:03:40,PhonePe,P2M,Food Delivery,725.76,Union Bank of India,IndusInd Bank,Android,4G,Pune,FAILED,Bank Server Down,Yes,200
UPI2025003530,2025-12-29,13:57:17,Google Pay,P2M,Fuel,187.29,HDFC Bank,Punjab National Bank,Android,WiFi,Kolkata,FAILED,Incorrect UPI PIN,No,8724
UPI2025003531,2025-05-24,09:16:18,WhatsApp Pay,P2P,Peer Transfer,4704.49,Yes Bank,Yes Bank,Android,5G,Patiala,SUCCESS,N/A,N/A,1539
UPI2025003532,2025-04-21,18:23:16,Google Pay,P2M,Food Delivery,4465.46,Yes Bank,IndusInd Bank,iOS,WiFi,Chennai,SUCCESS,N/A,N/A,1008
UPI2025003533,2025-04-09,16:31:53,PhonePe,P2P,Peer Transfer,329.61,SBI,IndusInd Bank,Android,4G,Pune,SUCCESS,N/A,N/A,2176
UPI2025003534,2025-12-28,11:10:19,Amazon Pay,P2P,Peer Transfer,88.51,Canara Bank,Yes Bank,Android,5G,Bengaluru,SUCCESS,N/A,N/A,1192
UPI2025003535,2025-04-12,19:57:17,Google Pay,P2M,E-commerce,1916.6,ICICI Bank,Kotak Mahindra Bank,Android,4G,Kolkata,SUCCESS,N/A,N/A,1176
UPI2025003536,2025-05-30,06:12:09,BHIM,P2P,Peer Transfer,362.39,Kotak Mahindra Bank,IDBI Bank,Android,5G,Bengaluru,SUCCESS,N/A,N/A,2318
UPI2025003537,2025-05-20,12:53:00,PhonePe,P2M,Utility Bill,1564.18,Bank of Baroda,Punjab National Bank,Android,4G,Noida,SUCCESS,N/A,N/A,2050
UPI2025003538,2025-05-23,12:34:32,Paytm,P2M,Education Fee,38.73,Union Bank of India,Punjab National Bank,iOS,5G,Chennai,FAILED,Insufficient Balance,Yes,4811
UPI2025003539,2025-03-21,11:44:42,Google Pay,P2P,Peer Transfer,2960.61,IndusInd Bank,Axis Bank,iOS,5G,Pune,FAILED,Beneficiary Bank Server Down,Yes,6694
UPI2025003540,2025-04-05,08:26:08,PhonePe,P2P,Peer Transfer,418.66,IDBI Bank,Kotak Mahindra Bank,Android,5G,Gurugram,SUCCESS,N/A,N/A,499
UPI2025003541,2025-11-30,07:40:54,Google Pay,P2M,Utility Bill,462.23,Kotak Mahindra Bank,Union Bank of India,Android,WiFi,Chandigarh,SUCCESS,N/A,N/A,2272
UPI2025003542,2025-04-23,10:39:12,Paytm,P2P,Peer Transfer,252.31,Axis Bank,Kotak Mahindra Bank,Android,5G,Jaipur,SUCCESS,N/A,N/A,3023
UPI2025003543,2025-04-12,17:38:56,Google Pay,P2P,Peer Transfer,307.97,Yes Bank,Bank of Baroda,Android,WiFi,Gurugram,FAILED,Insufficient Balance,Yes,4074
UPI2025003544,2025-06-04,07:45:45,Paytm,P2P,Peer Transfer,488.03,HDFC Bank,Canara Bank,Android,4G,Delhi,SUCCESS,N/A,N/A,1541
UPI2025003545,2025-08-04,17:14:12,Google Pay,P2M,Utility Bill,373.51,Yes Bank,Bank of Baroda,iOS,5G,Gurugram,FAILED,Bank Server Down,Yes,3817
UPI2025003546,2025-11-14,01:15:27,Google Pay,P2M,E-commerce,4247.91,SBI,HDFC Bank,Android,WiFi,Lucknow,SUCCESS,N/A,N/A,3873
UPI2025003547,2025-01-28,07:17:49,Amazon Pay,P2P,Peer Transfer,249.16,Axis Bank,IndusInd Bank,iOS,4G,Pune,SUCCESS,N/A,N/A,1842
UPI2025003548,2025-02-03,19:37:51,Google Pay,P2M,Grocery,79.51,Yes Bank,Kotak Mahindra Bank,Android,WiFi,Pune,SUCCESS,N/A,N/A,318
UPI2025003549,2025-05-18,05:25:02,WhatsApp Pay,P2P,Peer Transfer,3995.96,Kotak Mahindra Bank,Yes Bank,Android,WiFi,Noida,SUCCESS,N/A,N/A,2234
UPI2025003550,2025-08-24,08:59:59,WhatsApp Pay,P2M,Rent,13621.77,HDFC Bank,Yes Bank,Android,WiFi,Patiala,SUCCESS,N/A,N/A,2368
UPI2025003551,2025-02-08,21:49:15,PhonePe,P2P,Peer Transfer,206.7,Kotak Mahindra Bank,ICICI Bank,Android,4G,Kolkata,SUCCESS,N/A,N/A,2846
UPI2025003552,2025-11-24,16:37:31,Amazon Pay,P2P,Peer Transfer,48470.54,SBI,Kotak Mahindra Bank,Android,5G,Delhi,SUCCESS,N/A,N/A,1667
UPI2025003553,2025-08-26,14:22:11,BHIM,P2P,Peer Transfer,4090.16,Kotak Mahindra Bank,Union Bank of India,iOS,4G,Bhopal,FAILED,Transaction Timeout,No,2952
UPI2025003554,2025-08-05,21:43:59,Google Pay,P2P,Peer Transfer,65.45,Punjab National Bank,SBI,Android,3G,Delhi,SUCCESS,N/A,N/A,2001
UPI2025003555,2025-06-26,06:17:48,Google Pay,P2M,Peer Transfer,2106.42,SBI,Axis Bank,iOS,4G,Delhi,SUCCESS,N/A,N/A,1950
UPI2025003556,2025-11-03,18:25:11,PhonePe,P2P,Peer Transfer,237.52,SBI,Canara Bank,Android,5G,Ahmedabad,SUCCESS,N/A,N/A,3586
UPI2025003557,2025-07-19,19:57:41,PhonePe,P2P,Peer Transfer,3844.92,Union Bank of India,IDBI Bank,Android,4G,Pune,FAILED,Incorrect UPI PIN,Yes,6923
UPI2025003558,2025-05-09,21:09:38,Paytm,P2P,Peer Transfer,2235.03,Axis Bank,ICICI Bank,Android,5G,Kolkata,SUCCESS,N/A,N/A,870
UPI2025003559,2025-02-13,11:42:54,Paytm,P2M,Fuel,2573.97,Union Bank of India,Yes Bank,Android,WiFi,Ahmedabad,SUCCESS,N/A,N/A,1990
UPI2025003560,2025-02-03,14:25:50,Google Pay,P2P,Peer Transfer,16309.08,IndusInd Bank,Punjab National Bank,Android,5G,Amritsar,SUCCESS,N/A,N/A,1423
UPI2025003561,2025-04-15,18:13:25,PhonePe,P2P,Peer Transfer,4094.83,IndusInd Bank,Union Bank of India,iOS,4G,Lucknow,SUCCESS,N/A,N/A,1817
UPI2025003562,2025-04-19,19:21:34,Google Pay,P2P,Peer Transfer,32729.08,Canara Bank,Bank of Baroda,iOS,5G,Chennai,SUCCESS,N/A,N/A,434
UPI2025003563,2025-08-28,16:46:12,Google Pay,P2M,Food Delivery,255.03,ICICI Bank,HDFC Bank,Android,WiFi,Gurugram,FAILED,Insufficient Balance,Yes,4100
UPI2025003564,2025-11-10,18:43:26,PhonePe,P2P,Peer Transfer,34827.69,Punjab National Bank,SBI,Android,4G,Mumbai,SUCCESS,N/A,N/A,2468
UPI2025003565,2025-09-20,09:58:58,Google Pay,P2M,Travel,22.5,ICICI Bank,SBI,Android,4G,Jaipur,FAILED,Transaction Timeout,Yes,5527
UPI2025003566,2025-05-31,18:08:48,PhonePe,P2P,Peer Transfer,34.8,Axis Bank,Axis Bank,Android,4G,Bhopal,SUCCESS,N/A,N/A,1204
UPI2025003567,2025-03-15,07:04:30,Google Pay,P2M,Peer Transfer,388.19,Canara Bank,HDFC Bank,Android,5G,Hyderabad,FAILED,Invalid VPA / Beneficiary Not Found,No,8035
UPI2025003568,2025-09-05,15:01:35,Google Pay,P2P,Peer Transfer,18.63,IDBI Bank,SBI,iOS,WiFi,Patiala,SUCCESS,N/A,N/A,2664
UPI2025003569,2025-11-06,19:40:22,Google Pay,P2P,Peer Transfer,443.24,Kotak Mahindra Bank,Axis Bank,Android,5G,Patiala,SUCCESS,N/A,N/A,2542
UPI2025003570,2025-03-12,10:15:41,WhatsApp Pay,P2P,Peer Transfer,301.47,ICICI Bank,IDBI Bank,iOS,5G,Jaipur,SUCCESS,N/A,N/A,2233
UPI2025003571,2025-02-07,05:26:20,Paytm,P2P,Peer Transfer,3856.02,SBI,ICICI Bank,Android,4G,Chennai,SUCCESS,N/A,N/A,2253
UPI2025003572,2025-04-22,06:19:37,Google Pay,P2P,Peer Transfer,1366.16,Canara Bank,HDFC Bank,Android,4G,Noida,SUCCESS,N/A,N/A,2228
UPI2025003573,2025-08-31,21:54:53,PhonePe,P2P,Peer Transfer,11487.2,Yes Bank,Bank of Baroda,iOS,4G,Chennai,SUCCESS,N/A,N/A,1772
UPI2025003574,2025-07-22,16:58:54,Amazon Pay,P2P,Peer Transfer,38137.54,IndusInd Bank,IDBI Bank,Android,5G,Pune,FAILED,Duplicate Transaction Blocked,Yes,4949
UPI2025003575,2025-02-14,07:16:10,Paytm,P2P,Peer Transfer,3113.26,HDFC Bank,ICICI Bank,Android,4G,Lucknow,SUCCESS,N/A,N/A,2955
UPI2025003576,2025-06-11,13:04:58,Paytm,P2P,Peer Transfer,2400.41,Axis Bank,Canara Bank,Android,WiFi,Hyderabad,FAILED,NPCI Server Error,Yes,4593
UPI2025003577,2025-06-09,12:20:19,Amazon Pay,P2P,Peer Transfer,1653.54,Bank of Baroda,Yes Bank,Android,5G,Ludhiana,FAILED,Insufficient Balance,Yes,5373
UPI2025003578,2025-11-05,07:31:25,Amazon Pay,P2P,Peer Transfer,133.6,HDFC Bank,Canara Bank,Android,5G,Delhi,FAILED,Daily Transaction Limit Exceeded,Yes,4728
UPI2025003579,2025-07-26,09:05:42,WhatsApp Pay,P2P,Peer Transfer,138.28,Yes Bank,Yes Bank,Android,WiFi,Kolkata,SUCCESS,N/A,N/A,2629
UPI2025003580,2025-05-28,12:53:27,Google Pay,P2M,Utility Bill,3281.17,SBI,HDFC Bank,Android,5G,Kolkata,SUCCESS,N/A,N/A,1683
UPI2025003581,2025-02-20,18:46:03,Paytm,P2M,Recharge/Bill Payment,440.06,Canara Bank,Union Bank of India,iOS,4G,Patiala,SUCCESS,N/A,N/A,2352
UPI2025003582,2025-03-21,10:44:11,Google Pay,P2M,Food Delivery,275.32,Yes Bank,IDBI Bank,iOS,4G,Noida,SUCCESS,N/A,N/A,1476
UPI2025003583,2025-04-24,17:27:09,Google Pay,P2P,Peer Transfer,47369.13,Union Bank of India,ICICI Bank,iOS,4G,Patiala,SUCCESS,N/A,N/A,1949
UPI2025003584,2025-12-09,11:47:04,Paytm,P2P,Peer Transfer,4413.28,Kotak Mahindra Bank,Union Bank of India,Android,5G,Lucknow,FAILED,Invalid VPA / Beneficiary Not Found,No,6492
UPI2025003585,2025-04-03,11:44:27,PhonePe,P2M,Entertainment,491.31,ICICI Bank,HDFC Bank,Android,4G,Jalandhar,SUCCESS,N/A,N/A,1665
UPI2025003586,2025-04-01,07:27:48,BHIM,P2P,Peer Transfer,12227.63,IndusInd Bank,Bank of Baroda,Android,4G,Ahmedabad,FAILED,Daily Transaction Limit Exceeded,Yes,2269
UPI2025003587,2025-12-27,17:59:14,Paytm,P2P,Peer Transfer,164.38,Punjab National Bank,Yes Bank,iOS,4G,Bengaluru,SUCCESS,N/A,N/A,1124
UPI2025003588,2025-01-05,21:34:38,BHIM,P2P,Peer Transfer,125.4,SBI,Yes Bank,Android,WiFi,Kolkata,SUCCESS,N/A,N/A,2329
UPI2025003589,2025-05-26,05:35:51,Paytm,P2P,Peer Transfer,21.3,Axis Bank,SBI,Android,4G,Hyderabad,SUCCESS,N/A,N/A,1348
UPI2025003590,2025-07-09,11:31:15,Google Pay,P2P,Peer Transfer,12.48,IDBI Bank,Axis Bank,Android,5G,Noida,SUCCESS,N/A,N/A,1580
UPI2025003591,2025-10-22,16:02:06,Paytm,P2P,Peer Transfer,3724.73,Union Bank of India,Bank of Baroda,iOS,WiFi,Mumbai,SUCCESS,N/A,N/A,1477
UPI2025003592,2025-11-23,17:51:55,Google Pay,P2M,E-commerce,2939.88,Punjab National Bank,SBI,Android,4G,Bengaluru,SUCCESS,N/A,N/A,200
UPI2025003593,2025-08-30,12:36:44,PhonePe,P2M,Medical/Pharmacy,326.09,Yes Bank,SBI,Android,4G,Lucknow,FAILED,Bank Server Down,No,4222
UPI2025003594,2025-03-01,14:33:17,PhonePe,P2P,Peer Transfer,461.71,ICICI Bank,Kotak Mahindra Bank,Android,WiFi,Amritsar,SUCCESS,N/A,N/A,200
UPI2025003595,2025-06-15,21:06:05,PhonePe,P2M,Rent,412.12,Punjab National Bank,SBI,Android,WiFi,Jaipur,FAILED,Beneficiary Bank Server Down,No,9371
UPI2025003596,2025-12-13,16:32:34,CRED,P2P,Peer Transfer,499.94,IDBI Bank,Yes Bank,Android,4G,Bengaluru,FAILED,Daily Transaction Limit Exceeded,Yes,1829
UPI2025003597,2025-12-30,16:38:08,Amazon Pay,P2P,Peer Transfer,27271.95,ICICI Bank,ICICI Bank,iOS,4G,Jaipur,SUCCESS,N/A,N/A,1126
UPI2025003598,2025-02-23,12:52:44,Paytm,P2M,Travel,344.46,Axis Bank,Union Bank of India,Android,4G,Chennai,SUCCESS,N/A,N/A,1733
UPI2025003599,2025-04-12,07:17:50,Google Pay,P2P,Peer Transfer,2724.06,Yes Bank,IDBI Bank,Android,4G,Noida,SUCCESS,N/A,N/A,2478
UPI2025003600,2025-07-10,19:11:58,Paytm,P2M,Grocery,3690.39,Yes Bank,Punjab National Bank,Android,4G,Chennai,SUCCESS,N/A,N/A,1657
UPI2025003601,2025-12-15,14:07:23,Paytm,P2M,Peer Transfer,363.27,Canara Bank,HDFC Bank,Android,4G,Kolkata,SUCCESS,N/A,N/A,1225
UPI2025003602,2025-02-22,17:54:50,PhonePe,P2M,Peer Transfer,24617.05,Yes Bank,SBI,Android,5G,Bhopal,SUCCESS,N/A,N/A,2054
UPI2025003603,2025-08-25,19:45:38,Google Pay,P2M,Entertainment,37.85,Punjab National Bank,Yes Bank,Android,5G,Chennai,FAILED,Beneficiary Bank Server Down,No,5123
UPI2025003604,2025-06-13,22:50:57,Google Pay,P2P,Peer Transfer,4557.51,IndusInd Bank,ICICI Bank,Android,4G,Mumbai,SUCCESS,N/A,N/A,2380
UPI2025003605,2025-03-22,05:01:30,PhonePe,P2P,Peer Transfer,200.53,Bank of Baroda,Yes Bank,iOS,4G,Hyderabad,SUCCESS,N/A,N/A,805
UPI2025003606,2025-11-20,18:18:45,Paytm,P2P,Peer Transfer,211.84,HDFC Bank,ICICI Bank,iOS,4G,Pune,SUCCESS,N/A,N/A,2282
UPI2025003607,2025-12-18,03:30:50,Google Pay,P2M,Entertainment,272.82,Bank of Baroda,IDBI Bank,Android,WiFi,Ahmedabad,FAILED,Network Connectivity Issue,Yes,6786
UPI2025003608,2025-07-06,01:33:22,PhonePe,P2P,Peer Transfer,4465.27,Canara Bank,Union Bank of India,Android,4G,Bengaluru,SUCCESS,N/A,N/A,2732
UPI2025003609,2025-10-15,15:08:24,Paytm,P2M,Peer Transfer,502.75,Union Bank of India,SBI,Android,4G,Bengaluru,SUCCESS,N/A,N/A,1526
UPI2025003610,2025-01-29,21:53:34,Google Pay,P2P,Peer Transfer,334.06,IDBI Bank,IndusInd Bank,Android,WiFi,Bhopal,FAILED,Bank Server Down,Yes,2680
UPI2025003611,2025-09-10,13:47:51,Google Pay,P2P,Peer Transfer,220.67,HDFC Bank,HDFC Bank,Android,4G,Hyderabad,SUCCESS,N/A,N/A,1857
UPI2025003612,2025-06-03,08:53:23,Google Pay,P2M,Grocery,426.4,SBI,Canara Bank,Android,WiFi,Lucknow,SUCCESS,N/A,N/A,2652
UPI2025003613,2025-07-17,14:54:13,Amazon Pay,P2P,Peer Transfer,199.48,Union Bank of India,IDBI Bank,Android,5G,Bhopal,SUCCESS,N/A,N/A,1502
UPI2025003614,2025-08-08,17:14:33,CRED,P2M,Education Fee,365.83,SBI,ICICI Bank,Android,5G,Bhopal,SUCCESS,N/A,N/A,3199
UPI2025003615,2025-05-13,14:47:22,Google Pay,P2P,Peer Transfer,380.12,HDFC Bank,Bank of Baroda,Android,4G,Pune,FAILED,Insufficient Balance,No,2520
UPI2025003616,2025-05-29,13:43:57,PhonePe,P2M,E-commerce,31346.15,Yes Bank,Yes Bank,Android,4G,Bengaluru,SUCCESS,N/A,N/A,1610
UPI2025003617,2025-01-27,18:44:05,CRED,P2P,Peer Transfer,3547.15,IndusInd Bank,Bank of Baroda,Android,5G,Noida,FAILED,Insufficient Balance,Yes,4688
UPI2025003618,2025-09-24,05:31:31,Paytm,P2M,E-commerce,464.2,Canara Bank,SBI,Android,5G,Jalandhar,FAILED,Insufficient Balance,Yes,5980
UPI2025003619,2025-02-23,20:57:00,Google Pay,P2P,Peer Transfer,355.96,Bank of Baroda,Union Bank of India,Android,WiFi,Jaipur,FAILED,Incorrect UPI PIN,No,2507
UPI2025003620,2025-04-26,08:27:35,Google Pay,P2P,Peer Transfer,98.31,Canara Bank,Axis Bank,iOS,WiFi,Delhi,SUCCESS,N/A,N/A,2899
UPI2025003621,2025-05-08,19:36:42,PhonePe,P2M,Travel,108.93,Bank of Baroda,IDBI Bank,Android,WiFi,Bengaluru,FAILED,Network Connectivity Issue,No,4887
UPI2025003622,2025-12-19,20:46:02,Paytm,P2M,Peer Transfer,10297.32,Canara Bank,Union Bank of India,Android,4G,Kolkata,FAILED,Duplicate Transaction Blocked,Yes,4487
UPI2025003623,2025-08-23,18:50:54,PhonePe,P2P,Peer Transfer,318.73,IDBI Bank,Punjab National Bank,Android,WiFi,Chennai,SUCCESS,N/A,N/A,936
UPI2025003624,2025-10-16,17:34:49,Google Pay,P2P,Peer Transfer,91.7,IDBI Bank,Canara Bank,iOS,4G,Kolkata,SUCCESS,N/A,N/A,1597
UPI2025003625,2025-12-26,22:23:57,Google Pay,P2M,Travel,220.29,Bank of Baroda,IDBI Bank,Android,3G,Ludhiana,SUCCESS,N/A,N/A,3227
UPI2025003626,2025-03-09,05:46:25,Paytm,P2M,Utility Bill,4229.88,Bank of Baroda,IndusInd Bank,Android,WiFi,Ludhiana,FAILED,NPCI Server Error,No,4576
UPI2025003627,2025-01-31,11:02:22,Paytm,P2P,Peer Transfer,4528.83,Union Bank of India,SBI,Android,5G,Hyderabad,SUCCESS,N/A,N/A,1468
UPI2025003628,2025-04-16,21:22:19,PhonePe,P2P,Peer Transfer,1692.41,SBI,SBI,iOS,4G,Ahmedabad,SUCCESS,N/A,N/A,1367
UPI2025003629,2025-04-09,19:16:39,PhonePe,P2P,Peer Transfer,62.99,Union Bank of India,Axis Bank,iOS,WiFi,Lucknow,FAILED,Bank Server Down,Yes,1105
UPI2025003630,2025-12-14,15:38:09,BHIM,P2P,Peer Transfer,235.21,Kotak Mahindra Bank,Kotak Mahindra Bank,Android,4G,Jalandhar,SUCCESS,N/A,N/A,2737
UPI2025003631,2025-09-28,13:21:47,Google Pay,P2P,Peer Transfer,490.96,Union Bank of India,HDFC Bank,iOS,WiFi,Jaipur,SUCCESS,N/A,N/A,200
UPI2025003632,2025-09-22,17:03:35,Paytm,P2P,Peer Transfer,186.35,Bank of Baroda,IndusInd Bank,Android,4G,Kolkata,SUCCESS,N/A,N/A,2458
UPI2025003633,2025-06-20,20:59:54,Google Pay,P2P,Peer Transfer,282.74,Canara Bank,Punjab National Bank,Android,4G,Noida,SUCCESS,N/A,N/A,2110
UPI2025003634,2025-10-08,17:56:12,BHIM,P2P,Peer Transfer,465.33,HDFC Bank,Yes Bank,iOS,4G,Amritsar,SUCCESS,N/A,N/A,2863
UPI2025003635,2025-02-17,16:25:30,Google Pay,P2M,Food Delivery,3371.22,Bank of Baroda,Punjab National Bank,Android,4G,Ahmedabad,SUCCESS,N/A,N/A,2625
UPI2025003636,2025-08-19,13:23:48,WhatsApp Pay,P2M,Recharge/Bill Payment,729.37,Union Bank of India,IndusInd Bank,Android,4G,Bhopal,SUCCESS,N/A,N/A,434
UPI2025003637,2025-07-17,20:04:55,Google Pay,P2M,Fuel,485.69,Axis Bank,Canara Bank,iOS,5G,Hyderabad,SUCCESS,N/A,N/A,1608
UPI2025003638,2025-12-29,17:52:45,Google Pay,P2M,Medical/Pharmacy,12783.63,IndusInd Bank,Canara Bank,iOS,4G,Hyderabad,SUCCESS,N/A,N/A,1569
UPI2025003639,2025-04-27,22:58:58,PhonePe,P2M,Peer Transfer,266.17,Punjab National Bank,SBI,Android,4G,Bhopal,SUCCESS,N/A,N/A,960
UPI2025003640,2025-06-07,10:50:37,Google Pay,P2M,Education Fee,73.25,IDBI Bank,Punjab National Bank,Android,4G,Noida,SUCCESS,N/A,N/A,1235
UPI2025003641,2025-07-05,12:40:43,BHIM,P2M,Entertainment,1050.64,Kotak Mahindra Bank,Punjab National Bank,iOS,5G,Delhi,SUCCESS,N/A,N/A,1747
UPI2025003642,2025-04-17,19:22:07,PhonePe,P2P,Peer Transfer,38177.14,Union Bank of India,Canara Bank,Android,5G,Chennai,SUCCESS,N/A,N/A,1583
UPI2025003643,2025-06-19,19:27:27,Paytm,P2M,Food Delivery,125.84,Kotak Mahindra Bank,SBI,Android,5G,Lucknow,FAILED,Network Connectivity Issue,Yes,3165
UPI2025003644,2025-08-13,17:39:13,Google Pay,P2P,Peer Transfer,360.29,Kotak Mahindra Bank,IndusInd Bank,iOS,4G,Lucknow,SUCCESS,N/A,N/A,1829
UPI2025003645,2025-11-29,13:36:07,Google Pay,P2P,Peer Transfer,4994.12,Bank of Baroda,Yes Bank,Android,WiFi,Patiala,SUCCESS,N/A,N/A,2075
UPI2025003646,2025-09-14,11:17:50,PhonePe,P2P,Peer Transfer,37073.89,Canara Bank,HDFC Bank,Android,5G,Chennai,SUCCESS,N/A,N/A,2966
UPI2025003647,2025-01-22,08:23:47,Google Pay,P2P,Peer Transfer,35765.26,HDFC Bank,Bank of Baroda,Android,5G,Delhi,SUCCESS,N/A,N/A,1324
UPI2025003648,2025-11-01,16:39:56,PhonePe,P2P,Peer Transfer,275.52,Canara Bank,Bank of Baroda,Android,5G,Noida,SUCCESS,N/A,N/A,917
UPI2025003649,2025-12-19,10:47:35,Google Pay,P2P,Peer Transfer,695.61,Bank of Baroda,IDBI Bank,Android,5G,Patiala,FAILED,Network Connectivity Issue,No,5680
UPI2025003650,2025-03-13,00:57:21,Google Pay,P2M,Grocery,27.36,IndusInd Bank,Bank of Baroda,Android,4G,Noida,FAILED,Transaction Timeout,No,4295
UPI2025003651,2025-02-25,14:36:20,Paytm,P2P,Peer Transfer,258.59,Union Bank of India,Canara Bank,Android,5G,Hyderabad,SUCCESS,N/A,N/A,847
UPI2025003652,2025-12-02,08:56:41,CRED,P2P,Peer Transfer,38888.89,Kotak Mahindra Bank,SBI,iOS,WiFi,Bhopal,FAILED,Transaction Timeout,No,5281
UPI2025003653,2025-06-19,17:19:16,PhonePe,P2M,Fuel,154.97,Yes Bank,IndusInd Bank,Android,4G,Delhi,SUCCESS,N/A,N/A,2295
UPI2025003654,2025-08-23,19:51:06,PhonePe,P2P,Peer Transfer,187.27,Axis Bank,Canara Bank,Android,5G,Hyderabad,FAILED,Beneficiary Bank Server Down,Yes,2965
UPI2025003655,2025-04-22,15:04:37,Google Pay,P2P,Peer Transfer,365.97,Axis Bank,Yes Bank,Android,WiFi,Noida,SUCCESS,N/A,N/A,3782
UPI2025003656,2025-05-14,16:22:02,Google Pay,P2P,Peer Transfer,497.38,IndusInd Bank,HDFC Bank,Android,5G,Noida,SUCCESS,N/A,N/A,2368
UPI2025003657,2025-02-25,09:30:42,Google Pay,P2P,Peer Transfer,477.11,Union Bank of India,HDFC Bank,Android,5G,Ludhiana,FAILED,PIN Retry Limit Exceeded,Yes,3701
UPI2025003658,2025-03-31,09:27:36,BHIM,P2M,Food Delivery,81.97,ICICI Bank,Punjab National Bank,Android,4G,Jaipur,SUCCESS,N/A,N/A,200
UPI2025003659,2025-09-06,12:39:39,Google Pay,P2P,Peer Transfer,23138.4,Yes Bank,IDBI Bank,iOS,4G,Hyderabad,FAILED,Insufficient Balance,Yes,3937
UPI2025003660,2025-03-02,15:38:57,Google Pay,P2M,Food Delivery,4469.23,Kotak Mahindra Bank,Bank of Baroda,iOS,5G,Ludhiana,SUCCESS,N/A,N/A,1566
UPI2025003661,2025-11-17,10:52:57,Paytm,P2M,Travel,27252.61,SBI,Bank of Baroda,iOS,5G,Hyderabad,FAILED,Transaction Timeout,No,2382
UPI2025003662,2025-11-18,09:43:13,Paytm,P2M,Fuel,461.47,Bank of Baroda,Yes Bank,iOS,5G,Ahmedabad,SUCCESS,N/A,N/A,200
UPI2025003663,2025-07-04,18:15:19,Paytm,P2P,Peer Transfer,4844.71,Yes Bank,Bank of Baroda,Android,WiFi,Amritsar,SUCCESS,N/A,N/A,2663
UPI2025003664,2025-07-04,18:43:50,Google Pay,P2P,Peer Transfer,1567.37,Canara Bank,IndusInd Bank,Android,4G,Delhi,SUCCESS,N/A,N/A,2481
UPI2025003665,2025-05-09,12:10:27,PhonePe,P2P,Peer Transfer,4984.51,IndusInd Bank,ICICI Bank,iOS,5G,Gurugram,SUCCESS,N/A,N/A,4230
UPI2025003666,2025-06-30,08:35:45,PhonePe,P2M,E-commerce,4277.32,IDBI Bank,Canara Bank,Android,WiFi,Gurugram,SUCCESS,N/A,N/A,1731
UPI2025003667,2025-04-15,19:05:51,Google Pay,P2P,Peer Transfer,498.6,Union Bank of India,Kotak Mahindra Bank,Android,5G,Noida,SUCCESS,N/A,N/A,1004
UPI2025003668,2025-05-29,20:05:03,Google Pay,P2M,Recharge/Bill Payment,448.98,Canara Bank,Kotak Mahindra Bank,Android,WiFi,Jaipur,SUCCESS,N/A,N/A,1361
UPI2025003669,2025-11-21,18:06:47,Google Pay,P2M,Grocery,22169.25,Axis Bank,HDFC Bank,Android,4G,Hyderabad,FAILED,NPCI Server Error,Yes,5585
UPI2025003670,2025-02-09,15:08:38,Paytm,P2M,E-commerce,15095.62,Punjab National Bank,Axis Bank,Android,3G,Amritsar,SUCCESS,N/A,N/A,1775
UPI2025003671,2025-06-20,15:06:18,Paytm,P2P,Peer Transfer,16.74,Axis Bank,Bank of Baroda,Android,4G,Jalandhar,SUCCESS,N/A,N/A,2570
UPI2025003672,2025-09-14,06:56:07,Paytm,P2P,Peer Transfer,4869.63,Union Bank of India,Punjab National Bank,Android,4G,Mumbai,SUCCESS,N/A,N/A,1974
UPI2025003673,2025-07-05,05:02:46,Paytm,P2M,Fuel,2679.17,HDFC Bank,Yes Bank,Android,4G,Chennai,SUCCESS,N/A,N/A,2332
UPI2025003674,2025-01-11,19:14:00,Google Pay,P2M,Entertainment,103.61,HDFC Bank,IDBI Bank,Android,4G,Noida,SUCCESS,N/A,N/A,2360
UPI2025003675,2025-09-13,04:53:56,Amazon Pay,P2M,Fuel,341.94,HDFC Bank,Yes Bank,Android,4G,Mumbai,SUCCESS,N/A,N/A,1643
UPI2025003676,2025-08-03,16:10:58,BHIM,P2M,Grocery,4298.25,IDBI Bank,Yes Bank,iOS,4G,Jalandhar,SUCCESS,N/A,N/A,1146
UPI2025003677,2025-05-10,10:44:37,PhonePe,P2P,Peer Transfer,896.7,Kotak Mahindra Bank,SBI,Android,WiFi,Hyderabad,SUCCESS,N/A,N/A,2628
UPI2025003678,2025-07-30,18:53:17,BHIM,P2M,Rent,176.44,HDFC Bank,HDFC Bank,iOS,3G,Delhi,SUCCESS,N/A,N/A,2761
UPI2025003679,2025-05-12,05:57:20,Paytm,P2P,Peer Transfer,1893.35,HDFC Bank,IDBI Bank,iOS,5G,Patiala,FAILED,Duplicate Transaction Blocked,Yes,6929
UPI2025003680,2025-08-22,18:51:56,Paytm,P2M,Peer Transfer,356.75,Punjab National Bank,Canara Bank,Android,4G,Kolkata,SUCCESS,N/A,N/A,967
UPI2025003681,2025-07-15,19:21:24,Google Pay,P2P,Peer Transfer,150.45,Canara Bank,Bank of Baroda,Android,4G,Jaipur,SUCCESS,N/A,N/A,1893
UPI2025003682,2025-10-22,05:37:56,Google Pay,P2P,Peer Transfer,435.63,IDBI Bank,IDBI Bank,Android,WiFi,Noida,SUCCESS,N/A,N/A,2624
UPI2025003683,2025-04-11,20:47:33,Google Pay,P2M,Fuel,2522.47,Canara Bank,HDFC Bank,Android,WiFi,Bengaluru,SUCCESS,N/A,N/A,2054
UPI2025003684,2025-05-24,22:01:04,PhonePe,P2P,Peer Transfer,3179.98,Yes Bank,Bank of Baroda,Android,5G,Jaipur,SUCCESS,N/A,N/A,936
UPI2025003685,2025-08-01,12:20:56,Google Pay,P2P,Peer Transfer,181.66,Punjab National Bank,IDBI Bank,iOS,WiFi,Hyderabad,SUCCESS,N/A,N/A,3329
UPI2025003686,2025-08-31,22:16:49,Google Pay,P2M,Grocery,391.01,Kotak Mahindra Bank,Canara Bank,Android,4G,Lucknow,SUCCESS,N/A,N/A,2307
UPI2025003687,2025-01-26,11:07:14,PhonePe,P2P,Peer Transfer,258.69,Union Bank of India,Yes Bank,Android,4G,Gurugram,SUCCESS,N/A,N/A,200
UPI2025003688,2025-08-28,21:28:02,Google Pay,P2P,Peer Transfer,17790.16,Punjab National Bank,HDFC Bank,Android,5G,Ahmedabad,FAILED,Technical Decline by Issuer,Yes,4839
UPI2025003689,2025-05-29,17:05:28,Paytm,P2P,Peer Transfer,100.53,SBI,Kotak Mahindra Bank,iOS,4G,Lucknow,SUCCESS,N/A,N/A,200
UPI2025003690,2025-03-01,17:14:38,Paytm,P2P,Peer Transfer,2494.66,Canara Bank,Kotak Mahindra Bank,Android,4G,Hyderabad,FAILED,Beneficiary Bank Server Down,Yes,3605
UPI2025003691,2025-01-15,03:31:27,Google Pay,P2P,Peer Transfer,469.78,IDBI Bank,Canara Bank,iOS,5G,Bhopal,SUCCESS,N/A,N/A,3159
UPI2025003692,2025-01-03,20:58:30,PhonePe,P2P,Peer Transfer,622.23,ICICI Bank,Union Bank of India,Android,5G,Bengaluru,SUCCESS,N/A,N/A,1578
UPI2025003693,2025-06-16,21:30:51,Google Pay,P2P,Peer Transfer,261.81,Kotak Mahindra Bank,Canara Bank,Android,5G,Amritsar,SUCCESS,N/A,N/A,1446
UPI2025003694,2025-04-01,11:55:07,Google Pay,P2M,Recharge/Bill Payment,464.79,SBI,Yes Bank,Android,4G,Amritsar,SUCCESS,N/A,N/A,448
UPI2025003695,2025-08-30,14:14:12,PhonePe,P2M,Grocery,198.17,Canara Bank,Punjab National Bank,iOS,5G,Bengaluru,FAILED,Invalid VPA / Beneficiary Not Found,Yes,1419
UPI2025003696,2025-08-15,19:51:18,Paytm,P2M,Education Fee,48.66,Yes Bank,Kotak Mahindra Bank,iOS,5G,Mumbai,FAILED,Invalid VPA / Beneficiary Not Found,Yes,5272
UPI2025003697,2025-06-07,19:03:34,Google Pay,P2P,Peer Transfer,3978.2,HDFC Bank,IDBI Bank,Android,4G,Lucknow,SUCCESS,N/A,N/A,1389
UPI2025003698,2025-09-13,04:04:54,PhonePe,P2M,Rent,443.68,Yes Bank,ICICI Bank,Android,5G,Chennai,FAILED,Technical Decline by Issuer,No,5974
UPI2025003699,2025-08-29,12:56:39,Google Pay,P2P,Peer Transfer,58.07,HDFC Bank,Kotak Mahindra Bank,Android,4G,Patiala,FAILED,Transaction Timeout,No,3466
UPI2025003700,2025-05-15,15:25:59,Amazon Pay,P2M,Grocery,701.86,Axis Bank,Kotak Mahindra Bank,Android,4G,Jaipur,SUCCESS,N/A,N/A,1602
UPI2025003701,2025-03-15,21:51:03,PhonePe,P2M,Medical/Pharmacy,34056.22,ICICI Bank,Bank of Baroda,Android,5G,Ludhiana,SUCCESS,N/A,N/A,1107
UPI2025003702,2025-04-15,02:28:35,BHIM,P2M,Utility Bill,486.21,Canara Bank,Axis Bank,iOS,5G,Bengaluru,SUCCESS,N/A,N/A,959
UPI2025003703,2025-07-28,20:40:56,Google Pay,P2M,Utility Bill,466.85,HDFC Bank,SBI,Android,4G,Bhopal,SUCCESS,N/A,N/A,497
UPI2025003704,2025-04-22,23:15:54,Paytm,P2M,Grocery,4615.51,IndusInd Bank,Axis Bank,Android,4G,Kolkata,SUCCESS,N/A,N/A,1312
UPI2025003705,2025-10-05,13:45:34,PhonePe,P2M,Travel,91.12,Yes Bank,Canara Bank,Android,WiFi,Pune,SUCCESS,N/A,N/A,1953
UPI2025003706,2025-08-31,19:18:18,PhonePe,P2M,Medical/Pharmacy,485.04,IndusInd Bank,SBI,Android,WiFi,Delhi,SUCCESS,N/A,N/A,1920
UPI2025003707,2025-01-06,08:41:33,PhonePe,P2P,Peer Transfer,3153.89,ICICI Bank,Canara Bank,Android,3G,Ludhiana,SUCCESS,N/A,N/A,2401
UPI2025003708,2025-10-26,05:58:40,Paytm,P2P,Peer Transfer,448.62,HDFC Bank,IndusInd Bank,iOS,WiFi,Kolkata,SUCCESS,N/A,N/A,783
UPI2025003709,2025-03-23,20:32:49,Google Pay,P2P,Peer Transfer,371.59,Punjab National Bank,ICICI Bank,Android,4G,Amritsar,SUCCESS,N/A,N/A,1885
UPI2025003710,2025-11-01,00:10:22,Google Pay,P2P,Peer Transfer,1464.39,ICICI Bank,SBI,Android,5G,Mumbai,SUCCESS,N/A,N/A,2502
UPI2025003711,2025-05-24,20:07:12,PhonePe,P2P,Peer Transfer,2805.42,Punjab National Bank,Canara Bank,Android,5G,Noida,SUCCESS,N/A,N/A,970
UPI2025003712,2025-10-28,12:46:23,Google Pay,P2M,Education Fee,463.81,IndusInd Bank,IDBI Bank,Android,4G,Ludhiana,SUCCESS,N/A,N/A,1155
UPI2025003713,2025-02-05,19:06:08,Google Pay,P2P,Peer Transfer,499.42,IDBI Bank,SBI,Android,4G,Hyderabad,SUCCESS,N/A,N/A,2077
UPI2025003714,2025-05-26,06:27:37,PhonePe,P2M,Recharge/Bill Payment,302.51,Axis Bank,Axis Bank,Android,5G,Chandigarh,SUCCESS,N/A,N/A,2219
UPI2025003715,2025-05-29,15:57:58,PhonePe,P2P,Peer Transfer,466.47,Canara Bank,Axis Bank,iOS,4G,Chandigarh,SUCCESS,N/A,N/A,1076
UPI2025003716,2025-03-11,19:38:03,PhonePe,P2P,Peer Transfer,182.17,SBI,Bank of Baroda,Android,4G,Mumbai,FAILED,Network Connectivity Issue,No,6933
UPI2025003717,2025-03-21,14:39:54,Google Pay,P2M,Education Fee,4513.86,HDFC Bank,ICICI Bank,iOS,4G,Pune,SUCCESS,N/A,N/A,1952
UPI2025003718,2025-06-01,15:55:12,PhonePe,P2P,Peer Transfer,246.13,Axis Bank,Kotak Mahindra Bank,Android,4G,Ahmedabad,SUCCESS,N/A,N/A,1101
UPI2025003719,2025-05-03,17:38:50,Google Pay,P2M,Medical/Pharmacy,389.82,Kotak Mahindra Bank,Union Bank of India,Android,5G,Kolkata,SUCCESS,N/A,N/A,723
UPI2025003720,2025-12-22,11:44:14,Paytm,P2P,Peer Transfer,362.27,HDFC Bank,Union Bank of India,Android,5G,Patiala,SUCCESS,N/A,N/A,1203
UPI2025003721,2025-04-04,22:48:02,Google Pay,P2P,Peer Transfer,42495.32,SBI,Punjab National Bank,iOS,4G,Pune,SUCCESS,N/A,N/A,3185
UPI2025003722,2025-07-23,16:15:06,Paytm,P2M,Medical/Pharmacy,378.5,Kotak Mahindra Bank,SBI,Android,5G,Chandigarh,SUCCESS,N/A,N/A,2193
UPI2025003723,2025-04-11,00:49:19,Google Pay,P2M,Travel,166.76,Union Bank of India,Kotak Mahindra Bank,Android,5G,Noida,SUCCESS,N/A,N/A,2642
UPI2025003724,2025-05-31,04:10:29,Google Pay,P2M,Travel,763.28,IDBI Bank,Union Bank of India,Android,5G,Lucknow,FAILED,Payer Account Frozen/Inactive,Yes,6689
UPI2025003725,2025-01-23,19:49:33,CRED,P2P,Peer Transfer,499.14,ICICI Bank,Axis Bank,iOS,5G,Ludhiana,FAILED,Network Connectivity Issue,No,6199
UPI2025003726,2025-03-07,11:31:03,Paytm,P2P,Peer Transfer,35.96,Canara Bank,Bank of Baroda,Android,4G,Bengaluru,FAILED,Beneficiary Bank Server Down,No,7776
UPI2025003727,2025-11-06,17:57:26,BHIM,P2P,Peer Transfer,375.44,Kotak Mahindra Bank,Canara Bank,iOS,4G,Mumbai,SUCCESS,N/A,N/A,2329
UPI2025003728,2025-07-31,21:24:00,Google Pay,P2M,Education Fee,2861.75,Kotak Mahindra Bank,Union Bank of India,Android,WiFi,Noida,SUCCESS,N/A,N/A,2326
UPI2025003729,2025-05-02,18:10:23,Google Pay,P2P,Peer Transfer,1803.92,Yes Bank,Punjab National Bank,Android,4G,Bhopal,SUCCESS,N/A,N/A,2775
UPI2025003730,2025-09-21,13:08:10,Paytm,P2M,Entertainment,213.64,HDFC Bank,Yes Bank,iOS,4G,Jalandhar,FAILED,Transaction Timeout,Yes,7145
UPI2025003731,2025-04-13,15:00:39,PhonePe,P2P,Peer Transfer,209.42,Bank of Baroda,IDBI Bank,iOS,3G,Bhopal,SUCCESS,N/A,N/A,539
UPI2025003732,2025-11-15,19:17:57,WhatsApp Pay,P2P,Peer Transfer,129.7,Axis Bank,Axis Bank,iOS,4G,Jaipur,SUCCESS,N/A,N/A,1363
UPI2025003733,2025-06-27,20:40:08,PhonePe,P2P,Peer Transfer,4781.97,ICICI Bank,HDFC Bank,Android,5G,Ludhiana,SUCCESS,N/A,N/A,811
UPI2025003734,2025-06-14,18:26:19,Google Pay,P2M,Entertainment,155.6,Yes Bank,IndusInd Bank,Android,4G,Ludhiana,SUCCESS,N/A,N/A,2034
UPI2025003735,2025-10-09,15:53:44,Google Pay,P2M,Utility Bill,3581.02,Union Bank of India,ICICI Bank,Android,5G,Pune,SUCCESS,N/A,N/A,1722
UPI2025003736,2025-02-19,13:56:55,PhonePe,P2P,Peer Transfer,486.73,Canara Bank,SBI,iOS,4G,Kolkata,SUCCESS,N/A,N/A,2781
UPI2025003737,2025-09-05,07:40:46,PhonePe,P2P,Peer Transfer,304.54,IDBI Bank,HDFC Bank,Android,3G,Noida,SUCCESS,N/A,N/A,2049
UPI2025003738,2025-05-31,23:17:30,PhonePe,P2P,Peer Transfer,435.28,Punjab National Bank,IDBI Bank,Android,4G,Bhopal,FAILED,Incorrect UPI PIN,No,3980
UPI2025003739,2025-05-17,17:39:30,PhonePe,P2P,Peer Transfer,109.43,ICICI Bank,SBI,iOS,WiFi,Chennai,SUCCESS,N/A,N/A,1370
UPI2025003740,2025-10-05,20:16:57,Google Pay,P2P,Peer Transfer,312.06,HDFC Bank,Bank of Baroda,Android,3G,Chandigarh,FAILED,Transaction Timeout,Yes,5873
UPI2025003741,2025-09-15,11:27:21,Paytm,P2M,Fuel,233.56,Bank of Baroda,Bank of Baroda,Android,4G,Patiala,SUCCESS,N/A,N/A,1707
UPI2025003742,2025-03-09,16:36:38,Google Pay,P2P,Peer Transfer,1416.75,Canara Bank,ICICI Bank,Android,5G,Hyderabad,FAILED,Daily Transaction Limit Exceeded,Yes,3461
UPI2025003743,2025-10-28,10:14:33,Google Pay,P2M,Utility Bill,135.05,IDBI Bank,Axis Bank,Android,4G,Pune,SUCCESS,N/A,N/A,2809
UPI2025003744,2025-11-09,09:34:42,Paytm,P2P,Peer Transfer,489.15,Union Bank of India,Kotak Mahindra Bank,Android,WiFi,Patiala,SUCCESS,N/A,N/A,416
UPI2025003745,2025-10-15,13:36:26,Amazon Pay,P2P,Peer Transfer,47.35,HDFC Bank,SBI,Android,5G,Bhopal,FAILED,Technical Decline by Issuer,Yes,4232
UPI2025003746,2025-09-11,21:45:19,BHIM,P2P,Peer Transfer,975.81,IndusInd Bank,ICICI Bank,Android,5G,Ludhiana,SUCCESS,N/A,N/A,1791
UPI2025003747,2025-01-13,05:04:09,BHIM,P2M,Utility Bill,458.96,Kotak Mahindra Bank,Punjab National Bank,iOS,5G,Patiala,FAILED,Transaction Timeout,Yes,200
UPI2025003748,2025-12-19,19:00:03,PhonePe,P2P,Peer Transfer,141.84,Kotak Mahindra Bank,Kotak Mahindra Bank,Android,WiFi,Ahmedabad,SUCCESS,N/A,N/A,1539
UPI2025003749,2025-05-01,21:15:02,Google Pay,P2M,Travel,386.16,Canara Bank,Union Bank of India,Android,5G,Noida,SUCCESS,N/A,N/A,200
UPI2025003750,2025-12-01,18:44:10,BHIM,P2P,Peer Transfer,2748.61,SBI,Yes Bank,iOS,4G,Bhopal,SUCCESS,N/A,N/A,1693
UPI2025003751,2025-12-29,20:43:59,BHIM,P2M,E-commerce,358.49,SBI,Canara Bank,Android,4G,Jaipur,SUCCESS,N/A,N/A,200
UPI2025003752,2025-10-28,20:36:56,Google Pay,P2P,Peer Transfer,3633.63,IDBI Bank,Canara Bank,Android,5G,Mumbai,SUCCESS,N/A,N/A,3420
UPI2025003753,2025-11-13,14:13:42,Amazon Pay,P2P,Peer Transfer,485.79,SBI,Yes Bank,Android,4G,Hyderabad,FAILED,Duplicate Transaction Blocked,No,4715
UPI2025003754,2025-12-19,18:15:19,BHIM,P2M,Travel,491.91,Yes Bank,Punjab National Bank,Android,WiFi,Lucknow,FAILED,Incorrect UPI PIN,Yes,3282
UPI2025003755,2025-07-13,20:43:54,Google Pay,P2P,Peer Transfer,37164.62,HDFC Bank,Kotak Mahindra Bank,Android,5G,Lucknow,FAILED,Network Connectivity Issue,No,3886
UPI2025003756,2025-08-02,15:31:21,PhonePe,P2P,Peer Transfer,170.09,Yes Bank,Union Bank of India,Android,WiFi,Amritsar,FAILED,Invalid VPA / Beneficiary Not Found,No,5669
UPI2025003757,2025-12-09,11:50:33,Paytm,P2P,Peer Transfer,44591.9,ICICI Bank,Axis Bank,iOS,4G,Hyderabad,SUCCESS,N/A,N/A,1961
UPI2025003758,2025-01-08,20:15:40,WhatsApp Pay,P2M,Entertainment,2833.33,ICICI Bank,IndusInd Bank,Android,4G,Ahmedabad,SUCCESS,N/A,N/A,3464
UPI2025003759,2025-10-29,18:09:37,Paytm,P2P,Peer Transfer,55.56,Bank of Baroda,Yes Bank,Android,WiFi,Noida,SUCCESS,N/A,N/A,3728
UPI2025003760,2025-10-12,11:45:03,Google Pay,P2P,Peer Transfer,825.29,Canara Bank,Canara Bank,Android,WiFi,Hyderabad,SUCCESS,N/A,N/A,3095
UPI2025003761,2025-07-06,08:55:50,Paytm,P2M,Fuel,66.7,Union Bank of India,Axis Bank,Android,WiFi,Patiala,SUCCESS,N/A,N/A,2911
UPI2025003762,2025-12-15,18:55:04,Google Pay,P2P,Peer Transfer,377.01,IndusInd Bank,IndusInd Bank,Android,3G,Gurugram,FAILED,Transaction Timeout,Yes,5355
UPI2025003763,2025-09-05,10:07:08,PhonePe,P2P,Peer Transfer,473.79,Kotak Mahindra Bank,Bank of Baroda,iOS,5G,Delhi,SUCCESS,N/A,N/A,2521
UPI2025003764,2025-12-03,18:18:33,PhonePe,P2M,Entertainment,317.18,SBI,Bank of Baroda,Android,5G,Lucknow,SUCCESS,N/A,N/A,1129
UPI2025003765,2025-11-18,15:16:14,Google Pay,P2P,Peer Transfer,106.05,Bank of Baroda,Kotak Mahindra Bank,Android,4G,Pune,SUCCESS,N/A,N/A,200
UPI2025003766,2025-12-23,10:03:45,BHIM,P2P,Peer Transfer,4686.49,IDBI Bank,SBI,Android,WiFi,Jalandhar,FAILED,Invalid VPA / Beneficiary Not Found,No,5363
UPI2025003767,2025-08-26,17:15:20,WhatsApp Pay,P2M,Fuel,254.22,Union Bank of India,IDBI Bank,iOS,5G,Noida,FAILED,Daily Transaction Limit Exceeded,No,8521
UPI2025003768,2025-03-02,14:04:40,Google Pay,P2P,Peer Transfer,1961.57,HDFC Bank,ICICI Bank,Android,4G,Gurugram,FAILED,Incorrect UPI PIN,No,3739
UPI2025003769,2025-08-04,14:13:49,PhonePe,P2P,Peer Transfer,29470.56,Canara Bank,SBI,Android,4G,Ludhiana,SUCCESS,N/A,N/A,987
UPI2025003770,2025-09-08,18:40:25,WhatsApp Pay,P2P,Peer Transfer,2245.19,Kotak Mahindra Bank,Yes Bank,Android,4G,Hyderabad,SUCCESS,N/A,N/A,1366
UPI2025003771,2025-12-06,18:12:08,PhonePe,P2P,Peer Transfer,3058.62,Canara Bank,ICICI Bank,Android,5G,Delhi,SUCCESS,N/A,N/A,1700
UPI2025003772,2025-07-10,04:32:39,CRED,P2P,Peer Transfer,87.24,IDBI Bank,Yes Bank,Android,5G,Noida,SUCCESS,N/A,N/A,1843
UPI2025003773,2025-03-05,17:41:12,Paytm,P2M,E-commerce,202.25,IndusInd Bank,Kotak Mahindra Bank,Android,WiFi,Gurugram,SUCCESS,N/A,N/A,2574
UPI2025003774,2025-04-18,10:55:43,BHIM,P2P,Peer Transfer,4291.37,Union Bank of India,Yes Bank,Android,4G,Chandigarh,SUCCESS,N/A,N/A,1207
UPI2025003775,2025-06-05,19:47:38,Google Pay,P2P,Peer Transfer,14408.21,Kotak Mahindra Bank,Bank of Baroda,Android,5G,Amritsar,SUCCESS,N/A,N/A,2471
UPI2025003776,2025-04-21,13:51:34,BHIM,P2P,Peer Transfer,2956.0,Canara Bank,HDFC Bank,Android,4G,Jalandhar,FAILED,Transaction Timeout,No,6301
UPI2025003777,2025-10-28,10:50:42,Google Pay,P2P,Peer Transfer,355.44,Punjab National Bank,Canara Bank,Android,4G,Patiala,SUCCESS,N/A,N/A,1135
UPI2025003778,2025-11-30,13:23:40,Google Pay,P2M,Grocery,78.07,HDFC Bank,SBI,Android,5G,Ahmedabad,SUCCESS,N/A,N/A,1313
UPI2025003779,2025-10-27,15:56:52,BHIM,P2P,Peer Transfer,473.76,Yes Bank,Canara Bank,Android,4G,Chandigarh,SUCCESS,N/A,N/A,2413
UPI2025003780,2025-03-30,14:41:03,Amazon Pay,P2P,Peer Transfer,3864.52,Kotak Mahindra Bank,Axis Bank,Android,4G,Jalandhar,SUCCESS,N/A,N/A,3942
UPI2025003781,2025-11-21,20:38:13,Google Pay,P2M,Utility Bill,86.0,Union Bank of India,Canara Bank,Android,WiFi,Noida,SUCCESS,N/A,N/A,2093
UPI2025003782,2025-11-24,18:49:11,Google Pay,P2M,Medical/Pharmacy,142.56,Union Bank of India,Yes Bank,Android,4G,Lucknow,FAILED,Incorrect UPI PIN,No,3473
UPI2025003783,2025-07-29,14:54:42,Google Pay,P2M,Rent,116.4,Bank of Baroda,Canara Bank,Android,WiFi,Ahmedabad,SUCCESS,N/A,N/A,1675
UPI2025003784,2025-08-25,10:50:51,Google Pay,P2P,Peer Transfer,3679.52,IDBI Bank,IndusInd Bank,Android,WiFi,Jaipur,FAILED,Incorrect UPI PIN,Yes,2828
UPI2025003785,2025-04-18,00:36:59,Paytm,P2P,Peer Transfer,270.01,ICICI Bank,Canara Bank,Android,WiFi,Chennai,SUCCESS,N/A,N/A,775
UPI2025003786,2025-03-30,17:26:33,PhonePe,P2P,Peer Transfer,437.01,Yes Bank,Canara Bank,Android,WiFi,Chandigarh,SUCCESS,N/A,N/A,1211
UPI2025003787,2025-09-09,20:50:01,WhatsApp Pay,P2P,Peer Transfer,294.02,HDFC Bank,Yes Bank,Android,3G,Noida,SUCCESS,N/A,N/A,2616
UPI2025003788,2025-02-10,10:53:47,PhonePe,P2M,Travel,127.0,Kotak Mahindra Bank,HDFC Bank,Android,5G,Ludhiana,SUCCESS,N/A,N/A,1058
UPI2025003789,2025-10-07,11:45:17,Google Pay,P2P,Peer Transfer,360.78,SBI,HDFC Bank,Android,5G,Kolkata,SUCCESS,N/A,N/A,1941
UPI2025003790,2025-09-27,11:23:26,BHIM,P2M,E-commerce,489.27,Kotak Mahindra Bank,Bank of Baroda,Android,5G,Noida,SUCCESS,N/A,N/A,1035
UPI2025003791,2025-04-27,06:03:21,Google Pay,P2M,Rent,146.97,Union Bank of India,Bank of Baroda,Android,4G,Ahmedabad,SUCCESS,N/A,N/A,2362
UPI2025003792,2025-06-15,18:11:07,Google Pay,P2P,Peer Transfer,10761.11,Canara Bank,Yes Bank,Android,4G,Jaipur,SUCCESS,N/A,N/A,1827
UPI2025003793,2025-05-10,09:53:57,PhonePe,P2P,Peer Transfer,388.69,SBI,Bank of Baroda,iOS,4G,Bhopal,SUCCESS,N/A,N/A,544
UPI2025003794,2025-07-10,17:04:40,Amazon Pay,P2M,Grocery,347.85,Kotak Mahindra Bank,ICICI Bank,iOS,WiFi,Jaipur,FAILED,NPCI Server Error,Yes,4701
UPI2025003795,2025-11-30,19:27:25,Google Pay,P2P,Peer Transfer,1729.41,IndusInd Bank,SBI,iOS,5G,Kolkata,SUCCESS,N/A,N/A,2690
UPI2025003796,2025-04-15,07:29:42,BHIM,P2P,Peer Transfer,4410.5,Yes Bank,Yes Bank,Android,5G,Bengaluru,SUCCESS,N/A,N/A,1296
UPI2025003797,2025-04-21,13:02:36,WhatsApp Pay,P2P,Peer Transfer,19.88,Kotak Mahindra Bank,Yes Bank,Android,5G,Mumbai,SUCCESS,N/A,N/A,1726
UPI2025003798,2025-02-28,16:59:32,Google Pay,P2M,Education Fee,1972.3,Union Bank of India,Yes Bank,Android,5G,Chennai,SUCCESS,N/A,N/A,2688
UPI2025003799,2025-07-29,14:32:09,Google Pay,P2P,Peer Transfer,15648.96,Axis Bank,Canara Bank,Android,5G,Jaipur,SUCCESS,N/A,N/A,3158
UPI2025003800,2025-06-17,23:28:16,Amazon Pay,P2P,Peer Transfer,2716.99,ICICI Bank,IDBI Bank,iOS,WiFi,Chennai,FAILED,Bank Server Down,Yes,5368
UPI2025003801,2025-05-10,16:22:01,Google Pay,P2P,Peer Transfer,32.94,Axis Bank,Axis Bank,iOS,5G,Mumbai,FAILED,Bank Server Down,Yes,2892
UPI2025003802,2025-10-12,14:04:17,Google Pay,P2P,Peer Transfer,3484.76,ICICI Bank,Union Bank of India,Android,WiFi,Ahmedabad,SUCCESS,N/A,N/A,2327
UPI2025003803,2025-09-07,19:50:51,BHIM,P2P,Peer Transfer,480.99,Yes Bank,Axis Bank,Android,4G,Hyderabad,SUCCESS,N/A,N/A,1398
UPI2025003804,2025-03-07,17:50:13,Paytm,P2P,Peer Transfer,1939.0,Bank of Baroda,IndusInd Bank,Android,3G,Mumbai,SUCCESS,N/A,N/A,1726
UPI2025003805,2025-02-15,20:53:39,Google Pay,P2M,Rent,373.49,HDFC Bank,Union Bank of India,Android,WiFi,Ludhiana,FAILED,Technical Decline by Issuer,No,2088
UPI2025003806,2025-04-29,13:19:18,PhonePe,P2M,Education Fee,169.98,SBI,Bank of Baroda,Android,4G,Pune,SUCCESS,N/A,N/A,762
UPI2025003807,2025-12-19,08:35:36,Amazon Pay,P2M,Peer Transfer,83.05,IDBI Bank,Yes Bank,iOS,4G,Bhopal,SUCCESS,N/A,N/A,1516
UPI2025003808,2025-01-09,16:54:27,WhatsApp Pay,P2P,Peer Transfer,2235.46,SBI,Yes Bank,iOS,4G,Ahmedabad,SUCCESS,N/A,N/A,2008
UPI2025003809,2025-02-01,13:40:27,Amazon Pay,P2P,Peer Transfer,294.02,Kotak Mahindra Bank,HDFC Bank,Android,5G,Hyderabad,FAILED,Insufficient Balance,No,5784
UPI2025003810,2025-07-02,05:01:21,Paytm,P2M,Fuel,1801.72,IDBI Bank,Bank of Baroda,iOS,4G,Noida,SUCCESS,N/A,N/A,1116
UPI2025003811,2025-09-23,16:44:20,Paytm,P2M,Grocery,28222.78,ICICI Bank,Punjab National Bank,Android,4G,Lucknow,FAILED,Network Connectivity Issue,No,905
UPI2025003812,2025-02-05,13:37:35,PhonePe,P2M,Peer Transfer,374.6,ICICI Bank,ICICI Bank,Android,WiFi,Patiala,SUCCESS,N/A,N/A,3372
UPI2025003813,2025-02-09,16:37:53,PhonePe,P2P,Peer Transfer,457.31,Union Bank of India,Axis Bank,Android,5G,Delhi,FAILED,Insufficient Balance,No,6151
UPI2025003814,2025-06-06,10:16:59,Paytm,P2P,Peer Transfer,2420.79,ICICI Bank,ICICI Bank,Android,5G,Noida,FAILED,Bank Server Down,Yes,5986
UPI2025003815,2025-09-21,08:32:11,Google Pay,P2P,Peer Transfer,213.71,Yes Bank,IDBI Bank,Android,4G,Hyderabad,SUCCESS,N/A,N/A,3532
UPI2025003816,2025-11-02,09:15:33,Paytm,P2P,Peer Transfer,401.65,HDFC Bank,HDFC Bank,iOS,5G,Hyderabad,SUCCESS,N/A,N/A,1522
UPI2025003817,2025-09-19,22:55:06,Google Pay,P2M,E-commerce,395.28,Union Bank of India,Bank of Baroda,Android,WiFi,Noida,SUCCESS,N/A,N/A,2464
UPI2025003818,2025-07-15,18:39:31,Google Pay,P2M,Medical/Pharmacy,51.26,Canara Bank,Bank of Baroda,Android,3G,Pune,FAILED,Incorrect UPI PIN,No,3210
UPI2025003819,2025-02-07,18:36:22,Paytm,P2M,Medical/Pharmacy,2748.03,Canara Bank,IndusInd Bank,iOS,4G,Ludhiana,SUCCESS,N/A,N/A,1239
UPI2025003820,2025-12-11,09:01:00,PhonePe,P2P,Peer Transfer,319.53,Punjab National Bank,IDBI Bank,Android,5G,Ahmedabad,SUCCESS,N/A,N/A,3212
UPI2025003821,2025-03-08,16:18:02,PhonePe,P2P,Peer Transfer,474.15,Yes Bank,Union Bank of India,Android,4G,Lucknow,SUCCESS,N/A,N/A,801
UPI2025003822,2025-10-18,09:12:55,Paytm,P2M,Recharge/Bill Payment,1090.51,Canara Bank,SBI,Android,4G,Gurugram,SUCCESS,N/A,N/A,896
UPI2025003823,2025-10-09,09:01:33,Google Pay,P2P,Peer Transfer,2562.86,Bank of Baroda,Union Bank of India,Android,4G,Jalandhar,SUCCESS,N/A,N/A,3514
UPI2025003824,2025-09-16,06:26:29,PhonePe,P2P,Peer Transfer,287.8,SBI,HDFC Bank,Android,4G,Chennai,SUCCESS,N/A,N/A,1794
UPI2025003825,2025-10-29,09:19:49,Google Pay,P2P,Peer Transfer,36312.28,Punjab National Bank,Canara Bank,Android,4G,Bhopal,SUCCESS,N/A,N/A,1856
UPI2025003826,2025-09-20,13:47:31,Google Pay,P2M,Entertainment,307.24,Canara Bank,IndusInd Bank,Android,4G,Kolkata,SUCCESS,N/A,N/A,2271
UPI2025003827,2025-03-13,15:37:35,Paytm,P2M,Utility Bill,149.5,HDFC Bank,ICICI Bank,Android,4G,Jaipur,SUCCESS,N/A,N/A,1337
UPI2025003828,2025-05-09,13:47:23,BHIM,P2M,Travel,40.92,Yes Bank,Canara Bank,Android,4G,Bengaluru,FAILED,Bank Server Down,Yes,6299
UPI2025003829,2025-12-31,08:00:34,WhatsApp Pay,P2M,Travel,389.41,Yes Bank,Axis Bank,iOS,5G,Chandigarh,SUCCESS,N/A,N/A,3578
UPI2025003830,2025-09-24,18:07:13,PhonePe,P2M,Travel,329.48,Canara Bank,HDFC Bank,Android,5G,Jalandhar,SUCCESS,N/A,N/A,1732
UPI2025003831,2025-04-13,12:02:24,Paytm,P2P,Peer Transfer,251.92,Union Bank of India,Axis Bank,Android,4G,Jaipur,FAILED,Transaction Timeout,No,5784
UPI2025003832,2025-05-27,01:44:11,PhonePe,P2P,Peer Transfer,1356.08,Bank of Baroda,IDBI Bank,Android,WiFi,Pune,SUCCESS,N/A,N/A,641
UPI2025003833,2025-03-16,16:23:24,PhonePe,P2M,Recharge/Bill Payment,32610.17,Yes Bank,Yes Bank,Android,4G,Jaipur,SUCCESS,N/A,N/A,2778
UPI2025003834,2025-01-29,08:20:10,PhonePe,P2M,Grocery,1725.14,Union Bank of India,IndusInd Bank,Android,WiFi,Gurugram,SUCCESS,N/A,N/A,2404
UPI2025003835,2025-07-21,21:48:01,PhonePe,P2P,Peer Transfer,233.59,HDFC Bank,SBI,Android,5G,Jalandhar,SUCCESS,N/A,N/A,929
UPI2025003836,2025-01-10,10:26:32,Google Pay,P2M,Utility Bill,436.63,Yes Bank,Bank of Baroda,Android,4G,Hyderabad,FAILED,Network Connectivity Issue,Yes,3893
UPI2025003837,2025-02-13,19:11:27,BHIM,P2P,Peer Transfer,46041.36,IDBI Bank,IDBI Bank,Android,4G,Bhopal,SUCCESS,N/A,N/A,368
UPI2025003838,2025-03-28,18:04:45,PhonePe,P2P,Peer Transfer,104.93,Yes Bank,Union Bank of India,Android,5G,Ahmedabad,SUCCESS,N/A,N/A,1784
UPI2025003839,2025-01-19,18:30:36,WhatsApp Pay,P2P,Peer Transfer,3236.64,Bank of Baroda,Kotak Mahindra Bank,Android,4G,Bhopal,FAILED,Invalid VPA / Beneficiary Not Found,Yes,6863
UPI2025003840,2025-11-11,14:47:30,Google Pay,P2P,Peer Transfer,40869.47,ICICI Bank,IndusInd Bank,iOS,WiFi,Bengaluru,FAILED,Duplicate Transaction Blocked,Yes,3510
UPI2025003841,2025-09-26,13:24:00,Google Pay,P2P,Peer Transfer,39.42,ICICI Bank,Yes Bank,Android,5G,Bengaluru,SUCCESS,N/A,N/A,1436
UPI2025003842,2025-10-19,01:11:45,Google Pay,P2M,Education Fee,393.67,ICICI Bank,Canara Bank,Android,4G,Mumbai,SUCCESS,N/A,N/A,2419
UPI2025003843,2025-08-26,19:01:26,Google Pay,P2P,Peer Transfer,118.14,Punjab National Bank,HDFC Bank,Android,5G,Jaipur,FAILED,NPCI Server Error,Yes,3642
UPI2025003844,2025-08-12,12:06:59,Google Pay,P2M,Recharge/Bill Payment,40319.07,HDFC Bank,Canara Bank,Android,4G,Jaipur,SUCCESS,N/A,N/A,2761
UPI2025003845,2025-03-07,08:34:41,Google Pay,P2P,Peer Transfer,4380.54,Axis Bank,Yes Bank,Android,4G,Bhopal,SUCCESS,N/A,N/A,960
UPI2025003846,2025-02-05,19:19:00,Google Pay,P2M,Food Delivery,29098.33,Punjab National Bank,Kotak Mahindra Bank,iOS,4G,Jaipur,FAILED,Beneficiary Bank Server Down,Yes,8217
UPI2025003847,2025-07-10,08:40:47,Google Pay,P2M,Education Fee,1973.05,SBI,IDBI Bank,Android,5G,Jalandhar,SUCCESS,N/A,N/A,1343
UPI2025003848,2025-12-11,20:14:15,WhatsApp Pay,P2P,Peer Transfer,4067.89,Bank of Baroda,SBI,Android,4G,Chandigarh,SUCCESS,N/A,N/A,2550
UPI2025003849,2025-01-27,03:53:53,PhonePe,P2P,Peer Transfer,306.73,Kotak Mahindra Bank,HDFC Bank,Android,WiFi,Mumbai,SUCCESS,N/A,N/A,1397
UPI2025003850,2025-05-12,07:14:42,Google Pay,P2P,Peer Transfer,418.51,IndusInd Bank,Kotak Mahindra Bank,Android,WiFi,Chandigarh,SUCCESS,N/A,N/A,2896
UPI2025003851,2025-01-01,14:05:40,BHIM,P2M,Travel,8162.94,Bank of Baroda,IndusInd Bank,Android,4G,Delhi,SUCCESS,N/A,N/A,2062
UPI2025003852,2025-05-30,10:33:23,PhonePe,P2M,Peer Transfer,28501.72,Axis Bank,Axis Bank,Android,5G,Ludhiana,FAILED,Transaction Timeout,Yes,9997
UPI2025003853,2025-02-24,17:31:23,Google Pay,P2P,Peer Transfer,41.72,IDBI Bank,Punjab National Bank,Android,4G,Jaipur,SUCCESS,N/A,N/A,200
UPI2025003854,2025-11-19,18:14:36,Google Pay,P2M,Medical/Pharmacy,31706.43,Yes Bank,Bank of Baroda,Android,5G,Ahmedabad,SUCCESS,N/A,N/A,1424
UPI2025003855,2025-10-16,11:10:03,Google Pay,P2M,Grocery,395.57,HDFC Bank,Yes Bank,Android,4G,Bengaluru,SUCCESS,N/A,N/A,2047
UPI2025003856,2025-05-16,07:33:35,WhatsApp Pay,P2M,Peer Transfer,1520.81,SBI,Kotak Mahindra Bank,Android,5G,Lucknow,FAILED,Duplicate Transaction Blocked,Yes,4134
UPI2025003857,2025-10-16,15:10:24,BHIM,P2M,Grocery,1652.59,Canara Bank,Canara Bank,Android,4G,Jaipur,SUCCESS,N/A,N/A,2389
UPI2025003858,2025-09-15,08:40:58,PhonePe,P2M,Utility Bill,264.02,Punjab National Bank,Axis Bank,Android,4G,Bhopal,SUCCESS,N/A,N/A,2308
UPI2025003859,2025-09-06,14:10:00,Google Pay,P2M,Education Fee,357.28,SBI,Punjab National Bank,iOS,4G,Ludhiana,SUCCESS,N/A,N/A,1364
UPI2025003860,2025-05-29,18:21:14,Google Pay,P2P,Peer Transfer,680.58,Kotak Mahindra Bank,Punjab National Bank,Android,4G,Noida,FAILED,Technical Decline by Issuer,No,6109
UPI2025003861,2025-12-31,11:13:04,BHIM,P2P,Peer Transfer,1469.35,Bank of Baroda,IndusInd Bank,Android,5G,Delhi,FAILED,Transaction Timeout,No,2202
UPI2025003862,2025-06-15,18:22:19,PhonePe,P2M,Fuel,146.68,Bank of Baroda,Kotak Mahindra Bank,Android,4G,Chandigarh,SUCCESS,N/A,N/A,1062
UPI2025003863,2025-03-20,13:05:02,WhatsApp Pay,P2M,Recharge/Bill Payment,10785.57,IndusInd Bank,SBI,Android,4G,Gurugram,FAILED,Invalid VPA / Beneficiary Not Found,No,4535
UPI2025003864,2025-06-21,04:53:12,PhonePe,P2P,Peer Transfer,197.29,Canara Bank,Punjab National Bank,Android,4G,Amritsar,FAILED,Insufficient Balance,Yes,9450
UPI2025003865,2025-12-22,09:42:05,Google Pay,P2P,Peer Transfer,3916.04,IDBI Bank,HDFC Bank,Android,4G,Ludhiana,SUCCESS,N/A,N/A,2369
UPI2025003866,2025-05-15,11:04:31,PhonePe,P2P,Peer Transfer,385.07,Yes Bank,SBI,Android,3G,Delhi,SUCCESS,N/A,N/A,738
UPI2025003867,2025-08-02,10:10:35,Google Pay,P2P,Peer Transfer,29802.41,Axis Bank,IndusInd Bank,Android,5G,Jaipur,SUCCESS,N/A,N/A,1167
UPI2025003868,2025-12-18,07:48:58,WhatsApp Pay,P2M,Travel,437.94,Union Bank of India,ICICI Bank,Android,3G,Patiala,SUCCESS,N/A,N/A,1715
UPI2025003869,2025-02-23,19:50:53,WhatsApp Pay,P2P,Peer Transfer,473.92,Punjab National Bank,Kotak Mahindra Bank,Android,WiFi,Noida,SUCCESS,N/A,N/A,2406
UPI2025003870,2025-06-30,15:22:24,Google Pay,P2P,Peer Transfer,4355.12,SBI,Union Bank of India,Android,5G,Mumbai,SUCCESS,N/A,N/A,433
UPI2025003871,2025-12-10,21:15:50,CRED,P2M,Medical/Pharmacy,217.32,IndusInd Bank,IndusInd Bank,Android,4G,Amritsar,SUCCESS,N/A,N/A,2141
UPI2025003872,2025-02-16,00:33:22,Paytm,P2P,Peer Transfer,468.55,HDFC Bank,Punjab National Bank,Android,4G,Kolkata,FAILED,Incorrect UPI PIN,No,3434
UPI2025003873,2025-09-19,20:34:48,PhonePe,P2P,Peer Transfer,64.67,IndusInd Bank,HDFC Bank,iOS,WiFi,Gurugram,FAILED,Bank Server Down,Yes,7870
UPI2025003874,2025-03-21,19:49:56,Google Pay,P2P,Peer Transfer,4353.33,Bank of Baroda,Axis Bank,Android,4G,Ludhiana,SUCCESS,N/A,N/A,200
UPI2025003875,2025-07-30,10:03:14,PhonePe,P2P,Peer Transfer,287.31,Union Bank of India,Punjab National Bank,Android,5G,Chennai,SUCCESS,N/A,N/A,613
UPI2025003876,2025-08-19,08:44:55,Google Pay,P2M,Medical/Pharmacy,460.96,Yes Bank,HDFC Bank,Android,5G,Bengaluru,SUCCESS,N/A,N/A,2340
UPI2025003877,2025-01-14,16:31:18,CRED,P2M,Fuel,602.63,Punjab National Bank,Bank of Baroda,Android,4G,Bengaluru,SUCCESS,N/A,N/A,1736
UPI2025003878,2025-04-07,14:51:27,PhonePe,P2P,Peer Transfer,2375.78,Union Bank of India,Yes Bank,Android,5G,Kolkata,SUCCESS,N/A,N/A,1339
UPI2025003879,2025-05-25,13:27:38,Google Pay,P2P,Peer Transfer,2070.97,Canara Bank,IndusInd Bank,Android,5G,Pune,FAILED,Beneficiary Bank Server Down,Yes,1101
UPI2025003880,2025-04-13,21:31:48,Google Pay,P2M,Peer Transfer,460.16,Yes Bank,Yes Bank,Android,4G,Patiala,SUCCESS,N/A,N/A,200
UPI2025003881,2025-05-05,17:06:59,WhatsApp Pay,P2P,Peer Transfer,119.61,HDFC Bank,Yes Bank,Android,WiFi,Jaipur,SUCCESS,N/A,N/A,681
UPI2025003882,2025-11-29,10:36:49,PhonePe,P2P,Peer Transfer,399.03,Kotak Mahindra Bank,IDBI Bank,Android,5G,Delhi,SUCCESS,N/A,N/A,2275
UPI2025003883,2025-11-11,18:05:37,Google Pay,P2M,Recharge/Bill Payment,208.94,SBI,ICICI Bank,iOS,4G,Pune,SUCCESS,N/A,N/A,1859
UPI2025003884,2025-10-11,17:29:15,PhonePe,P2M,Education Fee,262.32,HDFC Bank,Axis Bank,iOS,4G,Mumbai,FAILED,NPCI Server Error,Yes,6069
UPI2025003885,2025-02-16,19:47:35,Google Pay,P2P,Peer Transfer,2337.74,HDFC Bank,HDFC Bank,iOS,5G,Amritsar,FAILED,Incorrect UPI PIN,Yes,7567
UPI2025003886,2025-07-06,20:48:14,Paytm,P2P,Peer Transfer,155.3,Punjab National Bank,HDFC Bank,iOS,WiFi,Patiala,SUCCESS,N/A,N/A,3177
UPI2025003887,2025-06-25,20:12:04,Paytm,P2P,Peer Transfer,1704.82,Kotak Mahindra Bank,Union Bank of India,Android,4G,Pune,SUCCESS,N/A,N/A,2409
UPI2025003888,2025-10-10,02:34:55,Paytm,P2P,Peer Transfer,27896.97,IndusInd Bank,Punjab National Bank,Android,4G,Bhopal,SUCCESS,N/A,N/A,827
UPI2025003889,2025-07-04,14:56:06,PhonePe,P2P,Peer Transfer,4859.39,Kotak Mahindra Bank,SBI,iOS,WiFi,Hyderabad,SUCCESS,N/A,N/A,3091
UPI2025003890,2025-07-17,17:02:48,WhatsApp Pay,P2P,Peer Transfer,82.09,ICICI Bank,Punjab National Bank,Android,5G,Bhopal,SUCCESS,N/A,N/A,3114
UPI2025003891,2025-03-08,13:29:13,Google Pay,P2M,Education Fee,266.56,Kotak Mahindra Bank,SBI,Android,WiFi,Patiala,SUCCESS,N/A,N/A,2243
UPI2025003892,2025-01-31,10:12:44,Google Pay,P2P,Peer Transfer,246.53,HDFC Bank,Axis Bank,Android,4G,Jalandhar,SUCCESS,N/A,N/A,1526
UPI2025003893,2025-01-03,11:00:41,Google Pay,P2M,E-commerce,734.13,Yes Bank,Union Bank of India,Android,4G,Mumbai,SUCCESS,N/A,N/A,3393
UPI2025003894,2025-07-10,13:37:11,Paytm,P2M,Travel,108.29,Axis Bank,Union Bank of India,Android,4G,Pune,SUCCESS,N/A,N/A,3088
UPI2025003895,2025-07-04,17:56:44,Google Pay,P2M,Food Delivery,430.39,Canara Bank,IDBI Bank,Android,4G,Jalandhar,SUCCESS,N/A,N/A,2887
UPI2025003896,2025-03-14,12:32:34,Google Pay,P2P,Peer Transfer,394.65,ICICI Bank,HDFC Bank,Android,4G,Pune,SUCCESS,N/A,N/A,1103
UPI2025003897,2025-05-01,06:46:30,Paytm,P2P,Peer Transfer,37523.33,Canara Bank,Kotak Mahindra Bank,Android,4G,Ludhiana,SUCCESS,N/A,N/A,1483
UPI2025003898,2025-06-10,20:43:16,PhonePe,P2P,Peer Transfer,305.42,HDFC Bank,SBI,Android,5G,Patiala,SUCCESS,N/A,N/A,1736
UPI2025003899,2025-01-29,09:32:42,Google Pay,P2P,Peer Transfer,2686.92,IndusInd Bank,Yes Bank,Android,4G,Pune,SUCCESS,N/A,N/A,812
UPI2025003900,2025-01-23,18:57:09,WhatsApp Pay,P2M,Education Fee,1629.53,ICICI Bank,Canara Bank,Android,4G,Lucknow,SUCCESS,N/A,N/A,2257
UPI2025003901,2025-05-03,10:49:26,PhonePe,P2P,Peer Transfer,497.27,IDBI Bank,ICICI Bank,iOS,4G,Chennai,FAILED,Incorrect UPI PIN,Yes,5658
UPI2025003902,2025-02-08,19:05:21,PhonePe,P2P,Peer Transfer,2735.49,Yes Bank,ICICI Bank,Android,5G,Noida,SUCCESS,N/A,N/A,1562
UPI2025003903,2025-01-26,17:17:24,PhonePe,P2M,Food Delivery,74.9,HDFC Bank,Punjab National Bank,iOS,5G,Ludhiana,SUCCESS,N/A,N/A,1793
UPI2025003904,2025-06-19,07:56:55,Google Pay,P2M,Recharge/Bill Payment,130.58,Union Bank of India,Axis Bank,Android,4G,Gurugram,SUCCESS,N/A,N/A,2462
UPI2025003905,2025-03-14,09:28:34,Paytm,P2M,Entertainment,217.6,Union Bank of India,Kotak Mahindra Bank,iOS,WiFi,Chandigarh,SUCCESS,N/A,N/A,1301
UPI2025003906,2025-06-28,22:01:45,PhonePe,P2M,Utility Bill,601.8,Axis Bank,IndusInd Bank,Android,4G,Pune,SUCCESS,N/A,N/A,1960
UPI2025003907,2025-08-09,19:03:27,PhonePe,P2P,Peer Transfer,45788.68,Canara Bank,Punjab National Bank,Android,5G,Pune,SUCCESS,N/A,N/A,1076
UPI2025003908,2025-06-11,12:45:15,Paytm,P2M,Medical/Pharmacy,3028.79,Canara Bank,IDBI Bank,Android,4G,Gurugram,SUCCESS,N/A,N/A,4277
UPI2025003909,2025-03-27,12:28:30,Paytm,P2M,Rent,207.9,Union Bank of India,Bank of Baroda,Android,WiFi,Gurugram,SUCCESS,N/A,N/A,3087
UPI2025003910,2025-01-29,15:43:59,BHIM,P2P,Peer Transfer,309.1,IDBI Bank,Axis Bank,Android,WiFi,Amritsar,FAILED,Transaction Timeout,No,4902
UPI2025003911,2025-01-15,11:17:17,PhonePe,P2M,Travel,187.36,ICICI Bank,Bank of Baroda,Android,4G,Bengaluru,SUCCESS,N/A,N/A,1829
UPI2025003912,2025-11-12,14:39:21,Paytm,P2P,Peer Transfer,3242.34,IndusInd Bank,Union Bank of India,Android,4G,Bengaluru,SUCCESS,N/A,N/A,1649
UPI2025003913,2025-04-01,13:26:13,Paytm,P2P,Peer Transfer,253.74,IndusInd Bank,Punjab National Bank,iOS,5G,Ludhiana,SUCCESS,N/A,N/A,770
UPI2025003914,2025-07-10,10:40:10,PhonePe,P2P,Peer Transfer,231.56,Union Bank of India,SBI,Android,4G,Bengaluru,FAILED,Bank Server Down,No,3142
UPI2025003915,2025-08-27,19:29:58,CRED,P2M,E-commerce,2819.18,Canara Bank,IDBI Bank,Android,4G,Mumbai,SUCCESS,N/A,N/A,3608
UPI2025003916,2025-08-30,11:10:43,PhonePe,P2P,Peer Transfer,51.97,Bank of Baroda,IndusInd Bank,Android,4G,Jaipur,SUCCESS,N/A,N/A,1705
UPI2025003917,2025-05-22,12:30:19,PhonePe,P2P,Peer Transfer,483.21,Axis Bank,Yes Bank,Android,4G,Noida,SUCCESS,N/A,N/A,3207
UPI2025003918,2025-10-21,00:21:25,Google Pay,P2P,Peer Transfer,1157.7,Bank of Baroda,Bank of Baroda,Android,5G,Ahmedabad,FAILED,Transaction Timeout,Yes,2839
UPI2025003919,2025-01-12,18:59:24,BHIM,P2M,Utility Bill,2753.0,Kotak Mahindra Bank,Yes Bank,Android,3G,Chennai,SUCCESS,N/A,N/A,947
UPI2025003920,2025-01-09,19:10:18,Google Pay,P2M,Rent,153.94,Bank of Baroda,Kotak Mahindra Bank,Android,5G,Ahmedabad,FAILED,Invalid VPA / Beneficiary Not Found,No,3991
UPI2025003921,2025-11-14,12:39:28,PhonePe,P2P,Peer Transfer,4478.47,Bank of Baroda,Bank of Baroda,Android,4G,Jalandhar,SUCCESS,N/A,N/A,1481
UPI2025003922,2025-03-12,13:23:12,Google Pay,P2P,Peer Transfer,47711.89,Union Bank of India,Union Bank of India,Android,5G,Patiala,SUCCESS,N/A,N/A,1725
UPI2025003923,2025-05-27,18:34:45,Paytm,P2P,Peer Transfer,3580.68,IDBI Bank,Yes Bank,Android,4G,Bhopal,FAILED,Insufficient Balance,No,3906
UPI2025003924,2025-03-16,13:14:19,PhonePe,P2P,Peer Transfer,485.93,Punjab National Bank,Bank of Baroda,Android,4G,Pune,SUCCESS,N/A,N/A,902
UPI2025003925,2025-08-26,05:10:10,Paytm,P2M,Peer Transfer,173.75,IndusInd Bank,Axis Bank,Android,4G,Jalandhar,SUCCESS,N/A,N/A,2202
UPI2025003926,2025-01-28,17:05:50,Google Pay,P2P,Peer Transfer,1844.15,IDBI Bank,Bank of Baroda,Android,5G,Ludhiana,SUCCESS,N/A,N/A,1434
UPI2025003927,2025-07-04,09:25:24,Paytm,P2P,Peer Transfer,313.95,Union Bank of India,Canara Bank,Android,4G,Jalandhar,SUCCESS,N/A,N/A,2565
UPI2025003928,2025-05-16,13:33:12,PhonePe,P2M,Food Delivery,77.91,HDFC Bank,Yes Bank,iOS,4G,Bengaluru,SUCCESS,N/A,N/A,2341
UPI2025003929,2025-07-08,13:24:31,PhonePe,P2M,E-commerce,369.82,IndusInd Bank,Yes Bank,Android,5G,Chandigarh,SUCCESS,N/A,N/A,1702
UPI2025003930,2025-08-22,12:13:29,Google Pay,P2P,Peer Transfer,315.67,Kotak Mahindra Bank,Canara Bank,Android,5G,Bengaluru,SUCCESS,N/A,N/A,2728
UPI2025003931,2025-01-12,19:19:21,Google Pay,P2P,Peer Transfer,301.05,SBI,ICICI Bank,Android,5G,Ahmedabad,FAILED,Technical Decline by Issuer,Yes,2698
UPI2025003932,2025-05-27,19:28:25,PhonePe,P2M,Travel,208.37,HDFC Bank,Axis Bank,Android,WiFi,Gurugram,SUCCESS,N/A,N/A,1512
UPI2025003933,2025-07-16,16:37:25,PhonePe,P2M,Education Fee,244.3,SBI,Union Bank of India,Android,5G,Mumbai,SUCCESS,N/A,N/A,200
UPI2025003934,2025-04-26,07:44:15,PhonePe,P2M,Peer Transfer,19952.14,SBI,IDBI Bank,Android,4G,Ahmedabad,SUCCESS,N/A,N/A,1888
UPI2025003935,2025-04-12,13:11:29,Google Pay,P2P,Peer Transfer,424.11,ICICI Bank,Bank of Baroda,Android,4G,Bhopal,SUCCESS,N/A,N/A,2635
UPI2025003936,2025-01-24,16:16:29,BHIM,P2P,Peer Transfer,490.6,ICICI Bank,Union Bank of India,iOS,5G,Mumbai,SUCCESS,N/A,N/A,678
UPI2025003937,2025-04-06,16:59:16,PhonePe,P2P,Peer Transfer,39059.0,SBI,Axis Bank,Android,5G,Ludhiana,SUCCESS,N/A,N/A,1547
UPI2025003938,2025-06-10,14:38:38,Paytm,P2M,Utility Bill,270.22,Yes Bank,SBI,Android,5G,Chennai,FAILED,Invalid VPA / Beneficiary Not Found,Yes,7497
UPI2025003939,2025-02-11,09:41:43,Paytm,P2P,Peer Transfer,2823.42,IndusInd Bank,Yes Bank,Android,WiFi,Chennai,SUCCESS,N/A,N/A,1601
UPI2025003940,2025-12-28,23:30:44,Paytm,P2M,Food Delivery,404.26,Yes Bank,Kotak Mahindra Bank,Android,5G,Noida,FAILED,Bank Server Down,Yes,2685
UPI2025003941,2025-10-11,13:48:54,PhonePe,P2M,E-commerce,1442.61,HDFC Bank,Kotak Mahindra Bank,Android,4G,Bhopal,FAILED,Insufficient Balance,Yes,2887
UPI2025003942,2025-10-17,19:08:19,Paytm,P2P,Peer Transfer,492.52,IndusInd Bank,Union Bank of India,Android,4G,Jaipur,SUCCESS,N/A,N/A,2482
UPI2025003943,2025-11-17,11:31:28,Google Pay,P2P,Peer Transfer,241.22,Bank of Baroda,Axis Bank,Android,WiFi,Pune,SUCCESS,N/A,N/A,1322
UPI2025003944,2025-08-07,17:18:06,Google Pay,P2P,Peer Transfer,137.61,Yes Bank,Canara Bank,Android,5G,Delhi,SUCCESS,N/A,N/A,1751
UPI2025003945,2025-09-30,09:33:39,Google Pay,P2P,Peer Transfer,33981.77,Punjab National Bank,Union Bank of India,Android,4G,Amritsar,SUCCESS,N/A,N/A,937
UPI2025003946,2025-05-19,10:24:20,Google Pay,P2P,Peer Transfer,207.62,Yes Bank,Bank of Baroda,Android,4G,Delhi,FAILED,Insufficient Balance,Yes,3349
UPI2025003947,2025-03-26,09:50:57,Google Pay,P2M,Food Delivery,153.17,Punjab National Bank,SBI,iOS,5G,Kolkata,SUCCESS,N/A,N/A,2546
UPI2025003948,2025-04-14,17:09:29,PhonePe,P2M,Recharge/Bill Payment,422.89,Kotak Mahindra Bank,HDFC Bank,Android,WiFi,Jalandhar,SUCCESS,N/A,N/A,1939
UPI2025003949,2025-03-29,10:21:27,WhatsApp Pay,P2M,Grocery,240.13,IndusInd Bank,Punjab National Bank,Android,4G,Kolkata,SUCCESS,N/A,N/A,955
UPI2025003950,2025-05-27,06:55:52,Paytm,P2M,Rent,81.01,ICICI Bank,IndusInd Bank,Android,4G,Patiala,SUCCESS,N/A,N/A,2121
UPI2025003951,2025-01-06,09:34:19,Google Pay,P2M,Utility Bill,422.89,Yes Bank,Canara Bank,Android,4G,Chandigarh,FAILED,Transaction Timeout,Yes,5113
UPI2025003952,2025-09-30,20:23:18,PhonePe,P2M,Grocery,759.16,HDFC Bank,ICICI Bank,Android,WiFi,Hyderabad,SUCCESS,N/A,N/A,1933
UPI2025003953,2025-06-09,13:11:27,Google Pay,P2P,Peer Transfer,1099.48,Yes Bank,SBI,Android,WiFi,Gurugram,SUCCESS,N/A,N/A,2182
UPI2025003954,2025-10-01,23:57:38,Google Pay,P2P,Peer Transfer,35.96,Punjab National Bank,Yes Bank,Android,4G,Hyderabad,SUCCESS,N/A,N/A,1510
UPI2025003955,2025-05-14,16:52:27,Google Pay,P2M,Rent,363.26,Union Bank of India,Yes Bank,Android,5G,Gurugram,FAILED,Invalid VPA / Beneficiary Not Found,No,6287
UPI2025003956,2025-07-16,11:45:29,Paytm,P2M,Fuel,267.35,HDFC Bank,Axis Bank,Android,5G,Hyderabad,SUCCESS,N/A,N/A,3258
UPI2025003957,2025-07-15,20:20:01,PhonePe,P2M,Grocery,1302.32,Union Bank of India,ICICI Bank,Android,5G,Kolkata,SUCCESS,N/A,N/A,3018
UPI2025003958,2025-06-12,17:04:08,Google Pay,P2M,Utility Bill,230.93,IndusInd Bank,SBI,Android,4G,Lucknow,SUCCESS,N/A,N/A,1714
UPI2025003959,2025-06-26,09:28:09,PhonePe,P2P,Peer Transfer,78.01,SBI,Axis Bank,Android,4G,Pune,SUCCESS,N/A,N/A,488
UPI2025003960,2025-08-20,18:17:57,BHIM,P2P,Peer Transfer,463.29,ICICI Bank,Union Bank of India,Android,5G,Delhi,SUCCESS,N/A,N/A,1654
UPI2025003961,2025-03-06,18:46:48,Google Pay,P2M,Grocery,313.28,IndusInd Bank,Bank of Baroda,iOS,5G,Pune,FAILED,NPCI Server Error,No,4696
UPI2025003962,2025-08-14,03:02:15,Paytm,P2M,E-commerce,495.28,Yes Bank,IDBI Bank,iOS,5G,Amritsar,SUCCESS,N/A,N/A,2725
UPI2025003963,2025-02-25,02:21:43,PhonePe,P2M,Rent,173.9,IDBI Bank,Bank of Baroda,iOS,WiFi,Gurugram,SUCCESS,N/A,N/A,1291
UPI2025003964,2025-07-13,12:50:22,Paytm,P2M,E-commerce,1509.36,Canara Bank,Union Bank of India,Android,5G,Ahmedabad,FAILED,Insufficient Balance,No,5758
UPI2025003965,2025-01-31,22:32:32,PhonePe,P2P,Peer Transfer,30.01,Canara Bank,Union Bank of India,iOS,WiFi,Gurugram,SUCCESS,N/A,N/A,200
UPI2025003966,2025-01-06,17:36:21,PhonePe,P2P,Peer Transfer,442.28,IDBI Bank,Union Bank of India,Android,4G,Mumbai,SUCCESS,N/A,N/A,3001
UPI2025003967,2025-08-07,13:23:40,Paytm,P2P,Peer Transfer,220.19,Yes Bank,Union Bank of India,Android,5G,Ludhiana,SUCCESS,N/A,N/A,1828
UPI2025003968,2025-10-20,11:55:26,Google Pay,P2M,Utility Bill,333.27,Bank of Baroda,Yes Bank,Android,WiFi,Amritsar,SUCCESS,N/A,N/A,2778
UPI2025003969,2025-12-31,15:40:32,PhonePe,P2M,Grocery,16.67,Union Bank of India,Canara Bank,Android,5G,Delhi,SUCCESS,N/A,N/A,2714
UPI2025003970,2025-01-14,14:56:42,Amazon Pay,P2P,Peer Transfer,383.2,SBI,Punjab National Bank,iOS,WiFi,Chennai,SUCCESS,N/A,N/A,479
UPI2025003971,2025-03-22,16:40:25,BHIM,P2P,Peer Transfer,461.88,Union Bank of India,Punjab National Bank,Android,5G,Delhi,FAILED,Transaction Timeout,Yes,5486
UPI2025003972,2025-12-15,18:00:43,PhonePe,P2M,Food Delivery,96.21,Yes Bank,HDFC Bank,iOS,5G,Ludhiana,FAILED,Insufficient Balance,No,6411
UPI2025003973,2025-10-22,12:58:11,PhonePe,P2M,Peer Transfer,408.95,Yes Bank,HDFC Bank,Android,4G,Chandigarh,SUCCESS,N/A,N/A,1557
UPI2025003974,2025-02-02,22:49:25,PhonePe,P2P,Peer Transfer,43726.79,Kotak Mahindra Bank,Punjab National Bank,iOS,5G,Pune,SUCCESS,N/A,N/A,2027
UPI2025003975,2025-06-22,12:23:08,CRED,P2P,Peer Transfer,394.47,IDBI Bank,SBI,Android,5G,Jalandhar,FAILED,Insufficient Balance,No,9350
UPI2025003976,2025-02-01,16:33:14,Google Pay,P2M,Grocery,347.94,Bank of Baroda,ICICI Bank,Android,WiFi,Ahmedabad,FAILED,Invalid VPA / Beneficiary Not Found,No,4341
UPI2025003977,2025-10-04,17:13:02,PhonePe,P2P,Peer Transfer,471.68,SBI,Punjab National Bank,iOS,4G,Jaipur,SUCCESS,N/A,N/A,1371
UPI2025003978,2025-03-24,08:19:24,BHIM,P2P,Peer Transfer,33.76,Punjab National Bank,Punjab National Bank,Android,4G,Jaipur,FAILED,Beneficiary Bank Server Down,No,4304
UPI2025003979,2025-07-10,20:33:34,Amazon Pay,P2P,Peer Transfer,320.58,ICICI Bank,HDFC Bank,Android,4G,Chennai,FAILED,Transaction Timeout,Yes,2491
UPI2025003980,2025-04-10,13:51:53,PhonePe,P2P,Peer Transfer,3384.34,SBI,IDBI Bank,Android,4G,Lucknow,SUCCESS,N/A,N/A,1431
UPI2025003981,2025-04-16,13:55:43,PhonePe,P2M,Entertainment,410.35,Bank of Baroda,Union Bank of India,Android,4G,Ludhiana,SUCCESS,N/A,N/A,1173
UPI2025003982,2025-11-09,18:25:40,PhonePe,P2M,Rent,4947.3,IDBI Bank,Bank of Baroda,iOS,WiFi,Mumbai,SUCCESS,N/A,N/A,953
UPI2025003983,2025-01-09,19:48:39,Paytm,P2P,Peer Transfer,36303.03,IndusInd Bank,Yes Bank,iOS,5G,Ahmedabad,SUCCESS,N/A,N/A,786
UPI2025003984,2025-11-28,12:10:13,Paytm,P2P,Peer Transfer,428.82,Union Bank of India,SBI,iOS,4G,Jalandhar,FAILED,Transaction Timeout,Yes,2014
UPI2025003985,2025-01-11,18:54:02,Google Pay,P2M,Entertainment,463.94,ICICI Bank,Kotak Mahindra Bank,Android,4G,Lucknow,FAILED,Invalid VPA / Beneficiary Not Found,No,4661
UPI2025003986,2025-11-09,11:45:05,WhatsApp Pay,P2P,Peer Transfer,16309.35,Axis Bank,Union Bank of India,Android,5G,Chandigarh,SUCCESS,N/A,N/A,3906
UPI2025003987,2025-09-04,09:12:53,BHIM,P2P,Peer Transfer,2172.22,Union Bank of India,ICICI Bank,Android,4G,Jaipur,SUCCESS,N/A,N/A,907
UPI2025003988,2025-09-24,10:01:34,Paytm,P2M,Education Fee,4124.87,SBI,IDBI Bank,iOS,WiFi,Ludhiana,SUCCESS,N/A,N/A,1008
UPI2025003989,2025-09-26,14:27:56,Paytm,P2M,Education Fee,457.39,HDFC Bank,ICICI Bank,Android,4G,Pune,FAILED,Suspected Fraud - Blocked by Bank,No,4324
UPI2025003990,2025-10-30,13:30:08,Google Pay,P2P,Peer Transfer,351.92,ICICI Bank,Canara Bank,Android,4G,Gurugram,SUCCESS,N/A,N/A,3671
UPI2025003991,2025-11-27,17:29:26,Amazon Pay,P2P,Peer Transfer,233.1,Axis Bank,Bank of Baroda,Android,WiFi,Noida,FAILED,Daily Transaction Limit Exceeded,Yes,200
UPI2025003992,2025-01-05,13:00:59,PhonePe,P2M,Fuel,388.53,Kotak Mahindra Bank,Union Bank of India,Android,5G,Ahmedabad,FAILED,Beneficiary Bank Server Down,Yes,1613
UPI2025003993,2025-12-06,16:19:27,PhonePe,P2M,Fuel,103.88,Bank of Baroda,Axis Bank,iOS,4G,Kolkata,SUCCESS,N/A,N/A,722
UPI2025003994,2025-12-26,12:37:53,PhonePe,P2M,E-commerce,414.52,IDBI Bank,Canara Bank,Android,5G,Mumbai,SUCCESS,N/A,N/A,3305
UPI2025003995,2025-12-16,12:14:46,Google Pay,P2P,Peer Transfer,10589.15,Yes Bank,Yes Bank,Android,WiFi,Bengaluru,SUCCESS,N/A,N/A,2946
UPI2025003996,2025-10-09,01:39:22,Paytm,P2P,Peer Transfer,1502.41,SBI,Yes Bank,Android,4G,Bengaluru,SUCCESS,N/A,N/A,944
UPI2025003997,2025-05-28,18:40:47,Google Pay,P2M,Entertainment,3148.73,Axis Bank,SBI,iOS,4G,Patiala,FAILED,Insufficient Balance,No,6211
UPI2025003998,2025-09-07,16:45:22,Paytm,P2P,Peer Transfer,116.52,Yes Bank,Axis Bank,Android,WiFi,Mumbai,SUCCESS,N/A,N/A,1372
UPI2025003999,2025-12-25,18:43:52,PhonePe,P2P,Peer Transfer,259.06,SBI,Kotak Mahindra Bank,Android,5G,Kolkata,SUCCESS,N/A,N/A,2376
UPI2025004000,2025-10-11,12:03:42,BHIM,P2M,Peer Transfer,4999.55,Axis Bank,SBI,Android,4G,Mumbai,SUCCESS,N/A,N/A,3319
